SKU,HGT1,WID1,DPTH1,product_volume,pick_count,total_quantity_picked,movement_frequency,movement_category,cluster,storage_priority_score,storage_priority,main_storage_location,location_pick_count,recommended_zone,relocation_recommended,space_percentage
128047,12,6,17,1224,474,11548,474,Medium Movement,0,0.6173962264150943,Medium Priority,383323,276,ZONE_B,True,0.013180443065331709
129119,34,11,18,6732,1011,3919,1011,High Movement,0,0.8321698113207547,High Priority,382022,652,ZONE_A,True,0.0724924368593244
129110,30,12,18,6480,2298,7019,2298,High Movement,1,0.930754716981132,High Priority,382823,1514,ZONE_A,True,0.0697788162282267
129124,30,12,17,6120,3441,10565,3441,High Movement,3,0.9577735849056604,High Priority,383222,2183,ZONE_A,True,0.06590221532665853
51360,11,8,8,704,14,180,14,Low Movement,0,0.1833018867924528,Low Priority,1532D3,14,ZONE_C,False,0.007580908429733271
51371,11,8,8,704,3,36,3,Low Movement,0,0.1459245283018868,Low Priority,1520D3,3,ZONE_C,False,0.007580908429733271
51373,11,8,8,704,10,104,10,Low Movement,0,0.1708867924528301,Low Priority,1532D4,10,ZONE_C,False,0.007580908429733271
21-3845,27,10,10,2700,272,3868,272,Medium Movement,0,0.578,Medium Priority,223123,272,ZONE_B,True,0.029074506761761123
21-4687,24,3,11,792,459,12765,459,Medium Movement,0,0.5526037735849056,Medium Priority,473123,261,ZONE_B,True,0.00852852198344993
21-0059,18,3,12,648,139,2139,139,Low Movement,0,0.3508679245283018,Low Priority,N21233,139,ZONE_C,False,0.00697788162282267
2172314644,4,9,16,576,1847,50707,1847,High Movement,1,0.7369622641509435,Medium Priority,483523,942,ZONE_B,True,0.00620256144250904
2172314685,4,8,16,512,1633,42274,1633,High Movement,1,0.7149056603773585,Medium Priority,483522,859,ZONE_B,True,0.0055133879488969235
2173116410,15,6,5,450,1483,33053,1483,High Movement,1,0.6941320754716981,Medium Priority,2114C2,792,ZONE_B,True,0.004845751126960187
2173116428,9,13,5,585,892,13973,892,High Movement,0,0.6433396226415093,Medium Priority,2114C3,485,ZONE_B,True,0.006299476465048243
2173116576,24,6,6,864,1987,39628,1987,High Movement,1,0.7887924528301886,Medium Priority,221722,1987,ZONE_B,True,0.00930384216376356
2173116592,25,6,6,900,1334,40626,1334,High Movement,1,0.7486226415094338,Medium Priority,221723,1331,ZONE_B,True,0.009691502253920374
2173116500,24,6,6,864,4083,121498,4083,High Movement,3,0.8400377358490566,High Priority,221622,4076,ZONE_A,True,0.00930384216376356
2174227323,17,9,2,306,691,20032,691,High Movement,0,0.5538867924528301,Medium Priority,473822,469,ZONE_B,True,0.003295110766332927
2174227661,9,10,4,360,893,24210,893,High Movement,0,0.6089245283018867,Medium Priority,473023,533,ZONE_B,True,0.00387660090156815
2175119180,19,6,6,684,994,18621,994,High Movement,0,0.6705471698113207,Medium Priority,223222,992,ZONE_B,True,0.007365541712979484
2175119388,19,6,6,684,2069,32713,2069,High Movement,1,0.7647169811320754,Medium Priority,222022,2068,ZONE_B,True,0.007365541712979484
2176487412,21,8,8,1344,1181,28989,1181,High Movement,1,0.7823962264150943,Medium Priority,481723,646,ZONE_B,True,0.014472643365854427
2544321616,10,6,9,540,425,8892,425,Medium Movement,0,0.4991698113207546,Medium Priority,2128A4,244,ZONE_B,True,0.005814901352352225
2544321624,10,6,9,540,444,8017,444,Medium Movement,0,0.5074905660377358,Medium Priority,2110C4,287,ZONE_B,True,0.005814901352352225
2544325618,10,6,9,540,387,12167,387,Medium Movement,0,0.4822641509433962,Medium Priority,463422,195,ZONE_B,True,0.005814901352352225
2544325634,10,6,9,540,425,8194,425,Medium Movement,0,0.4991698113207546,Medium Priority,2128A2,263,ZONE_B,True,0.005814901352352225
2544825617,19,6,6,684,179,2877,179,Medium Movement,0,0.3906792452830189,Low Priority,462923,98,ZONE_C,False,0.007365541712979484
2572370211,13,8,8,832,717,14869,717,High Movement,0,0.6399433962264149,Medium Priority,2142C4,422,ZONE_B,True,0.008959255416957503
2572370253,19,5,8,760,373,5507,373,Medium Movement,0,0.5082830188679245,Medium Priority,2110C6,206,ZONE_B,True,0.008183935236643873
2572370260,13,8,8,832,772,12142,772,High Movement,0,0.6527547169811321,Medium Priority,2142A3,434,ZONE_B,True,0.008959255416957503
2573524487,27,13,13,4563,1553,30292,1553,High Movement,1,0.882943396226415,High Priority,223622,1535,ZONE_A,True,0.0491359164273763
2952391318,9,16,9,1296,312,3118,312,Medium Movement,0,0.5530754716981132,Medium Priority,N32632,312,ZONE_B,True,0.01395576324564534
2953485251,21,9,2,378,2023,10743,2023,High Movement,1,0.717188679245283,Medium Priority,N42G22,2021,ZONE_B,True,0.004070430946646557
2953091940,7,11,2,154,1468,29417,1468,High Movement,1,0.6530377358490566,Medium Priority,N31922,1468,ZONE_B,True,0.001658323719004153
2954491249,21,6,6,756,387,4838,387,Medium Movement,0,0.5137358490566037,Medium Priority,N32923,387,ZONE_B,True,0.008140861893293114
2954776210,11,2,20,440,1607,42577,1607,High Movement,1,0.7022452830188679,Medium Priority,N25322,1604,ZONE_B,True,0.004738067768583294
2954776222,22,12,2,528,718,19412,718,High Movement,0,0.5924150943396227,Medium Priority,N32233,718,ZONE_B,True,0.005685681322299953
2954788157,14,5,5,350,669,13391,669,High Movement,0,0.5546415094339623,Medium Priority,N25722,669,ZONE_B,True,0.0037689175431912564
2954788198,24,3,28,2016,1535,33178,1535,High Movement,1,0.845188679245283,High Priority,N25522,1534,ZONE_A,True,0.02170896504878164
2954793230,31,19,4,2356,4073,164858,4073,High Movement,3,0.9326037735849056,High Priority,N27122,3941,ZONE_A,True,0.025370199233596003
2954793248,2,23,9,414,914,17673,914,High Movement,0,0.6176226415094339,Medium Priority,N25922,913,ZONE_B,True,0.004458091036803372
2954793256,2,10,25,500,792,15550,792,High Movement,0,0.6066603773584904,Medium Priority,N25723,791,ZONE_B,True,0.005384167918844652
2954793304,15,16,12,2880,2650,175793,2650,High Movement,1,0.9157735849056604,High Priority,N32733,2648,ZONE_A,True,0.0310128072125452
2954793487,2,23,9,414,815,16722,815,High Movement,0,0.5982075471698112,Medium Priority,N26122,814,ZONE_B,True,0.004458091036803372
3575421127,33,5,4,660,1454,106829,1454,High Movement,1,0.7230566037735848,Medium Priority,183123,1454,ZONE_B,True,0.007107101652874941
3575423123,34,4,4,544,4316,273178,4316,High Movement,3,0.7954150943396225,Medium Priority,182322,4310,ZONE_B,True,0.0058579746957029815
3575423214,33,5,5,825,1809,65850,1809,High Movement,1,0.7700377358490565,Medium Priority,182723,1808,ZONE_B,True,0.008883877066093676
3575423313,34,6,6,1224,671,11337,671,High Movement,0,0.6825094339622642,Medium Priority,182324,671,ZONE_B,True,0.013180443065331709
3575423412,48,5,5,1200,351,12224,351,Medium Movement,0,0.5608490566037735,Medium Priority,182123,350,ZONE_B,True,0.012922003005227167
3575524517,34,6,6,1224,17,591,17,Low Movement,0,0.2630377358490566,Low Priority,182323,17,ZONE_C,False,0.013180443065331709
3575625140,33,6,6,1188,748,24353,748,High Movement,0,0.6950377358490566,Medium Priority,182523,748,ZONE_B,True,0.012792782975174893
3575721120,40,6,6,1440,77,1552,77,Low Movement,0,0.3856792452830189,Low Priority,183333,77,ZONE_C,False,0.0155064036062726
3575821136,17,3,11,561,67,2460,67,Low Movement,0,0.2634339622641509,Low Priority,181922,67,ZONE_C,False,0.0060410364049437
3575926125,6,9,9,486,109,4063,109,Low Movement,0,0.2987735849056603,Low Priority,181523,109,ZONE_C,False,0.005233411217117002
3575026123,8,7,7,392,132,4323,132,Low Movement,0,0.303754716981132,Low Priority,181522,132,ZONE_C,False,0.004221187648374208
3576526123,24,6,12,1728,28,40,28,Low Movement,0,0.3194905660377358,Low Priority,1833A5,28,ZONE_C,False,0.01860768432752712
3576526157,15,16,36,8640,42,109,42,Low Movement,0,0.4065471698113208,Medium Priority,1833A4,42,ZONE_B,True,0.0930384216376356
3576526297,125,120,125,1875000,166,586,166,Medium Movement,2,0.5485094339622641,Medium Priority,1833A2,162,ZONE_B,True,20.190629695667447
3576526313,125,120,125,1875000,94,159,94,Low Movement,2,0.4814150943396226,Medium Priority,1833A6,94,ZONE_B,True,20.190629695667447
3576526362,120,100,120,1440000,11,13,11,Low Movement,2,0.3409811320754716,Low Priority,1833A3,11,ZONE_C,False,15.506403606272597
3576721137,21,8,8,1344,616,13420,616,Medium Movement,0,0.6759433962264151,Medium Priority,181722,616,ZONE_B,True,0.014472643365854427
3576721145,30,7,8,1680,463,10392,463,Medium Movement,0,0.6410188679245283,Medium Priority,181322,463,ZONE_B,True,0.018090804207318033
3576721153,21,8,8,1344,625,14072,625,High Movement,0,0.6787169811320755,Medium Priority,183522,625,ZONE_B,True,0.014472643365854427
3576721160,22,8,7,1232,746,18707,746,High Movement,0,0.700622641509434,Medium Priority,183122,746,ZONE_B,True,0.013266589752033224
3576721178,30,6,8,1440,553,12465,553,Medium Movement,0,0.6621132075471698,Medium Priority,181923,552,ZONE_B,True,0.0155064036062726
3682129241,2,18,9,324,882,66138,882,High Movement,0,0.6004528301886792,Medium Priority,N44823,881,ZONE_B,True,0.003488940811411335
3682167316,12,8,7,672,34,335,34,Low Movement,0,0.2258679245283018,Low Priority,N368C3,33,ZONE_C,False,0.0072363216829272135
3682187216,1,16,10,160,1883,23182,1883,High Movement,1,0.6810566037735848,Medium Priority,N44023,1888,ZONE_B,True,0.0017229337340302889
3682187249,3,21,10,630,742,58147,742,High Movement,0,0.6152641509433961,Medium Priority,N44022,741,ZONE_B,True,0.006784051577744262
3682476254,13,1,14,182,658,37926,658,High Movement,0,0.5296037735849056,Medium Priority,N44822,659,ZONE_B,True,0.0019598371224594535
3682476353,1,10,15,150,169,5074,169,Medium Movement,0,0.3065849056603773,Low Priority,N369C3,169,ZONE_C,False,0.001615250375653396
3782414121,4,13,11,572,1732,47490,1732,High Movement,1,0.7286981132075471,Medium Priority,N22323,1728,ZONE_B,True,0.006159488099158282
3782414147,2,11,19,418,909,24235,909,High Movement,0,0.6175660377358491,Medium Priority,N22523,909,ZONE_B,True,0.00450116438015413
3782414162,2,10,8,160,1784,91833,1784,High Movement,1,0.6745849056603774,Medium Priority,N22122,1784,ZONE_B,True,0.0017229337340302889
3782414196,12,2,9,216,1549,40205,1549,High Movement,1,0.665320754716981,Medium Priority,N22522,1549,ZONE_B,True,0.00232596054094089
3782414212,2,9,7,126,1626,72718,1626,High Movement,1,0.6637358490566037,Medium Priority,N34723,1624,ZONE_B,True,0.0013568103155488524
4141722469,1,1,1,1,98,1446,98,Low Movement,0,0.2113018867924528,Low Priority,N339A2,98,ZONE_C,False,1.0768335837689304e-05
4141722477,27,4,12,1296,18,110,18,Low Movement,0,0.2714905660377358,Low Priority,N341C2,18,ZONE_C,False,0.01395576324564534
4141722485,27,4,12,1296,68,1207,68,Low Movement,0,0.365,Low Priority,N334A4,68,ZONE_C,False,0.01395576324564534
4141722493,22,4,4,352,5,18,5,Low Movement,0,0.102188679245283,Low Priority,N332C2,5,ZONE_C,False,0.0037904542148666353
4141722401,22,4,4,352,93,1320,93,Low Movement,0,0.2606792452830188,Low Priority,N335A3,93,ZONE_C,False,0.0037904542148666353
4141722519,19,4,3,228,731,9574,731,High Movement,0,0.5499245283018868,Medium Priority,N333C2,729,ZONE_B,True,0.002455180570993161
4141722535,22,4,9,792,766,9204,766,High Movement,0,0.6453207547169811,Medium Priority,N34532,766,ZONE_B,True,0.00852852198344993
4141722592,27,3,3,243,421,7000,421,Medium Movement,0,0.4515849056603773,Medium Priority,N34432,421,ZONE_B,True,0.002616705608558501
4141722626,2,4,22,176,1116,19620,1116,High Movement,1,0.6159622641509434,Medium Priority,N34322,1117,ZONE_B,True,0.0018952271074333176
4141722733,19,4,3,228,468,6335,468,Medium Movement,0,0.4701509433962264,Medium Priority,N330C4,468,ZONE_B,True,0.002455180570993161
4141722840,27,3,3,243,444,6017,444,Medium Movement,0,0.4609622641509433,Medium Priority,N335C5,441,ZONE_B,True,0.002616705608558501
4141722858,26,7,2,364,655,9095,655,High Movement,0,0.5537547169811321,Medium Priority,N339C2,655,ZONE_B,True,0.003919674244918907
4141722865,24,5,2,240,642,8847,642,High Movement,0,0.5298679245283019,Medium Priority,N335C4,642,ZONE_B,True,0.0025844006010454328
4141722873,24,5,2,240,462,6915,462,Medium Movement,0,0.4684528301886792,Medium Priority,N339C3,462,ZONE_B,True,0.0025844006010454328
9918517167,20,12,40,9600,17,63,17,Low Movement,0,0.3490188679245283,Low Priority,N32D33,10,ZONE_C,False,0.10337602404181734
9918517201,17,14,14,3332,758,3767,758,High Movement,0,0.7616792452830188,Medium Priority,N32A23,758,ZONE_B,True,0.035880095011180765
9918517720,13,11,11,1573,2083,18152,2083,High Movement,1,0.8652264150943395,High Priority,N27622,2083,ZONE_A,True,0.016938592272685276
9918517738,17,14,14,3332,1659,12831,1659,High Movement,1,0.8769811320754717,High Priority,N27523,1651,ZONE_A,True,0.035880095011180765
9918517754,13,11,11,1573,1765,14074,1765,High Movement,1,0.8467358490566037,High Priority,N27822,1761,ZONE_A,True,0.016938592272685276
9918517761,17,14,14,3332,2290,25795,2290,High Movement,1,0.909867924528302,High Priority,N27722,2260,ZONE_A,True,0.035880095011180765
9918517774,13,11,11,1573,612,4539,612,Medium Movement,0,0.6881132075471698,Medium Priority,N32A22,611,ZONE_B,True,0.016938592272685276
9918521425,12,11,11,1452,339,3217,339,Medium Movement,0,0.5751509433962263,Medium Priority,N32C33,336,ZONE_B,True,0.01563562363632487
9918521433,12,11,11,1452,194,1918,194,Medium Movement,0,0.4960377358490565,Medium Priority,N33C32,194,ZONE_B,True,0.01563562363632487
9918522153,17,14,14,3332,252,2907,252,Medium Movement,0,0.5743962264150944,Medium Priority,N32D23,251,ZONE_B,True,0.035880095011180765
16-26016,20,6,6,720,301,3396,301,Medium Movement,0,0.4694339622641509,Medium Priority,N33222,299,ZONE_B,True,0.0077532018031363
16-394342,2,14,4,112,336,4856,336,Medium Movement,0,0.404377358490566,Medium Priority,N33223,336,ZONE_B,True,0.001206053613821202
16-394373,3,17,13,663,394,5966,394,Medium Movement,0,0.5035849056603774,Medium Priority,N320C3,394,ZONE_B,True,0.007139406660388009
16-441237,22,7,11,1694,63,560,63,Low Movement,0,0.3776037735849056,Low Priority,N41222,63,ZONE_C,False,0.018241560909045683
16-459332,21,6,6,756,245,3169,245,Medium Movement,0,0.4447924528301886,Medium Priority,N320C4,245,ZONE_B,True,0.008140861893293114
16-405806,1,1,1,1,166,2182,166,Medium Movement,0,0.2752264150943396,Low Priority,N32833,165,ZONE_C,False,1.0768335837689304e-05
21-111937,15,10,1,150,212,5062,212,Medium Movement,0,0.3409245283018868,Low Priority,N21322,213,ZONE_C,False,0.001615250375653396
21-113616,19,6,6,684,3865,107675,3865,High Movement,3,0.8096226415094339,High Priority,221623,3856,ZONE_A,True,0.007365541712979484
21-114427,17,6,5,510,820,8569,820,High Movement,0,0.6143018867924528,Medium Priority,N222C5,533,ZONE_B,True,0.005491851277221545
21-114420,19,13,2,494,503,8043,503,Medium Movement,0,0.5269433962264152,Medium Priority,482123,278,ZONE_B,True,0.0053195579038185165
21-121212,19,10,9,1710,867,12987,867,High Movement,0,0.754188679245283,Medium Priority,471722,485,ZONE_B,True,0.01841385428244871
21-213653,24,6,6,864,493,7490,493,Medium Movement,0,0.5785283018867924,Medium Priority,222522,492,ZONE_B,True,0.00930384216376356
21-213656,24,6,6,864,246,3223,246,Medium Movement,0,0.4628301886792452,Medium Priority,222622,246,ZONE_B,True,0.00930384216376356
21-22217,16,1,11,176,191,3047,191,Medium Movement,0,0.3276415094339622,Low Priority,N21323,191,ZONE_C,False,0.0018952271074333176
21-241672,25,6,6,900,4250,69252,4250,High Movement,3,0.8495283018867924,High Priority,223922,4241,ZONE_A,True,0.009691502253920374
21-241736,27,7,6,1134,3062,62109,3062,High Movement,1,0.8553584905660376,High Priority,221022,3052,ZONE_A,True,0.01221129283993967
21-241730,9,9,9,729,147,2655,147,Low Movement,0,0.369566037735849,Low Priority,471522,134,ZONE_C,False,0.007850116825675503
21-241741,25,6,6,900,4178,89396,4178,High Movement,3,0.8484716981132074,High Priority,221922,4178,ZONE_A,True,0.009691502253920374
21-244941,25,6,6,900,4336,80521,4336,High Movement,3,0.8505849056603773,High Priority,221923,4327,ZONE_A,True,0.009691502253920374
21-244947,25,6,6,900,2301,38114,2301,High Movement,1,0.8103018867924527,High Priority,222222,2301,ZONE_A,True,0.009691502253920374
21-25999,30,8,7,1680,796,15735,796,High Movement,0,0.7384905660377359,Medium Priority,481422,451,ZONE_B,True,0.018090804207318033
21-25905,31,9,7,1953,1061,22387,1061,High Movement,1,0.7923584905660377,Medium Priority,481423,588,ZONE_B,True,0.021030559891007213
21-262433,26,6,6,936,275,5717,275,Medium Movement,0,0.495,Medium Priority,222922,275,ZONE_B,True,0.010079162344077188
21-263978,25,6,6,900,222,4411,222,Medium Movement,0,0.455811320754717,Medium Priority,222923,222,ZONE_B,True,0.009691502253920374
21-264430,17,13,2,442,39,310,39,Low Movement,0,0.2012264150943396,Low Priority,483322,39,ZONE_C,False,0.004759604440258673
21-266440,8,25,6,1200,2257,49386,2257,High Movement,1,0.8458679245283018,High Priority,473322,1147,ZONE_A,True,0.012922003005227167
21-28459,21,8,8,1344,946,18752,946,High Movement,0,0.7497735849056604,Medium Priority,481822,501,ZONE_B,True,0.014472643365854427
21-28450,21,9,8,1512,892,18425,892,High Movement,0,0.7525849056603773,Medium Priority,481623,616,ZONE_B,True,0.016281723786586228
21-28796,15,22,19,6270,1,1,1,Low Movement,0,0.2897924528301887,Low Priority,481832,1,ZONE_C,False,0.06751746570231193
21-35418,21,7,7,1029,608,12632,608,Medium Movement,0,0.6381320754716981,Medium Priority,481022,333,ZONE_B,True,0.011080617576982294
21-38444,21,8,11,1848,342,6393,342,Medium Movement,0,0.5906792452830189,Medium Priority,481823,179,ZONE_B,True,0.019899884628049834
21-39147,21,8,8,1344,157,4672,157,Medium Movement,0,0.4559056603773584,Medium Priority,481223,104,ZONE_B,True,0.014472643365854427
21-522670,17,3,10,510,26,7872,26,Low Movement,0,0.1828113207547169,Low Priority,722522,4,ZONE_C,False,0.005491851277221545
21-523547,24,6,12,1728,3,18,3,Low Movement,0,0.2492264150943396,Low Priority,2120D5,2,ZONE_C,False,0.01860768432752712
21-523509,20,12,6,1440,1341,5234,1341,High Movement,1,0.8067358490566038,High Priority,223623,1338,ZONE_A,True,0.0155064036062726
21-614607,20,11,6,1320,581,19242,581,Medium Movement,0,0.6626981132075471,Medium Priority,472022,330,ZONE_B,True,0.014214203305749882
21-614608,17,3,10,510,754,28978,754,High Movement,0,0.5993773584905661,Medium Priority,474222,413,ZONE_B,True,0.005491851277221545
21-614609,17,7,5,595,10,197,10,Low Movement,0,0.1585471698113207,Low Priority,215223,5,ZONE_C,False,0.006407159823425136
21-624678,8,9,3,216,28,966,28,Low Movement,0,0.1436226415094339,Low Priority,2117C5,22,ZONE_C,False,0.00232596054094089
21-631080,16,5,19,1520,242,3330,242,Medium Movement,0,0.5283962264150943,Medium Priority,2114A4,147,ZONE_B,True,0.016367870473287745
21-633532,24,6,9,1296,572,9186,572,Medium Movement,0,0.6593962264150943,Medium Priority,474223,307,ZONE_B,True,0.01395576324564534
21-633701,4,13,13,676,2482,80801,2482,High Movement,1,0.7807169811320753,Medium Priority,464323,1246,ZONE_B,True,0.0072793950262779695
21-644382,4,9,16,576,1881,55769,1881,High Movement,1,0.7394716981132075,Medium Priority,481923,984,ZONE_B,True,0.00620256144250904
21-661921,27,7,8,1512,346,5070,346,Medium Movement,0,0.5806226415094339,Medium Priority,221522,346,ZONE_B,True,0.016281723786586228
21-662624,24,6,12,1728,47,9072,47,Low Movement,0,0.359377358490566,Low Priority,782122,28,ZONE_C,False,0.01860768432752712
21-713803,19,7,4,532,314,4969,314,Medium Movement,0,0.4484339622641509,Medium Priority,471623,207,ZONE_B,True,0.00572875466565071
21-714633,13,6,3,234,1732,57450,1732,High Movement,1,0.6767358490566037,Medium Priority,473323,893,ZONE_B,True,0.002519790586019297
21-714636,12,6,3,216,1522,47739,1522,High Movement,1,0.6621509433962265,Medium Priority,473422,801,ZONE_B,True,0.00232596054094089
21-715188,19,13,2,494,231,3613,231,Medium Movement,0,0.3980377358490566,Low Priority,N222A5,151,ZONE_C,False,0.0053195579038185165
21-715194,20,10,5,1000,104,1624,104,Low Movement,0,0.3691320754716981,Low Priority,N210A2,86,ZONE_C,False,0.010768335837689304
21-715109,19,3,10,570,5,48,5,Low Movement,0,0.1349056603773585,Low Priority,213532,4,ZONE_C,False,0.006137951427482903
21-715467,19,6,17,1938,88,17388,88,Low Movement,0,0.4160566037735849,Medium Priority,781322,64,ZONE_B,True,0.020869034853441874
21-715783,20,4,16,1280,6,48,6,Low Movement,0,0.2369245283018867,Low Priority,2128D2,3,ZONE_C,False,0.013783469872242311
21-715920,24,6,9,1296,511,7449,511,Medium Movement,0,0.6394528301886793,Medium Priority,474322,269,ZONE_B,True,0.01395576324564534
21-717398,18,12,1,216,10,183,10,Low Movement,0,0.0983207547169811,Low Priority,481333,5,ZONE_C,False,0.00232596054094089
21-710692,25,6,6,900,869,16882,869,High Movement,0,0.6853584905660376,Medium Priority,221822,869,ZONE_B,True,0.009691502253920374
21-722354,18,14,5,1260,8,30,8,Low Movement,0,0.2418490566037736,Low Priority,N21432,8,ZONE_C,False,0.013568103155488525
21-722592,8,25,6,1200,346,5384,346,Medium Movement,0,0.557811320754717,Medium Priority,2114A3,201,ZONE_B,True,0.012922003005227167
21-723011,27,10,6,1620,195,2466,195,Medium Movement,0,0.5050754716981132,Medium Priority,223522,195,ZONE_B,True,0.017444704057056674
21-724564,19,5,5,475,707,14142,707,High Movement,0,0.5835283018867924,Medium Priority,223223,706,ZONE_B,True,0.00511495952290242
21-726162,13,7,6,546,1203,38125,1203,High Movement,1,0.68188679245283,Medium Priority,473923,680,ZONE_B,True,0.005879511367378361
21-726167,13,4,11,572,1011,31607,1011,High Movement,0,0.6581698113207547,Medium Priority,473022,600,ZONE_B,True,0.006159488099158282
21-726628,13,10,5,650,61,1426,61,Low Movement,0,0.267943396226415,Low Priority,473623,49,ZONE_C,False,0.006999418294498048
21-726055,27,15,8,3240,8,84,8,Low Movement,0,0.2978301886792452,Low Priority,2120D4,8,ZONE_C,False,0.03488940811411335
21-726058,14,8,8,896,635,12710,635,High Movement,0,0.6288113207547169,Medium Priority,482923,630,ZONE_B,True,0.009648428910569617
21-726062,14,8,8,896,995,18793,995,High Movement,0,0.7046226415094339,Medium Priority,2154A5,691,ZONE_B,True,0.009648428910569617
21-7275281,15,7,7,735,801,7462,801,High Movement,0,0.6446037735849056,Medium Priority,472123,425,ZONE_B,True,0.007914726840701639
21-7275291,15,7,7,735,505,4661,505,Medium Movement,0,0.5637735849056603,Medium Priority,483723,406,ZONE_B,True,0.007914726840701639
21-7275201,15,7,7,735,402,3701,402,Medium Movement,0,0.5187358490566037,Medium Priority,471322,246,ZONE_B,True,0.007914726840701639
21-729761,18,7,4,504,744,11960,744,High Movement,0,0.5956792452830189,Medium Priority,471622,435,ZONE_B,True,0.00542724126219541
21-720902,1,1,1,1,1,1,1,Low Movement,0,0.0300943396226415,Low Priority,223632,1,ZONE_C,False,1.0768335837689304e-05
217316507H,24,6,6,864,18,287,18,Low Movement,0,0.2170377358490565,Low Priority,223523,18,ZONE_C,False,0.00930384216376356
21-732269,17,5,5,425,883,12996,883,High Movement,0,0.6159622641509434,Medium Priority,463933,455,ZONE_B,True,0.004576542731017954
21-733213,32,12,27,10368,287,5480,287,Medium Movement,0,0.6217924528301887,Medium Priority,781523,102,ZONE_B,True,0.11164610596516272
21-733362,24,15,11,3960,59,360,59,Low Movement,0,0.411,Medium Priority,472223,43,ZONE_B,True,0.04264260991724965
21-733363,16,7,7,784,41,406,41,Low Movement,0,0.258566037735849,Low Priority,472322,36,ZONE_C,False,0.008442375296748416
21-734681,19,15,6,1710,1,5,1,Low Movement,0,0.238566037735849,Low Priority,471822,1,ZONE_C,False,0.01841385428244871
21-734682,11,18,2,396,172,2578,172,Medium Movement,0,0.3416037735849057,Low Priority,471222,93,ZONE_C,False,0.004264260991724965
21-734716,25,6,6,900,2462,53618,2462,High Movement,1,0.8167735849056602,High Priority,222122,2460,ZONE_A,True,0.009691502253920374
21-735996,28,18,5,2520,772,4580,772,High Movement,0,0.7522641509433963,Medium Priority,482522,435,ZONE_B,True,0.02713620631097705
21-735999,7,2,32,448,137,2061,137,Low Movement,0,0.317566037735849,Low Priority,482922,137,ZONE_C,False,0.004824214455284808
21-735990,7,17,3,357,808,13190,808,High Movement,0,0.5884528301886792,Medium Priority,482523,447,ZONE_B,True,0.0038442958940550814
21-738609,24,6,6,864,3496,105501,3496,High Movement,3,0.8321132075471698,High Priority,221223,3483,ZONE_A,True,0.00930384216376356
21-738600,19,6,6,684,3900,133200,3900,High Movement,3,0.8098867924528301,High Priority,221222,3888,ZONE_A,True,0.007365541712979484
21-738768,26,1,16,416,100,1248,100,Low Movement,0,0.2774716981132075,Low Priority,481032,56,ZONE_C,False,0.004479627708478751
21-741133,19,6,6,684,455,6310,455,Medium Movement,0,0.5335849056603773,Medium Priority,222523,454,ZONE_B,True,0.007365541712979484
21-741271,18,13,4,936,75,13777,75,Low Movement,0,0.3326792452830188,Low Priority,781522,36,ZONE_C,False,0.010079162344077188
21-743699,25,6,6,900,3635,63962,3635,High Movement,3,0.842132075471698,High Priority,221023,3634,ZONE_A,True,0.009691502253920374
21-743690,11,18,2,396,172,2511,172,Medium Movement,0,0.3416037735849057,Low Priority,N222A3,171,ZONE_C,False,0.004264260991724965
21-743602,19,4,12,912,529,8130,529,Medium Movement,0,0.6004339622641509,Medium Priority,471022,283,ZONE_B,True,0.009820722283972644
21-745474,18,12,1,216,31,391,31,Low Movement,0,0.1512830188679245,Low Priority,N21333,31,ZONE_C,False,0.00232596054094089
21-748818,25,6,6,900,747,15235,747,High Movement,0,0.6592075471698112,Medium Priority,221323,746,ZONE_B,True,0.009691502253920374
21-748819,1,1,1,1,192,3812,192,Medium Movement,0,0.2974150943396226,Low Priority,221523,192,ZONE_C,False,1.0768335837689304e-05
21-748810,24,6,6,864,1337,39414,1337,High Movement,1,0.7420377358490565,Medium Priority,221322,1337,ZONE_B,True,0.00930384216376356
21-749293,24,6,6,864,266,4588,266,Medium Movement,0,0.4759056603773585,Medium Priority,222822,266,ZONE_B,True,0.00930384216376356
21-749296,1,1,1,1,5,900,5,Low Movement,0,0.048188679245283,Low Priority,493323,4,ZONE_C,False,1.0768335837689304e-05
21-740506,19,3,12,684,66,586,66,Low Movement,0,0.2782830188679245,Low Priority,N21923,66,ZONE_C,False,0.007365541712979484
21-752114,17,13,4,884,614,5951,614,Medium Movement,0,0.6223207547169811,Medium Priority,N21232,614,ZONE_B,True,0.009519208880517346
21-752132,26,6,6,936,116,3810,116,Low Movement,0,0.3761320754716981,Low Priority,222422,116,ZONE_C,False,0.010079162344077188
21-753419,25,6,6,900,158,1332,158,Medium Movement,0,0.4079999999999999,Medium Priority,222323,158,ZONE_B,True,0.009691502253920374
21-753937,15,7,7,735,891,8326,891,High Movement,0,0.6641509433962264,Medium Priority,472222,459,ZONE_B,True,0.007914726840701639
21-753077,21,8,8,1344,44,498,44,Low Movement,0,0.3342641509433962,Low Priority,N21932,44,ZONE_C,False,0.014472643365854427
21-753079,1,1,1,1,391,7940,391,Medium Movement,0,0.4003018867924528,Medium Priority,N21823,391,ZONE_B,True,1.0768335837689304e-05
21-753007,1,1,1,1,307,5654,307,Medium Movement,0,0.3651698113207547,Low Priority,N21822,307,ZONE_C,False,1.0768335837689304e-05
21-754919,20,4,16,1280,576,9073,576,Medium Movement,0,0.6594339622641509,Medium Priority,471823,289,ZONE_B,True,0.013783469872242311
21-754910,19,13,2,494,372,6008,372,Medium Movement,0,0.4680377358490566,Medium Priority,484123,196,ZONE_B,True,0.0053195579038185165
21-755172,29,7,12,2436,177,2439,177,Medium Movement,0,0.5108679245283019,Medium Priority,222823,177,ZONE_B,True,0.026231666100611145
21-755225,1,1,1,1,23,443,23,Low Movement,0,0.0979811320754717,Low Priority,223822,22,ZONE_C,False,1.0768335837689304e-05
21-755322,29,9,9,2349,1158,14522,1158,High Movement,1,0.8136415094339622,High Priority,222023,1155,ZONE_A,True,0.025294820882732178
21-755324,29,9,9,2349,1224,15477,1224,High Movement,1,0.821698113207547,High Priority,223323,1224,ZONE_A,True,0.025294820882732178
21-755329,29,9,9,2349,1246,16785,1246,High Movement,1,0.8246037735849057,High Priority,223122,1242,ZONE_A,True,0.025294820882732178
21-755458,1,1,1,1,68,786,68,Low Movement,0,0.178943396226415,Low Priority,223823,68,ZONE_C,False,1.0768335837689304e-05
21-755509,23,6,12,1656,116,23859,116,Low Movement,0,0.4374905660377358,Medium Priority,782323,38,ZONE_B,True,0.017832364147213488
21-756028,1,1,1,1,188,3625,188,Medium Movement,0,0.2942452830188679,Low Priority,483923,86,ZONE_C,False,1.0768335837689304e-05
21-757756,4,25,12,1200,482,9267,482,Medium Movement,0,0.6210754716981132,Medium Priority,464122,247,ZONE_B,True,0.012922003005227167
21-757784,12,5,6,360,831,16847,831,High Movement,0,0.5945283018867924,Medium Priority,2114A2,454,ZONE_B,True,0.00387660090156815
21-757707,29,7,12,2436,534,7447,534,Medium Movement,0,0.6867924528301886,Medium Priority,223423,533,ZONE_B,True,0.026231666100611145
21-757856,8,25,6,1200,130,1895,130,Low Movement,0,0.4187358490566037,Medium Priority,473523,120,ZONE_B,True,0.012922003005227167
21-757879,17,5,4,340,30,287,30,Low Movement,0,0.1675094339622641,Low Priority,483823,30,ZONE_C,False,0.0036612341848143637
21-757895,2,9,8,144,2290,74979,2290,High Movement,1,0.6988490566037735,Medium Priority,483622,1231,ZONE_B,True,0.00155064036062726
21-757896,2,9,8,144,961,21028,961,High Movement,0,0.5914716981132075,Medium Priority,484223,609,ZONE_B,True,0.00155064036062726
21-757957,3,10,10,300,1066,35308,1066,High Movement,1,0.6252075471698113,Medium Priority,214923,551,ZONE_B,True,0.003230500751306792
21-757958,3,10,10,300,337,10086,337,Medium Movement,0,0.4237924528301887,Medium Priority,483223,270,ZONE_B,True,0.003230500751306792
21-757961,3,10,10,300,299,7779,299,Medium Movement,0,0.4066226415094339,Medium Priority,483222,165,ZONE_B,True,0.003230500751306792
21-758791,17,4,6,408,1300,24464,1300,High Movement,1,0.6682075471698112,Medium Priority,215123,814,ZONE_B,True,0.0043934810217772366
21-758703,17,5,4,340,596,7051,596,Medium Movement,0,0.5323018867924528,Medium Priority,483023,306,ZONE_B,True,0.0036612341848143637
21-758707,6,12,7,504,228,3298,228,Medium Movement,0,0.3974339622641509,Low Priority,482022,158,ZONE_C,False,0.00542724126219541
21-758709,5,13,9,585,293,4035,293,Medium Movement,0,0.4482641509433961,Medium Priority,483423,149,ZONE_B,True,0.006299476465048243
21-758812,6,13,7,546,571,9953,571,Medium Movement,0,0.5578679245283018,Medium Priority,483022,314,ZONE_B,True,0.005879511367378361
21-758869,17,4,6,408,385,4953,385,Medium Movement,0,0.4611132075471698,Medium Priority,483422,229,ZONE_B,True,0.0043934810217772366
21-759434,25,6,6,900,250,1908,250,Medium Movement,0,0.4724528301886792,Medium Priority,222322,250,ZONE_B,True,0.009691502253920374
21-759437,25,6,6,900,405,3470,405,Medium Movement,0,0.5473396226415094,Medium Priority,222223,405,ZONE_B,True,0.009691502253920374
21-750182,4,8,7,224,1039,28262,1039,High Movement,1,0.6103962264150944,Medium Priority,482822,597,ZONE_B,True,0.002412107227642404
21-750193,18,4,8,576,795,9593,795,High Movement,0,0.6199433962264151,Medium Priority,N222C3,454,ZONE_B,True,0.00620256144250904
21-750194,5,7,8,280,859,20506,859,High Movement,0,0.5880188679245282,Medium Priority,2119C4,468,ZONE_B,True,0.003015134034553005
21-750196,19,8,11,1672,595,8607,595,Medium Movement,0,0.6862830188679244,Medium Priority,471923,232,ZONE_B,True,0.01800465752061652
21-750197,4,7,7,196,1411,37870,1411,High Movement,1,0.6491698113207547,Medium Priority,482422,720,ZONE_B,True,0.002110593824187104
21-750214,1,12,18,216,736,11224,736,High Movement,0,0.5490943396226415,Medium Priority,N21422,734,ZONE_B,True,0.00232596054094089
21-750215,4,8,7,224,2660,93048,2660,High Movement,1,0.7179056603773585,Medium Priority,482823,1334,ZONE_B,True,0.002412107227642404
21-750217,5,7,7,245,2467,90322,2467,High Movement,1,0.7147358490566037,Medium Priority,482423,1260,ZONE_B,True,0.0026382422802338798
21-750218,18,14,4,1008,719,8005,719,High Movement,0,0.6650377358490566,Medium Priority,N21532,716,ZONE_B,True,0.01085448252439082
21-762949,26,10,6,1560,638,8542,638,High Movement,0,0.6944716981132075,Medium Priority,223322,638,ZONE_B,True,0.016798603906795315
21-762951,30,7,10,2100,674,8124,674,High Movement,0,0.7226037735849056,Medium Priority,223422,672,ZONE_B,True,0.02261350525914754
21-764441,31,17,9,4743,3,6,3,Low Movement,0,0.2918490566037735,Low Priority,4625D2,3,ZONE_C,False,0.05107421687816037
21-764476,19,6,6,684,230,2164,230,Medium Movement,0,0.4244905660377358,Medium Priority,222722,230,ZONE_B,True,0.007365541712979484
21-764923,28,23,9,5796,836,5566,836,High Movement,0,0.7977547169811321,Medium Priority,472623,474,ZONE_B,True,0.062413274515247204
21-765334,15,7,7,735,76,607,76,Low Movement,0,0.3006792452830188,Low Priority,2113A4,53,ZONE_C,False,0.007914726840701639
21-766781,17,6,5,510,408,7045,408,Medium Movement,0,0.4884339622641509,Medium Priority,2114A5,236,ZONE_B,True,0.005491851277221545
21-766828,4,26,12,1248,435,6443,435,Medium Movement,0,0.6024339622641509,Medium Priority,473723,234,ZONE_B,True,0.013438883125436254
21-766829,4,25,12,1200,939,15831,939,High Movement,0,0.7366415094339622,Medium Priority,474323,513,ZONE_B,True,0.012922003005227167
21-766820,12,17,1,204,1016,17661,1016,High Movement,0,0.6042830188679245,Medium Priority,473722,563,ZONE_B,True,0.0021967405108886183
21-766832,17,3,15,765,992,17769,992,High Movement,0,0.6822641509433962,Medium Priority,2121C2,519,ZONE_B,True,0.008237776915832317
21-767210,12,6,3,216,738,26260,738,High Movement,0,0.5497547169811321,Medium Priority,473622,450,ZONE_B,True,0.00232596054094089
21-767823,13,8,8,832,692,12228,692,High Movement,0,0.6347924528301887,Medium Priority,2154A3,575,ZONE_B,True,0.008959255416957503
21-771761,25,6,6,900,1675,38771,1675,High Movement,1,0.777943396226415,Medium Priority,222224,1675,ZONE_B,True,0.009691502253920374
21-775226,18,6,5,540,703,5742,703,High Movement,0,0.5922830188679244,Medium Priority,N210A3,374,ZONE_B,True,0.005814901352352225
21-775229,17,13,2,442,498,6436,498,Medium Movement,0,0.5175471698113208,Medium Priority,N210C2,290,ZONE_B,True,0.004759604440258673
21-775220,17,4,5,340,303,3676,303,Medium Movement,0,0.4148867924528301,Medium Priority,472522,183,ZONE_B,True,0.0036612341848143637
21-775231,1,1,1,1,662,10620,662,High Movement,0,0.4993584905660377,Medium Priority,N21523,662,ZONE_B,True,1.0768335837689304e-05
21-775252,17,6,5,510,447,3481,447,Medium Movement,0,0.5041509433962263,Medium Priority,N210C5,248,ZONE_B,True,0.005491851277221545
21-775253,17,7,4,476,602,8121,602,Medium Movement,0,0.5566792452830188,Medium Priority,N210C4,353,ZONE_B,True,0.005125727858740109
21-775255,1,1,1,1,502,4548,502,Medium Movement,0,0.4503584905660378,Medium Priority,N21332,502,ZONE_B,True,1.0768335837689304e-05
21-775262,17,8,1,136,545,7674,545,Medium Movement,0,0.4923962264150943,Medium Priority,N21222,545,ZONE_B,True,0.0014644936739257454
21-775266,17,13,2,442,877,7299,877,High Movement,0,0.6173962264150943,Medium Priority,N210C3,502,ZONE_B,True,0.004759604440258673
21-775267,19,17,4,1292,582,4781,582,Medium Movement,0,0.6609622641509434,Medium Priority,N222A2,324,ZONE_B,True,0.013912689902294582
21-775316,1,1,1,1,401,6111,401,Medium Movement,0,0.4062452830188679,Medium Priority,N21433,401,ZONE_B,True,1.0768335837689304e-05
21-775488,21,18,3,1134,907,15826,907,High Movement,0,0.7177358490566037,Medium Priority,2114A6,546,ZONE_B,True,0.01221129283993967
21-775097,21,4,16,1344,1,60,1,Low Movement,0,0.2190943396226415,Low Priority,472122,1,ZONE_C,False,0.014472643365854427
21-779299,8,25,6,1200,713,14048,713,High Movement,0,0.6884339622641509,Medium Priority,2114C5,449,ZONE_B,True,0.012922003005227167
21-779205,22,10,16,3520,758,4946,758,High Movement,0,0.763377358490566,Medium Priority,482323,432,ZONE_B,True,0.03790454214866635
21-779737,1,1,1,1,24,473,24,Low Movement,0,0.1003584905660377,Low Priority,222423,24,ZONE_C,False,1.0768335837689304e-05
21-770020,1,1,1,1,451,9874,451,Medium Movement,0,0.4280377358490566,Medium Priority,2113C6,445,ZONE_B,True,1.0768335837689304e-05
21-785633,1,1,1,1,94,2214,94,Low Movement,0,0.208132075471698,Low Priority,2128D5,58,ZONE_C,False,1.0768335837689304e-05
21-785635,1,1,1,1,106,2448,106,Low Movement,0,0.2204150943396226,Low Priority,2128D4,79,ZONE_C,False,1.0768335837689304e-05
21-785948,1,1,1,1,20,366,20,Low Movement,0,0.0907169811320754,Low Priority,223722,19,ZONE_C,False,1.0768335837689304e-05
21-785975,1,1,1,1,294,3194,294,Medium Movement,0,0.3584339622641509,Low Priority,N21833,184,ZONE_C,False,1.0768335837689304e-05
21-785977,1,1,1,1,83,951,83,Low Movement,0,0.1991509433962263,Low Priority,N219C5,53,ZONE_C,False,1.0768335837689304e-05
21-786674,1,1,1,1,233,2971,233,Medium Movement,0,0.3226415094339622,Low Priority,N218C3,130,ZONE_C,False,1.0768335837689304e-05
21-787156,1,1,1,1,2,810,2,Low Movement,0,0.0357735849056603,Low Priority,222533,2,ZONE_C,False,1.0768335837689304e-05
21-787105,15,10,1,150,152,3021,152,Medium Movement,0,0.2913962264150943,Low Priority,N21423,152,ZONE_C,False,0.001615250375653396
21-789072,1,1,1,1,137,1871,137,Low Movement,0,0.2490754716981132,Low Priority,473122,90,ZONE_C,False,1.0768335837689304e-05
21-789078,1,1,1,1,70,2268,70,Low Movement,0,0.1813207547169811,Low Priority,2134C4,68,ZONE_C,False,1.0768335837689304e-05
21-780496,1,1,1,1,9,78,9,Low Movement,0,0.062188679245283,Low Priority,724323,7,ZONE_C,False,1.0768335837689304e-05
21-792153,1,1,1,1,102,1398,102,Low Movement,0,0.2169811320754716,Low Priority,2115A3,84,ZONE_C,False,1.0768335837689304e-05
21-792264,1,1,1,1,328,4568,328,Medium Movement,0,0.3733584905660377,Low Priority,2154C5,215,ZONE_C,False,1.0768335837689304e-05
21-792265,9,9,9,729,35,414,35,Low Movement,0,0.236566037735849,Low Priority,482222,21,ZONE_C,False,0.007850116825675503
21-793519,1,1,1,1,252,5094,252,Medium Movement,0,0.3347924528301887,Low Priority,N21533,248,ZONE_C,False,1.0768335837689304e-05
21-793525,1,1,1,1,262,4666,262,Medium Movement,0,0.3417924528301886,Low Priority,N21522,262,ZONE_C,False,1.0768335837689304e-05
21-793086,1,1,1,1,66,13608,66,Low Movement,0,0.1749811320754716,Low Priority,102553,4,ZONE_C,False,1.0768335837689304e-05
21-794441,1,1,1,1,22,396,22,Low Movement,0,0.0952075471698113,Low Priority,N218C4,22,ZONE_C,False,1.0768335837689304e-05
21-794862,1,1,1,1,630,13447,630,High Movement,0,0.4910377358490566,Medium Priority,2113C2,330,ZONE_B,True,1.0768335837689304e-05
21-794863,1,1,1,1,406,8161,406,Medium Movement,0,0.4090188679245283,Medium Priority,2121A3,212,ZONE_B,True,1.0768335837689304e-05
21-794864,1,1,1,1,225,5635,225,Medium Movement,0,0.3184150943396226,Low Priority,473223,130,ZONE_C,False,1.0768335837689304e-05
21-794940,1,1,1,1,41,732,41,Low Movement,0,0.1387924528301886,Low Priority,N362C2,32,ZONE_C,False,1.0768335837689304e-05
21-794951,1,1,1,1,128,1875,128,Low Movement,0,0.2387735849056603,Low Priority,2125A5,116,ZONE_C,False,1.0768335837689304e-05
21-794952,1,1,1,1,127,1153,127,Low Movement,0,0.2378490566037736,Low Priority,2134A4,116,ZONE_C,False,1.0768335837689304e-05
21-794954,1,1,1,1,43,807,43,Low Movement,0,0.1436792452830188,Low Priority,N219C2,42,ZONE_C,False,1.0768335837689304e-05
21-794956,1,1,1,1,64,572,64,Low Movement,0,0.1710188679245282,Low Priority,N219C3,63,ZONE_C,False,1.0768335837689304e-05
21-795335,1,1,1,1,1,54,1,Low Movement,0,0.0300943396226415,Low Priority,214722,1,ZONE_C,False,1.0768335837689304e-05
21-795474,1,1,1,1,62,908,62,Low Movement,0,0.1685094339622641,Low Priority,2154C4,56,ZONE_C,False,1.0768335837689304e-05
21-795499,1,1,1,1,61,818,61,Low Movement,0,0.1675849056603773,Low Priority,471323,41,ZONE_C,False,1.0768335837689304e-05
21-796916,1,1,1,1,25,480,25,Low Movement,0,0.1023396226415094,Low Priority,N364A5,19,ZONE_C,False,1.0768335837689304e-05
21-810461,14,17,16,3808,3,24,3,Low Movement,0,0.2839245283018867,Low Priority,2120D3,2,ZONE_C,False,0.04100582286992087
21-958002,24,5,10,1200,270,3859,270,Medium Movement,0,0.5233396226415093,Medium Priority,222723,270,ZONE_B,True,0.012922003005227167
21-973578,19,3,8,456,984,14732,984,High Movement,0,0.6370188679245283,Medium Priority,2114C6,523,ZONE_B,True,0.004910361141986322
21-973763,31,8,6,1488,426,6545,426,Medium Movement,0,0.6157924528301887,Medium Priority,481222,237,ZONE_B,True,0.016023283726481687
21-973764,25,8,7,1400,443,7702,443,Medium Movement,0,0.6172830188679245,Medium Priority,481622,291,ZONE_B,True,0.015075670172765026
21-973760,24,6,6,864,237,3533,237,Medium Movement,0,0.4571509433962264,Medium Priority,222623,237,ZONE_B,True,0.00930384216376356
21-975177,4,8,16,512,1928,52691,1928,High Movement,1,0.7322075471698113,Medium Priority,464123,1128,ZONE_B,True,0.0055133879488969235
21-975938,22,4,7,616,1137,21310,1137,High Movement,1,0.6840754716981132,Medium Priority,463922,651,ZONE_B,True,0.006633294876016612
21-982105,8,25,6,1200,479,7174,479,Medium Movement,0,0.6177735849056604,Medium Priority,473522,284,ZONE_B,True,0.012922003005227167
21-011402,21,10,8,1680,656,15420,656,High Movement,0,0.7040188679245283,Medium Priority,481023,398,ZONE_B,True,0.018090804207318033
21-012528,21,6,37,4662,75,7263,75,Low Movement,0,0.4391509433962264,Medium Priority,781723,56,ZONE_B,True,0.05020198167530754
21-021575,30,12,11,3960,209,2670,209,Medium Movement,0,0.5548301886792453,Medium Priority,223723,209,ZONE_B,True,0.04264260991724965
25-11197,26,6,10,1560,58,990,58,Low Movement,0,0.3657358490566037,Low Priority,225523,58,ZONE_C,False,0.016798603906795315
25-11245,13,8,8,832,32,377,32,Low Movement,0,0.2475471698113207,Low Priority,2148C3,20,ZONE_C,False,0.008959255416957503
25-11380,24,5,10,1200,7,42,7,Low Movement,0,0.2326415094339622,Low Priority,461432,7,ZONE_C,False,0.012922003005227167
25-11411,26,9,17,3978,931,12359,931,High Movement,0,0.8046415094339623,High Priority,232422,928,ZONE_A,True,0.042836439962328055
25-11741,13,8,8,832,1465,27320,1465,High Movement,1,0.7506226415094339,Medium Priority,213022,814,ZONE_B,True,0.008959255416957503
25-11093,13,8,8,832,532,8937,532,Medium Movement,0,0.5875094339622642,Medium Priority,2142C3,297,ZONE_B,True,0.008959255416957503
25-12181,13,8,8,832,32,678,32,Low Movement,0,0.2475471698113207,Low Priority,2134C3,32,ZONE_C,False,0.008959255416957503
25-12314,13,7,7,637,82,1760,82,Low Movement,0,0.2955283018867924,Low Priority,2120C3,44,ZONE_C,False,0.006859429928608087
25-12320,19,4,8,608,101,1300,101,Low Movement,0,0.3102264150943396,Low Priority,2120A2,58,ZONE_C,False,0.0065471481893150975
25-12713,26,6,10,1560,42,587,42,Low Movement,0,0.3435471698113207,Low Priority,225522,42,ZONE_C,False,0.016798603906795315
25-12985,24,8,6,1152,211,1454,211,Medium Movement,0,0.4799811320754716,Medium Priority,2128C3,145,ZONE_B,True,0.01240512288501808
25-13312,11,10,10,1100,108,551,108,Low Movement,0,0.3820566037735848,Low Priority,2154C3,107,ZONE_C,False,0.011845169421458236
25-13332,11,19,10,2090,243,1458,243,Medium Movement,0,0.5469433962264151,Medium Priority,2128C6,125,ZONE_B,True,0.022505821900770644
25-13361,11,10,10,1100,327,2295,327,Medium Movement,0,0.5322264150943395,Medium Priority,2128C2,170,ZONE_B,True,0.011845169421458236
25-13765,25,8,5,1000,177,1388,177,Medium Movement,0,0.4353018867924527,Medium Priority,462323,90,ZONE_B,True,0.010768335837689304
25-13771,19,6,6,684,241,3708,241,Medium Movement,0,0.4301698113207547,Medium Priority,2120C6,141,ZONE_B,True,0.007365541712979484
25-1304521,20,9,6,1080,322,3334,322,Medium Movement,0,0.5268490566037736,Medium Priority,2110C3,188,ZONE_B,True,0.01162980270470445
25-1304761,20,9,6,1080,264,2812,264,Medium Movement,0,0.4992452830188679,Medium Priority,2128A5,150,ZONE_B,True,0.01162980270470445
25-14127,20,9,5,900,280,3446,280,Medium Movement,0,0.490943396226415,Medium Priority,2110C5,155,ZONE_B,True,0.009691502253920374
25-14226,24,8,6,1152,345,3295,345,Medium Movement,0,0.5493207547169812,Medium Priority,2128A3,178,ZONE_B,True,0.01240512288501808
25-14760,13,8,8,832,531,9648,531,Medium Movement,0,0.5869811320754716,Medium Priority,2154C2,302,ZONE_B,True,0.008959255416957503
25-14778,13,8,8,832,2860,74409,2860,High Movement,1,0.8157358490566037,High Priority,212622,1523,ZONE_A,True,0.008959255416957503
25-14785,13,8,8,832,2754,65541,2754,High Movement,1,0.8128301886792453,High Priority,213822,1535,ZONE_A,True,0.008959255416957503
25-14842,14,24,8,2688,745,7582,745,High Movement,0,0.7489056603773585,Medium Priority,213023,447,ZONE_B,True,0.028945286731708854
25-148426,1,1,1,1,10,227,10,Low Movement,0,0.0650943396226415,Low Priority,462132,9,ZONE_C,False,1.0768335837689304e-05
25-15731,24,7,6,1008,233,1854,233,Medium Movement,0,0.4744528301886792,Medium Priority,462322,121,ZONE_B,True,0.01085448252439082
25-15750,24,5,10,1200,197,1563,197,Medium Movement,0,0.4783018867924528,Medium Priority,2120C5,114,ZONE_B,True,0.012922003005227167
25-15895,26,9,17,3978,78,696,78,Low Movement,0,0.4378679245283019,Medium Priority,232723,78,ZONE_B,True,0.042836439962328055
25-15897,26,9,17,3978,81,799,81,Low Movement,0,0.4414339622641509,Medium Priority,232722,81,ZONE_B,True,0.042836439962328055
25-15898,27,13,12,4212,352,3456,352,Medium Movement,0,0.633264150943396,Medium Priority,232423,351,ZONE_B,True,0.04535623054834735
25-15899,26,9,17,3978,249,3122,249,Medium Movement,0,0.5785283018867924,Medium Priority,232622,249,ZONE_B,True,0.042836439962328055
25-16511,1,1,1,1,47,390,47,Low Movement,0,0.1502830188679245,Low Priority,2132A4,43,ZONE_C,False,1.0768335837689304e-05
25-16612,1,1,1,1,13,144,13,Low Movement,0,0.0743396226415094,Low Priority,471523,10,ZONE_C,False,1.0768335837689304e-05
25-16668,1,1,1,1,43,1778,43,Low Movement,0,0.1436792452830188,Low Priority,462123,25,ZONE_C,False,1.0768335837689304e-05
25-16689,1,1,1,1,23,432,23,Low Movement,0,0.0979811320754717,Low Priority,462122,16,ZONE_C,False,1.0768335837689304e-05
25-18202,24,8,6,1152,180,1474,180,Medium Movement,0,0.4579245283018868,Medium Priority,2120A5,95,ZONE_B,True,0.01240512288501808
25-18084,20,9,5,900,287,3266,287,Medium Movement,0,0.4943773584905659,Medium Priority,2110A3,159,ZONE_B,True,0.009691502253920374
25-10264,19,8,6,912,245,3255,245,Medium Movement,0,0.4721886792452829,Medium Priority,2120A4,146,ZONE_B,True,0.009820722283972644
25-10399,25,8,6,1200,109,918,109,Low Movement,0,0.400377358490566,Medium Priority,2120C2,59,ZONE_B,True,0.012922003005227167
25-10426,20,9,5,900,145,1526,145,Low Movement,0,0.3943962264150943,Low Priority,2128C5,79,ZONE_C,False,0.009691502253920374
25-22731,13,8,8,832,154,1450,154,Medium Movement,0,0.3924339622641509,Low Priority,2142C5,77,ZONE_C,False,0.008959255416957503
25-38529,25,9,6,1350,1,6,1,Low Movement,0,0.2205094339622641,Low Priority,463323,1,ZONE_C,False,0.014537253380880561
25-38062,18,4,8,576,155,2180,155,Medium Movement,0,0.3544716981132075,Low Priority,2128C4,100,ZONE_C,False,0.00620256144250904
25-41146,1,1,1,1,46,2034,46,Low Movement,0,0.1488301886792452,Low Priority,463532,29,ZONE_C,False,1.0768335837689304e-05
25-46570,13,24,8,2496,509,4650,509,Medium Movement,0,0.6794905660377357,Medium Priority,2142A6,320,ZONE_B,True,0.026877766250872508
25-465707,1,1,1,1,8,91,8,Low Movement,0,0.0590188679245283,Low Priority,461932,6,ZONE_C,False,1.0768335837689304e-05
25-47114,24,5,10,1200,41,423,41,Low Movement,0,0.3158490566037735,Low Priority,461823,35,ZONE_C,False,0.012922003005227167
25-47154,24,6,10,1440,4,24,4,Low Movement,0,0.2398679245283018,Low Priority,463523,4,ZONE_C,False,0.0155064036062726
25-47178,8,8,10,640,22,279,22,Low Movement,0,0.1944339622641509,Low Priority,461922,14,ZONE_C,False,0.0068917349361211555
25-47721,13,8,8,832,1267,22270,1267,High Movement,1,0.7312075471698113,Medium Priority,213823,706,ZONE_B,True,0.008959255416957503
25-47741,13,8,8,832,1256,25141,1256,High Movement,1,0.7293584905660377,Medium Priority,212623,714,ZONE_B,True,0.008959255416957503
25-71426,20,8,6,960,1,1,1,Low Movement,0,0.1765849056603773,Low Priority,463233,1,ZONE_C,False,0.010337602404181731
25-05500,1,1,1,1,99,830,99,Low Movement,0,0.2126226415094339,Low Priority,462232,51,ZONE_C,False,1.0768335837689304e-05
25-00854,23,5,8,920,26,189,26,Low Movement,0,0.2473962264150943,Low Priority,2134A3,16,ZONE_C,False,0.00990686897067416
25-00860,23,7,6,966,27,160,27,Low Movement,0,0.2550377358490566,Low Priority,462833,19,ZONE_C,False,0.010402212419207869
25-00876,27,6,10,1620,26,300,26,Low Movement,0,0.3103962264150943,Low Priority,462733,18,ZONE_C,False,0.017444704057056674
25-00882,27,9,7,1701,12,88,12,Low Movement,0,0.2790188679245283,Low Priority,2134A2,12,ZONE_C,False,0.018316939259909504
26-01431,1,1,1,1,43,258,43,Low Movement,0,0.1436792452830188,Low Priority,2132A3,39,ZONE_C,False,1.0768335837689304e-05
26-02292,1,1,1,1,40,258,40,Low Movement,0,0.1358867924528302,Low Priority,213623,37,ZONE_C,False,1.0768335837689304e-05
29-115331,1,1,1,1,152,1491,152,Medium Movement,0,0.2624150943396226,Low Priority,N329C4,151,ZONE_C,False,1.0768335837689304e-05
29-115355,1,1,1,1,345,4417,345,Medium Movement,0,0.3799622641509434,Low Priority,N32222,344,ZONE_C,False,1.0768335837689304e-05
29-115379,1,1,1,1,287,3910,287,Medium Movement,0,0.3551320754716981,Low Priority,N32422,287,ZONE_C,False,1.0768335837689304e-05
29-12182,23,4,8,736,922,14191,922,High Movement,0,0.6698301886792452,Medium Priority,N26523,921,ZONE_B,True,0.00792549517653933
29-122261,1,1,1,1,73,960,73,Low Movement,0,0.185943396226415,Low Priority,N31933,73,ZONE_C,False,1.0768335837689304e-05
29-122209,1,1,1,1,46,707,46,Low Movement,0,0.1488301886792452,Low Priority,N32232,46,ZONE_C,False,1.0768335837689304e-05
29-122353,1,1,1,1,494,13188,494,Medium Movement,0,0.4479811320754717,Medium Priority,N32522,494,ZONE_B,True,1.0768335837689304e-05
29-122391,1,1,1,1,199,4158,199,Medium Movement,0,0.3032264150943396,Low Priority,N32122,199,ZONE_C,False,1.0768335837689304e-05
29-122308,1,1,1,1,713,33606,713,High Movement,0,0.511377358490566,Medium Priority,N24922,713,ZONE_B,True,1.0768335837689304e-05
29-122414,1,1,1,1,1188,3366,1188,High Movement,1,0.5948490566037735,Medium Priority,N24923,1187,ZONE_B,True,1.0768335837689304e-05
29-183328,22,10,4,880,1000,15161,1000,High Movement,0,0.7020754716981131,Medium Priority,N32223,1000,ZONE_B,True,0.009476135537166587
29-183472,22,10,4,880,587,8388,587,Medium Movement,0,0.6113396226415094,Medium Priority,N32822,587,ZONE_B,True,0.009476135537166587
29-183403,22,10,4,880,1088,17921,1088,High Movement,1,0.7158113207547169,Medium Priority,N24522,1087,ZONE_B,True,0.009476135537166587
29-183519,23,14,4,1288,667,8614,667,High Movement,0,0.6862075471698112,Medium Priority,N24322,666,ZONE_B,True,0.013869616558943825
29-183540,1,1,1,1,775,1466,775,High Movement,0,0.526433962264151,Medium Priority,N25923,775,ZONE_B,True,1.0768335837689304e-05
29-183571,22,4,7,616,493,5977,493,Medium Movement,0,0.542754716981132,Medium Priority,N314C5,491,ZONE_B,True,0.006633294876016612
29-183588,14,5,5,350,996,16576,996,High Movement,0,0.620943396226415,Medium Priority,N31832,996,ZONE_B,True,0.0037689175431912564
29-21691,14,5,5,350,339,8931,339,Medium Movement,0,0.4311509433962263,Medium Priority,N313C5,337,ZONE_B,True,0.0037689175431912564
29-210173,23,22,8,4048,153,1269,153,Medium Movement,0,0.510943396226415,Medium Priority,N32133,152,ZONE_B,True,0.043590223470966305
29-228871,1,1,1,1,84,1777,84,Low Movement,0,0.2007358490566037,Low Priority,N316A5,83,ZONE_C,False,1.0768335837689304e-05
29-24123,21,6,6,756,234,2127,234,Medium Movement,0,0.4376603773584905,Medium Priority,N31833,234,ZONE_B,True,0.008140861893293114
29-241826,1,1,1,1,112,1549,112,Low Movement,0,0.2262264150943396,Low Priority,N32722,112,ZONE_C,False,1.0768335837689304e-05
29-24437,16,6,6,576,1005,10243,1005,High Movement,0,0.658245283018868,Medium Priority,N32623,1005,ZONE_B,True,0.00620256144250904
29-24720,13,7,3,273,1483,17824,1483,High Movement,1,0.6683207547169812,Medium Priority,N31023,1482,ZONE_B,True,0.0029397556836891804
29-24751,12,7,3,252,1433,18725,1433,High Movement,1,0.6574528301886793,Medium Priority,N31022,1433,ZONE_B,True,0.002713620631097705
29-24775,14,7,3,294,1408,15958,1408,High Movement,1,0.6621886792452829,Medium Priority,N32123,1408,ZONE_B,True,0.0031658907362806556
29-24782,14,7,3,294,1116,14127,1116,High Movement,1,0.6306226415094339,Medium Priority,N32322,1115,ZONE_B,True,0.0031658907362806556
29-299193,12,8,3,288,162,1897,162,Medium Movement,0,0.317377358490566,Low Priority,N329C5,162,ZONE_C,False,0.00310128072125452
29-202748,1,1,1,1,26,3601,26,Low Movement,0,0.1049811320754717,Low Priority,781203,2,ZONE_C,False,1.0768335837689304e-05
29-203596,12,8,3,288,110,1229,110,Low Movement,0,0.2693018867924528,Low Priority,N32832,110,ZONE_C,False,0.00310128072125452
29-33854,15,11,18,2970,2023,224315,2023,High Movement,1,0.8927169811320754,High Priority,N24323,2020,ZONE_A,True,0.03198195743793723
29-34832,16,8,4,512,565,6341,565,Medium Movement,0,0.5490188679245284,Medium Priority,N32533,565,ZONE_B,True,0.0055133879488969235
29-34924,13,7,3,273,692,8452,692,High Movement,0,0.5509056603773584,Medium Priority,N32723,691,ZONE_B,True,0.0029397556836891804
29-34948,13,7,3,273,1,12,1,Low Movement,0,0.0738490566037736,Low Priority,N31933,1,ZONE_C,False,0.0029397556836891804
29-35254,15,11,18,2970,1154,57336,1154,High Movement,1,0.823377358490566,High Priority,N26522,1151,ZONE_A,True,0.03198195743793723
29-35256,17,7,7,833,319,3769,319,Medium Movement,0,0.4988867924528301,Medium Priority,N313C4,318,ZONE_B,True,0.008970023752795191
29-384947,7,11,2,154,180,1817,180,Medium Movement,0,0.3182264150943396,Low Priority,N314C2,180,ZONE_C,False,0.001658323719004153
29-384978,7,11,2,154,158,1619,158,Medium Movement,0,0.2984150943396226,Low Priority,N314C4,158,ZONE_C,False,0.001658323719004153
29-305881,12,14,4,672,1174,30099,1174,High Movement,1,0.693811320754717,Medium Priority,N26323,1172,ZONE_B,True,0.0072363216829272135
29-305805,11,4,20,880,747,14514,747,High Movement,0,0.6536037735849056,Medium Priority,N26722,746,ZONE_B,True,0.009476135537166587
29-425626,23,4,8,736,761,11722,761,High Movement,0,0.6357547169811321,Medium Priority,N26723,760,ZONE_B,True,0.00792549517653933
29-425954,23,13,4,1196,271,3706,271,Medium Movement,0,0.5220188679245283,Medium Priority,N32423,271,ZONE_B,True,0.012878929661876409
29-425961,11,20,2,440,441,5774,441,Medium Movement,0,0.490132075471698,Medium Priority,N32432,441,ZONE_B,True,0.004738067768583294
29-426580,9,3,21,567,799,11607,799,High Movement,0,0.6183584905660378,Medium Priority,N31932,799,ZONE_B,True,0.006105646419969835
29-426597,11,20,2,440,671,9587,671,High Movement,0,0.5696415094339623,Medium Priority,N316C2,670,ZONE_B,True,0.004738067768583294
29-426900,11,5,10,550,774,13555,774,High Movement,0,0.6116792452830189,Medium Priority,N32823,773,ZONE_B,True,0.005922584710729118
29-426016,11,20,2,440,606,11046,606,Medium Movement,0,0.5504905660377358,Medium Priority,N32132,606,ZONE_B,True,0.004738067768583294
29-437810,9,17,3,459,231,2825,231,Medium Movement,0,0.3935660377358491,Low Priority,N32332,231,ZONE_C,False,0.004942666149499391
29-437827,7,4,12,336,297,3670,297,Medium Movement,0,0.4103584905660377,Medium Priority,N31732,297,ZONE_B,True,0.0036181608414636067
29-430501,1,1,1,1,31,5580,31,Low Movement,0,0.1180566037735849,Low Priority,781992,2,ZONE_C,False,1.0768335837689304e-05
29-442600,29,8,20,4640,48,3001,48,Low Movement,0,0.4026603773584906,Medium Priority,782133,27,ZONE_B,True,0.04996507828687837
29-448636,1,1,1,1,1099,28063,1099,High Movement,1,0.5834905660377357,Medium Priority,N313A3,1090,ZONE_B,True,1.0768335837689304e-05
29-448643,2,23,9,414,447,7672,447,Medium Movement,0,0.4889811320754716,Medium Priority,N314A3,446,ZONE_B,True,0.004458091036803372
29-448650,24,5,12,1440,221,3189,221,Medium Movement,0,0.5115471698113208,Medium Priority,N312A2,221,ZONE_B,True,0.0155064036062726
29-459188,14,7,6,588,202,2779,202,Medium Movement,0,0.3971132075471697,Low Priority,N32323,202,ZONE_C,False,0.006331781472561311
29-477359,1,1,1,1,329,4585,329,Medium Movement,0,0.3740188679245283,Low Priority,N32922,329,ZONE_C,False,1.0768335837689304e-05
29-477366,1,1,1,1,355,5041,355,Medium Movement,0,0.3860377358490566,Low Priority,N32333,355,ZONE_C,False,1.0768335837689304e-05
29-478494,18,5,5,450,405,4579,405,Medium Movement,0,0.4776603773584905,Medium Priority,N312C5,405,ZONE_B,True,0.004845751126960187
29-487679,1,1,1,1,3,26,3,Low Movement,0,0.0401320754716981,Low Priority,N316A4,3,ZONE_C,False,1.0768335837689304e-05
29-48914,22,4,8,704,987,14990,987,High Movement,0,0.672377358490566,Medium Priority,N26922,987,ZONE_B,True,0.007580908429733271
29-48976,7,11,2,154,1548,32281,1548,High Movement,1,0.6609622641509434,Medium Priority,N31722,1548,ZONE_B,True,0.001658323719004153
29-48907,7,11,2,154,984,20485,984,High Movement,0,0.5955849056603774,Medium Priority,N31823,984,ZONE_B,True,0.001658323719004153
29-405667,7,11,2,154,1,2,1,Low Movement,0,0.059754716981132,Low Priority,N315C5,1,ZONE_C,False,0.001658323719004153
29-407203,28,8,20,4480,41,3225,41,Low Movement,0,0.3888113207547169,Low Priority,781932,18,ZONE_C,False,0.04824214455284808
29-409149,1,1,1,1,93,671,93,Low Movement,0,0.2066792452830188,Low Priority,N26923,93,ZONE_C,False,1.0768335837689304e-05
29-409521,1,1,1,1,198,2505,198,Medium Movement,0,0.3021698113207547,Low Priority,N32532,197,ZONE_C,False,1.0768335837689304e-05
29-64685,10,4,20,800,1623,46817,1623,High Movement,1,0.7580566037735847,Medium Priority,N25323,1623,ZONE_B,True,0.008614668670151444
29-825178,21,6,6,756,232,3394,232,Medium Movement,0,0.4364716981132075,Medium Priority,N315C4,232,ZONE_B,True,0.008140861893293114
29-825239,3,12,25,900,381,7368,381,Medium Movement,0,0.5357169811320754,Medium Priority,N31733,381,ZONE_B,True,0.009691502253920374
29-85830,12,14,4,672,2093,68301,2093,High Movement,1,0.7649999999999999,Medium Priority,N24523,2091,ZONE_B,True,0.0072363216829272135
29-85861,11,25,20,5500,1179,23734,1179,High Movement,1,0.849132075471698,High Priority,N25123,1179,ZONE_A,True,0.059225847107291174
29-85892,14,4,11,616,1453,49102,1453,High Movement,1,0.717622641509434,Medium Priority,N24722,1452,ZONE_B,True,0.006633294876016612
29-85939,11,4,20,880,1266,27334,1266,High Movement,1,0.736943396226415,Medium Priority,N26123,1265,ZONE_B,True,0.009476135537166587
29-85028,7,11,2,154,789,15550,789,High Movement,0,0.5593962264150943,Medium Priority,N31723,789,ZONE_B,True,0.001658323719004153
29-86254,7,11,2,154,695,12997,695,High Movement,0,0.5378679245283019,Medium Priority,N31822,695,ZONE_B,True,0.001658323719004153
29-91510,3,18,44,2376,3302,17123,3302,High Movement,3,0.9203584905660378,High Priority,N26322,3292,ZONE_A,True,0.025585565950349786
29-920780,1,1,1,1,190,2100,190,Medium Movement,0,0.2962264150943396,Low Priority,N32633,189,ZONE_C,False,1.0768335837689304e-05
29-938174,15,11,18,2970,428,19892,428,Medium Movement,0,0.6515471698113207,Medium Priority,N316C5,426,ZONE_B,True,0.03198195743793723
29-94983,3,21,12,756,1724,54595,1724,High Movement,1,0.7551698113207547,Medium Priority,N24723,1724,ZONE_B,True,0.008140861893293114
29-94013,11,4,20,880,896,19318,896,High Movement,0,0.6870188679245283,Medium Priority,N25122,895,ZONE_B,True,0.009476135537166587
29-952873,22,4,7,616,671,10370,671,High Movement,0,0.5982264150943396,Medium Priority,N313A5,670,ZONE_B,True,0.006633294876016612
29-95580,11,5,20,1100,1043,21437,1043,High Movement,1,0.7362830188679244,Medium Priority,N25523,1042,ZONE_B,True,0.011845169421458236
29-975933,21,6,6,756,203,1868,203,Medium Movement,0,0.4206226415094339,Medium Priority,N313A2,203,ZONE_B,True,0.008140861893293114
29-975940,19,5,5,475,225,2056,225,Medium Movement,0,0.3918867924528301,Low Priority,N312A4,225,ZONE_C,False,0.00511495952290242
29-975025,21,6,6,756,515,5669,515,Medium Movement,0,0.5692075471698113,Medium Priority,N32732,515,ZONE_B,True,0.008140861893293114
29-024065,15,6,5,450,1059,10480,1059,High Movement,1,0.6475094339622641,Medium Priority,N32433,1059,ZONE_B,True,0.004845751126960187
29-024089,15,5,5,375,974,10177,974,High Movement,0,0.6226792452830188,Medium Priority,N31032,973,ZONE_B,True,0.00403812593913349
35-11127,22,8,8,1408,2,305,2,Low Movement,0,0.2297547169811321,Low Priority,184372,1,ZONE_C,False,0.015161816859466541
35-13925,1,1,1,1,223,6468,223,Medium Movement,0,0.3173584905660377,Low Priority,182522,222,ZONE_C,False,1.0768335837689304e-05
35-174987,6,9,9,486,99,2882,99,Low Movement,0,0.2880754716981132,Low Priority,181932,99,ZONE_C,False,0.005233411217117002
35-20205,1,36,45,1620,9,3240,9,Low Movement,0,0.2676037735849056,Low Priority,181532,8,ZONE_C,False,0.017444704057056674
35-311610,48,5,5,1200,134,4916,134,Low Movement,0,0.4230943396226415,Medium Priority,182022,100,ZONE_B,True,0.012922003005227167
35-311627,34,5,5,850,284,14486,284,Medium Movement,0,0.4845849056603774,Medium Priority,182822,284,ZONE_B,True,0.009153085462035908
35-311634,34,5,5,850,458,25812,458,Medium Movement,0,0.5615849056603772,Medium Priority,182722,457,ZONE_B,True,0.009153085462035908
35-311641,33,5,4,660,101,3403,101,Low Movement,0,0.3167924528301886,Low Priority,183723,101,ZONE_C,False,0.007107101652874941
35-311658,33,6,6,1188,167,3629,167,Medium Movement,0,0.4510943396226414,Medium Priority,182823,166,ZONE_B,True,0.012792782975174893
35-311665,6,9,9,486,59,1944,59,Low Movement,0,0.2407924528301886,Low Priority,1833A8,58,ZONE_C,False,0.005233411217117002
35-41656,33,5,5,825,272,11707,272,Medium Movement,0,0.4726037735849056,Medium Priority,182922,272,ZONE_B,True,0.008883877066093676
35-49046,2,39,15,1170,8,2040,8,Low Movement,0,0.2296226415094339,Low Priority,182532,8,ZONE_C,False,0.012598952930096486
35-54215,23,6,7,966,166,7196,166,Medium Movement,0,0.4225094339622641,Medium Priority,182023,166,ZONE_B,True,0.010402212419207869
35-55199,30,8,5,1200,137,5370,137,Low Movement,0,0.426132075471698,Medium Priority,183222,136,ZONE_B,True,0.012922003005227167
35-82103,4,5,5,100,68,3156,68,Low Movement,0,0.2061132075471697,Low Priority,181323,68,ZONE_C,False,0.0010768335837689305
35-92796,12,20,18,4320,48,390,48,Low Movement,0,0.4015283018867924,Medium Priority,183732,48,ZONE_B,True,0.0465192108188178
35-92797,16,17,15,4080,45,362,45,Low Movement,0,0.3944150943396226,Low Priority,183532,45,ZONE_C,False,0.04393481021777236
35-92798,15,19,12,3420,31,207,31,Low Movement,0,0.358566037735849,Low Priority,183523,31,ZONE_C,False,0.03682770856489742
35-92799,14,21,19,5586,44,314,44,Low Movement,0,0.4022452830188679,Medium Priority,183132,44,ZONE_B,True,0.06015192398933245
35-92790,14,21,19,5586,39,308,39,Low Movement,0,0.3902264150943396,Low Priority,183332,39,ZONE_C,False,0.06015192398933245
36-111352,5,37,17,3145,77,187,77,Low Movement,0,0.4275094339622641,Medium Priority,N369A4,77,ZONE_B,True,0.03386641620953286
36-131080,1,1,1,1,7,33,7,Low Movement,0,0.0555849056603773,Low Priority,N363A4,5,ZONE_C,False,1.0768335837689304e-05
36-21AV-7Y,1,1,1,1,26,321,26,Low Movement,0,0.1049811320754717,Low Priority,N412C5,26,ZONE_C,False,1.0768335837689304e-05
36-24AV,1,1,1,1,37,584,37,Low Movement,0,0.128754716981132,Low Priority,N412C6,37,ZONE_C,False,1.0768335837689304e-05
36-31059,1,1,1,1,2,4,2,Low Movement,0,0.0357735849056603,Low Priority,N350A2,2,ZONE_C,False,1.0768335837689304e-05
36-31066,1,1,1,1,44,105,44,Low Movement,0,0.1452641509433962,Low Priority,N350A3,44,ZONE_C,False,1.0768335837689304e-05
36-31073,1,1,1,1,37,99,37,Low Movement,0,0.128754716981132,Low Priority,N350A4,37,ZONE_C,False,1.0768335837689304e-05
36-3AAMFE,1,1,1,1,100,715,100,Low Movement,0,0.2144716981132075,Low Priority,N362A3,77,ZONE_C,False,1.0768335837689304e-05
36-423AV,1,1,1,1,41,1278,41,Low Movement,0,0.1387924528301886,Low Priority,N412C7,41,ZONE_C,False,1.0768335837689304e-05
36-5171123,17,5,5,425,713,13501,713,High Movement,0,0.5760754716981131,Medium Priority,N44223,710,ZONE_B,True,0.004576542731017954
36-5171130,17,5,5,425,482,8811,482,Medium Movement,0,0.5087169811320754,Medium Priority,N365C2,478,ZONE_B,True,0.004576542731017954
36-5171147,17,5,5,425,692,12809,692,High Movement,0,0.5718490566037736,Medium Priority,N44422,688,ZONE_B,True,0.004576542731017954
36-5171215,22,8,5,880,507,9502,507,Medium Movement,0,0.5858490566037735,Medium Priority,N36033,505,ZONE_B,True,0.009476135537166587
36-565119,1,16,10,160,11,19,11,Low Movement,0,0.0982075471698113,Low Priority,N363C3,6,ZONE_C,False,0.0017229337340302889
36-786AV,1,1,1,1,100,984,100,Low Movement,0,0.2144716981132075,Low Priority,N412C8,100,ZONE_C,False,1.0768335837689304e-05
36-8MQ-23,2,20,10,400,2536,45048,2536,High Movement,1,0.741056603773585,Medium Priority,N45222,2539,ZONE_B,True,0.004307334335075722
36-926-7N7,17,7,7,833,12,1417,12,Low Movement,0,0.2003962264150943,Low Priority,N363C3,11,ZONE_C,False,0.008970023752795191
36-926NCTU,1,1,1,1,203,856,203,Medium Movement,0,0.3063962264150943,Low Priority,N363A3,203,ZONE_C,False,1.0768335837689304e-05
36-935-5N3,12,2,13,312,392,24228,392,Medium Movement,0,0.4487358490566037,Medium Priority,N36023,393,ZONE_B,True,0.0033597207813590635
36-935NCTU,1,1,1,1,189,756,189,Medium Movement,0,0.295433962264151,Low Priority,N363A2,189,ZONE_C,False,1.0768335837689304e-05
36-CJLFMFE,1,1,1,1,71,494,71,Low Movement,0,0.1833018867924528,Low Priority,N414C3,71,ZONE_C,False,1.0768335837689304e-05
36-CJLFSFE,1,1,1,1,76,530,76,Low Movement,0,0.1887169811320754,Low Priority,N414C5,76,ZONE_C,False,1.0768335837689304e-05
36-CJLGSPO,1,1,1,1,10,42,10,Low Movement,0,0.0650943396226415,Low Priority,N42GC5,10,ZONE_C,False,1.0768335837689304e-05
36-CSTHFM,1,1,1,1,8,41,8,Low Movement,0,0.0590188679245283,Low Priority,N363A2,8,ZONE_C,False,1.0768335837689304e-05
36-CW5AAM,1,1,1,1,17,35,17,Low Movement,0,0.0829245283018867,Low Priority,N362A5,17,ZONE_C,False,1.0768335837689304e-05
36-FGM7W,1,1,1,1,60,270,60,Low Movement,0,0.1667924528301886,Low Priority,N362A2,47,ZONE_C,False,1.0768335837689304e-05
36-FW3AAMF,1,1,1,1,35,504,35,Low Movement,0,0.1254528301886792,Low Priority,N362A4,33,ZONE_C,False,1.0768335837689304e-05
36-L3-3,11,5,8,440,2,48,2,Low Movement,0,0.1030188679245283,Low Priority,N361C3,2,ZONE_C,False,0.004738067768583294
36-L4-3,11,5,8,440,2,48,2,Low Movement,0,0.1030188679245283,Low Priority,N361C4,2,ZONE_C,False,0.004738067768583294
36-LF34A-2,10,4,20,800,68,1529,68,Low Movement,0,0.3012075471698113,Low Priority,N363C4,68,ZONE_C,False,0.008614668670151444
36-ME826-3,1,15,11,165,92,1576,92,Low Movement,0,0.236377358490566,Low Priority,N368C4,92,ZONE_C,False,0.0017767754132187352
36-ME835-3,8,27,12,2592,122,2123,122,Low Movement,0,0.4647358490566037,Medium Priority,N368C5,122,ZONE_B,True,0.02791152649129068
36-MFE4AAA,26,10,10,2600,62,478,62,Low Movement,0,0.3975283018867924,Low Priority,N36032,55,ZONE_C,False,0.02799767317799219
36-MFELFZ,5,37,17,3145,15,37,15,Low Movement,0,0.3173584905660377,Low Priority,N414C4,15,ZONE_C,False,0.03386641620953286
36-QT242A,26,10,10,2600,18,72,18,Low Movement,0,0.3144528301886792,Low Priority,N369C4,18,ZONE_C,False,0.02799767317799219
36-QT70,11,3,8,264,5,28,5,Low Movement,0,0.0905849056603773,Low Priority,N42GC2,5,ZONE_C,False,0.0028428406611499765
36-QT81,11,3,8,264,1,11,1,Low Movement,0,0.0724905660377358,Low Priority,N414C2,1,ZONE_C,False,0.0028428406611499765
36-S23MFE,13,14,18,3276,60,442,60,Low Movement,0,0.405943396226415,Medium Priority,N369A3,60,ZONE_B,True,0.035277068204270165
36-S20MFE,17,14,21,4998,42,275,42,Low Movement,0,0.3956792452830189,Low Priority,N368A4,42,ZONE_C,False,0.05382014251677115
36-SMFE221,5,37,17,3145,385,4215,385,Medium Movement,0,0.636188679245283,Medium Priority,N37133,385,ZONE_B,True,0.03386641620953286
36-TK2116,21,5,5,525,351,5676,351,Medium Movement,0,0.4631509433962263,Medium Priority,N363C2,345,ZONE_B,True,0.005653376314786885
36-TK927,4,27,12,1296,361,3545,361,Medium Movement,0,0.5743396226415094,Medium Priority,N369C5,361,ZONE_B,True,0.01395576324564534
36-TQ411,21,5,5,525,245,4210,245,Medium Movement,0,0.4099245283018867,Medium Priority,N362C3,190,ZONE_B,True,0.005653376314786885
36-TVQFSME,1,1,1,1,30,305,30,Low Movement,0,0.1155471698113207,Low Priority,N368A5,30,ZONE_C,False,1.0768335837689304e-05
36-WC2EMFE,1,1,1,1,125,1017,125,Low Movement,0,0.2370566037735849,Low Priority,N361A2,125,ZONE_C,False,1.0768335837689304e-05
37-15597,11,13,1,143,4,22,4,Low Movement,0,0.0725471698113207,Low Priority,N346A4,4,ZONE_C,False,0.0015398720247895704
37-27745,7,18,2,252,1421,9799,1421,High Movement,1,0.6565283018867925,Medium Priority,N22123,1422,ZONE_B,True,0.002713620631097705
37-39593,2,8,18,288,1197,8005,1197,High Movement,1,0.6410943396226415,Medium Priority,N34722,1197,ZONE_B,True,0.00310128072125452
37-432987,4,13,11,572,259,9677,259,Medium Movement,0,0.4270377358490566,Medium Priority,N346A2,258,ZONE_B,True,0.006159488099158282
37-432017,12,1,7,84,226,9566,226,Medium Movement,0,0.3462264150943396,Low Priority,N346A5,164,ZONE_C,False,0.0009045402103659017
37-432031,4,13,11,572,284,10905,284,Medium Movement,0,0.4411698113207547,Medium Priority,N346C2,211,ZONE_B,True,0.006159488099158282
37-432062,4,13,11,572,212,8348,212,Medium Movement,0,0.3991698113207547,Low Priority,N346C5,212,ZONE_C,False,0.006159488099158282
37-45594,11,13,1,143,1061,73121,1061,High Movement,1,0.6065283018867924,Medium Priority,N22322,1061,ZONE_B,True,0.0015398720247895704
37-65593,11,13,1,143,1084,68890,1084,High Movement,1,0.6098301886792452,Medium Priority,N34732,1083,ZONE_B,True,0.0015398720247895704
37-7745,1,1,1,1,602,1442,602,Medium Movement,0,0.482188679245283,Medium Priority,N34523,594,ZONE_B,True,1.0768335837689304e-05
41-111493,1,1,1,1,40,2221,40,Low Movement,0,0.1358867924528302,Low Priority,N34433,40,ZONE_C,False,1.0768335837689304e-05
41-114323,1,1,1,1,196,6657,196,Medium Movement,0,0.3004528301886792,Low Priority,N333A2,196,ZONE_C,False,1.0768335837689304e-05
41-114934,1,1,1,1,2,81,2,Low Movement,0,0.0357735849056603,Low Priority,N341A2,2,ZONE_C,False,1.0768335837689304e-05
41-121718,27,8,2,432,482,7074,482,Medium Movement,0,0.5100188679245282,Medium Priority,N34533,482,ZONE_B,True,0.00465192108188178
41-121091,26,8,2,416,617,12129,617,Medium Movement,0,0.5504716981132075,Medium Priority,N43823,617,ZONE_B,True,0.004479627708478751
41-122964,1,1,1,1,389,16786,389,Medium Movement,0,0.3999056603773585,Low Priority,N43822,389,ZONE_C,False,1.0768335837689304e-05
41-125556,1,1,1,1,349,8054,349,Medium Movement,0,0.3822075471698113,Low Priority,N338A4,347,ZONE_C,False,1.0768335837689304e-05
41-126061,1,1,1,1,300,9827,300,Medium Movement,0,0.360811320754717,Low Priority,N334A2,299,ZONE_C,False,1.0768335837689304e-05
41-128157,1,1,1,1,323,9032,323,Medium Movement,0,0.3703207547169811,Low Priority,N330A4,323,ZONE_C,False,1.0768335837689304e-05
41-128164,1,1,1,1,503,12830,503,Medium Movement,0,0.4507547169811321,Medium Priority,N338A5,503,ZONE_B,True,1.0768335837689304e-05
41-120834,12,4,4,192,426,9158,426,Medium Movement,0,0.4485283018867925,Medium Priority,N43622,427,ZONE_B,True,0.0020675204808363466
41-211396,25,8,2,400,1081,19103,1081,High Movement,1,0.6427924528301887,Medium Priority,N338C3,1081,ZONE_B,True,0.004307334335075722
41-211853,24,5,2,240,99,1640,99,Low Movement,0,0.2482830188679245,Low Priority,N341C5,99,ZONE_C,False,0.0025844006010454328
41-235456,22,2,7,308,2,8,2,Low Movement,0,0.0831509433962264,Low Priority,N335A5,2,ZONE_C,False,0.003316647438008306
41-230239,24,2,8,384,1306,26302,1306,High Movement,1,0.6653584905660377,Medium Priority,N335C3,1302,ZONE_B,True,0.004135040961672693
41-230277,26,8,2,416,1529,32579,1529,High Movement,1,0.6927169811320755,Medium Priority,N335C2,1523,ZONE_B,True,0.004479627708478751
41-241099,23,4,5,460,1,12,1,Low Movement,0,0.1019811320754717,Low Priority,N43222,1,ZONE_C,False,0.00495343448533708
41-242157,22,4,4,352,2571,91222,2571,High Movement,1,0.7341698113207547,Medium Priority,N42823,2569,ZONE_B,True,0.0037904542148666353
41-243185,20,4,4,320,684,23494,684,High Movement,0,0.5542452830188679,Medium Priority,N34423,684,ZONE_B,True,0.0034458674680605777
41-278224,19,4,3,228,810,38181,810,High Movement,0,0.5697358490566038,Medium Priority,N34522,810,ZONE_B,True,0.002455180570993161
41-278231,22,4,4,352,4214,190043,4214,High Movement,3,0.7634905660377358,Medium Priority,N42623,4214,ZONE_B,True,0.0037904542148666353
41-278255,22,4,5,440,1641,74692,1641,High Movement,1,0.7043584905660376,Medium Priority,N42822,1640,ZONE_B,True,0.004738067768583294
41-278767,17,4,5,340,477,14041,477,Medium Movement,0,0.4918867924528301,Medium Priority,N334C2,476,ZONE_B,True,0.0036612341848143637
41-282023,1,1,1,1,21,449,21,Low Movement,0,0.0929622641509433,Low Priority,N42023,21,ZONE_C,False,1.0768335837689304e-05
41-283310,21,4,13,1092,1158,56213,1158,High Movement,1,0.7488867924528302,Medium Priority,N42622,1146,ZONE_B,True,0.011759022734756722
41-289770,27,3,24,1944,51,7392,51,Low Movement,0,0.3691132075471697,Low Priority,782123,44,ZONE_C,False,0.020933644868468007
41-36633,19,4,3,228,146,1714,146,Low Movement,0,0.2917169811320754,Low Priority,N338A3,146,ZONE_C,False,0.002455180570993161
41-380276,27,4,12,1296,1436,38030,1436,High Movement,1,0.8063962264150943,High Priority,N34222,1436,ZONE_A,True,0.01395576324564534
41-418858,24,10,7,1680,475,5934,475,Medium Movement,0,0.645377358490566,Medium Priority,N34332,474,ZONE_B,True,0.018090804207318033
41-418865,19,5,9,855,558,7287,558,Medium Movement,0,0.5995849056603773,Medium Priority,N34233,557,ZONE_B,True,0.009206927141224355
41-42101,24,2,4,192,146,3475,146,Low Movement,0,0.2883207547169811,Low Priority,N43022,147,ZONE_C,False,0.0020675204808363466
41-43970,19,5,9,855,290,4733,290,Medium Movement,0,0.487188679245283,Medium Priority,N338C2,290,ZONE_B,True,0.009206927141224355
41-452398,24,8,3,576,454,15202,454,Medium Movement,0,0.5191698113207547,Medium Priority,N332C4,451,ZONE_B,True,0.00620256144250904
41-479569,21,4,4,336,997,38657,997,High Movement,0,0.6191698113207547,Medium Priority,N43623,997,ZONE_B,True,0.0036181608414636067
41-482620,17,4,5,340,326,9738,326,Medium Movement,0,0.4237358490566037,Medium Priority,N34422,326,ZONE_B,True,0.0036612341848143637
41-499598,25,8,2,400,198,3984,198,Medium Movement,0,0.3635849056603773,Low Priority,N34323,198,ZONE_C,False,0.004307334335075722
41-499628,24,5,4,480,815,28462,815,High Movement,0,0.6106037735849056,Medium Priority,N43422,814,ZONE_B,True,0.0051688012020908655
41-401273,1,1,1,1,247,7151,247,Medium Movement,0,0.3316226415094339,Low Priority,N331C2,247,ZONE_C,False,1.0768335837689304e-05
41-403819,1,1,1,1,585,16597,585,Medium Movement,0,0.4770377358490565,Medium Priority,N339A4,583,ZONE_B,True,1.0768335837689304e-05
41-403826,17,4,5,340,245,8473,245,Medium Movement,0,0.3825283018867924,Low Priority,N341A4,245,ZONE_C,False,0.0036612341848143637
41-405264,24,6,9,1296,159,2461,159,Medium Movement,0,0.4563962264150943,Medium Priority,N34733,159,ZONE_B,True,0.01395576324564534
41-405615,1,1,1,1,132,5927,132,Low Movement,0,0.2439245283018867,Low Priority,N339C5,131,ZONE_C,False,1.0768335837689304e-05
41-407503,17,4,5,340,199,6362,199,Medium Movement,0,0.3551886792452829,Low Priority,N34333,198,ZONE_C,False,0.0036612341848143637
41-409538,1,1,1,1,805,20015,805,High Movement,0,0.533433962264151,Medium Priority,N330C2,805,ZONE_B,True,1.0768335837689304e-05
41-524637,23,4,5,460,178,6119,178,Medium Movement,0,0.3580754716981131,Low Priority,N331A2,178,ZONE_C,False,0.00495343448533708
41-538396,1,1,1,1,141,4695,141,Low Movement,0,0.2522452830188679,Low Priority,N331A3,139,ZONE_C,False,1.0768335837689304e-05
41-538303,1,1,1,1,2,24,2,Low Movement,0,0.0357735849056603,Low Priority,N341A3,2,ZONE_C,False,1.0768335837689304e-05
41-57911,24,2,4,192,633,13528,633,High Movement,0,0.5230188679245282,Medium Priority,N42022,630,ZONE_B,True,0.0020675204808363466
41-507415,1,1,1,1,119,5006,119,Low Movement,0,0.233754716981132,Low Priority,N332C3,119,ZONE_C,False,1.0768335837689304e-05
41-820043,6,25,2,300,154,2329,154,Medium Movement,0,0.3112641509433962,Low Priority,N339A3,154,ZONE_C,False,0.003230500751306792
41-842243,1,1,1,1,617,10722,617,Medium Movement,0,0.4874716981132075,Medium Priority,N331C5,617,ZONE_B,True,1.0768335837689304e-05
41-918189,24,10,7,1680,1353,6037,1353,High Movement,1,0.8195849056603772,High Priority,N34223,1351,ZONE_A,True,0.018090804207318033
41-945257,27,4,12,1296,839,12963,839,High Movement,0,0.7259622641509433,Medium Priority,N43423,839,ZONE_B,True,0.01395576324564534
41-949552,21,4,4,336,926,30399,926,High Movement,0,0.6086037735849056,Medium Priority,N43223,926,ZONE_B,True,0.0036181608414636067
41-940375,2,25,5,250,394,5361,394,Medium Movement,0,0.4390566037735849,Medium Priority,N334A3,394,ZONE_B,True,0.002692083959422326
41-940382,2,25,5,250,462,6136,462,Medium Movement,0,0.4696981132075472,Medium Priority,N341C3,462,ZONE_B,True,0.002692083959422326
41-940548,27,8,2,432,475,8565,475,Medium Movement,0,0.5042075471698113,Medium Priority,N333C4,475,ZONE_B,True,0.00465192108188178
41-957335,21,3,12,756,639,9322,639,High Movement,0,0.607377358490566,Medium Priority,N334C4,639,ZONE_B,True,0.008140861893293114
41-966726,1,1,1,1,198,3026,198,Medium Movement,0,0.3021698113207547,Low Priority,N331A4,198,ZONE_C,False,1.0768335837689304e-05
41-960747,1,1,1,1,12,44,12,Low Movement,0,0.0707735849056603,Low Priority,N335A2,12,ZONE_C,False,1.0768335837689304e-05
92-268034,15,6,6,540,165,3955,165,Medium Movement,0,0.3570566037735849,Low Priority,N47522,165,ZONE_C,False,0.005814901352352225
92-51117,16,6,6,576,662,16853,662,High Movement,0,0.5885094339622641,Medium Priority,N47423,662,ZONE_B,True,0.00620256144250904
92-52114,15,6,6,540,1293,39860,1293,High Movement,1,0.6876415094339622,Medium Priority,N47422,1277,ZONE_B,True,0.005814901352352225
92-55115,15,6,6,540,919,20687,919,High Movement,0,0.6389056603773584,Medium Priority,N47622,919,ZONE_B,True,0.005814901352352225
92-584882,15,6,6,540,453,11981,453,Medium Movement,0,0.5121132075471698,Medium Priority,N47723,453,ZONE_B,True,0.005814901352352225
92-004211,15,6,6,540,405,10174,405,Medium Movement,0,0.4908490566037735,Medium Priority,N47523,405,ZONE_B,True,0.005814901352352225
99-112015,13,11,1,143,564,3750,564,Medium Movement,0,0.4982264150943395,Medium Priority,N27422,564,ZONE_B,True,0.0015398720247895704
99-14528,12,11,11,1452,19,4178,19,Low Movement,0,0.2852452830188679,Low Priority,302332,10,ZONE_C,False,0.01563562363632487
99-146028,1,1,1,1,157,835,157,Medium Movement,0,0.2669056603773584,Low Priority,N32C23,157,ZONE_C,False,1.0768335837689304e-05
99-146029,1,1,1,1,277,1580,277,Medium Movement,0,0.3511698113207547,Low Priority,N32C22,273,ZONE_C,False,1.0768335837689304e-05
99-1851163,13,11,11,1573,2098,18777,2098,High Movement,1,0.8662830188679244,High Priority,N27423,2093,ZONE_A,True,0.016938592272685276
99-1851164,17,14,14,3332,2264,24718,2264,High Movement,1,0.9089433962264152,High Priority,N27723,2234,ZONE_A,True,0.035880095011180765
99-1851165,19,16,16,4864,2231,18146,2231,High Movement,1,0.9210943396226416,High Priority,N27922,2199,ZONE_A,True,0.05237718551452078
99-1851166,17,14,14,3332,960,15484,960,High Movement,0,0.8022264150943397,High Priority,N27623,938,ZONE_A,True,0.035880095011180765
99-1852131,13,11,11,1573,1239,10558,1239,High Movement,1,0.8028867924528301,High Priority,N33C22,1238,ZONE_A,True,0.016938592272685276
99-1852148,17,14,14,3332,1545,9274,1545,High Movement,1,0.8701132075471698,High Priority,N33C23,1545,ZONE_A,True,0.035880095011180765
99-523684,1,1,1,1,71,408,71,Low Movement,0,0.1833018867924528,Low Priority,N27823,71,ZONE_C,False,1.0768335837689304e-05
99-523806,1,1,1,1,47,6312,47,Low Movement,0,0.1502830188679245,Low Priority,576242,17,ZONE_C,False,1.0768335837689304e-05
99-523912,1,1,1,1,36,4443,36,Low Movement,0,0.1270377358490566,Low Priority,492443,4,ZONE_C,False,1.0768335837689304e-05
99-523929,1,1,1,1,19,3600,19,Low Movement,0,0.0882075471698113,Low Priority,N33C52,2,ZONE_C,False,1.0768335837689304e-05
99-523936,1,1,1,1,32,6624,32,Low Movement,0,0.1199056603773584,Low Priority,576242,3,ZONE_C,False,1.0768335837689304e-05
99-523981,1,1,1,1,212,2557,212,Medium Movement,0,0.3119433962264151,Low Priority,N27522,155,ZONE_C,False,1.0768335837689304e-05
99-523982,1,1,1,1,67,970,67,Low Movement,0,0.1772264150943396,Low Priority,N33D22,66,ZONE_C,False,1.0768335837689304e-05
99-537167,12,11,11,1452,453,3167,453,Medium Movement,0,0.6263962264150943,Medium Priority,N33D32,453,ZONE_B,True,0.01563562363632487
99-6914562,25,13,17,5525,73,378,73,Low Movement,0,0.4423584905660377,Medium Priority,494322,37,ZONE_B,True,0.05949505550323341
99-6914586,25,13,17,5525,100,610,100,Low Movement,0,0.4708867924528301,Medium Priority,N32A33,63,ZONE_B,True,0.05949505550323341
99-818735,13,11,11,1573,1188,9890,1188,High Movement,1,0.7976037735849055,Medium Priority,412922,1188,ZONE_B,True,0.016938592272685276
99-912766,1,1,1,1,335,3581,335,Medium Movement,0,0.3765283018867924,Low Priority,N32C22,321,ZONE_C,False,1.0768335837689304e-05
99-912773,1,1,1,1,385,2017,385,Medium Movement,0,0.3988490566037735,Low Priority,N33A22,385,ZONE_C,False,1.0768335837689304e-05
99-912797,1,1,1,1,486,1849,486,Medium Movement,0,0.4454716981132075,Medium Priority,N33A23,486,ZONE_B,True,1.0768335837689304e-05
99-914715,13,11,11,1573,192,1721,192,Medium Movement,0,0.5001698113207547,Medium Priority,N33D33,191,ZONE_B,True,0.016938592272685276
99-915910,24,17,18,7344,69,375,69,Low Movement,0,0.442377358490566,Medium Priority,N27832,45,ZONE_B,True,0.07908265839199026
99-915934,25,17,18,7650,50,246,50,Low Movement,0,0.4166603773584906,Medium Priority,N27433,32,ZONE_B,True,0.08237776915832318
99-917099,25,13,17,5525,59,4493,59,Low Movement,0,0.4217547169811321,Medium Priority,N27633,22,ZONE_B,True,0.05949505550323341
99-918188,25,13,17,5525,1223,7143,1223,High Movement,1,0.8544339622641509,High Priority,N27432,779,ZONE_A,True,0.05949505550323341
99-918195,1,1,1,1,83,3813,83,Low Movement,0,0.1991509433962263,Low Priority,N32A32,54,ZONE_C,False,1.0768335837689304e-05
99-921829,1,1,1,1,1,7,1,Low Movement,0,0.0300943396226415,Low Priority,461743,1,ZONE_C,False,1.0768335837689304e-05
A2-11081,5,9,22,990,2149,97628,2149,High Movement,1,0.814566037735849,High Priority,174823,2147,ZONE_A,True,0.010660652479312412
A2-37077,22,9,13,2574,99,1473,99,Low Movement,0,0.4410188679245282,Medium Priority,382623,50,ZONE_B,True,0.027717696446212272
A2-41130,4,15,21,1260,1893,74556,1893,High Movement,1,0.8343396226415094,High Priority,381222,1885,ZONE_A,True,0.013568103155488525
A2-41168,20,12,11,2640,1997,9878,1997,High Movement,1,0.8872641509433962,High Priority,381322,1313,ZONE_A,True,0.028428406611499764
A2-41189,20,12,11,2640,3863,33128,3863,High Movement,3,0.9354716981132076,High Priority,381522,2489,ZONE_A,True,0.028428406611499764
A2-41180,4,15,22,1320,6342,590965,6342,High Movement,3,0.9106037735849056,High Priority,174922,6151,ZONE_A,True,0.014214203305749882
A2-41638,1,1,1,1,2714,148320,2714,High Movement,1,0.6843962264150943,Medium Priority,174822,2690,ZONE_B,True,1.0768335837689304e-05
A2-41648,55,14,3,2310,693,38580,693,High Movement,0,0.7304150943396226,Medium Priority,381523,467,ZONE_B,True,0.024874855785062294
A291119148,3,14,21,882,3092,179551,3092,High Movement,1,0.827566037735849,High Priority,174424,3060,ZONE_A,True,0.009497672208841967
A291119156,3,14,21,882,2345,93127,2345,High Movement,1,0.8082830188679244,High Priority,174422,2331,ZONE_A,True,0.009497672208841967
A291119163,7,10,21,1470,2810,162426,2810,High Movement,1,0.8852830188679244,High Priority,174423,2750,ZONE_A,True,0.015829453681403278
A291719129,17,10,10,1700,439,11248,439,Medium Movement,0,0.6304339622641509,Medium Priority,174523,439,ZONE_B,True,0.018306170924071816
A291719137,17,10,9,1530,419,10911,419,Medium Movement,0,0.6157924528301886,Medium Priority,174623,419,ZONE_B,True,0.016475553831664633
A291719228,20,12,11,2640,593,9501,593,Medium Movement,0,0.7085660377358489,Medium Priority,174522,593,ZONE_B,True,0.028428406611499764
A291719483,25,13,13,4225,583,7815,583,Medium Movement,0,0.7253584905660376,Medium Priority,381422,379,ZONE_B,True,0.04549621891423731
A297132483,3,14,21,882,789,22508,789,High Movement,0,0.6652452830188679,Medium Priority,174723,790,ZONE_B,True,0.009497672208841967
A297132517,5,9,21,945,1031,25458,1031,High Movement,0,0.7200377358490566,Medium Priority,174622,1030,ZONE_B,True,0.010176077366616394
A3-11120,8,21,28,4704,948,20416,948,High Movement,0,0.8127735849056603,High Priority,372722,946,ZONE_A,True,0.05065425178049049
A3-11151,9,18,14,2268,347,13024,347,Medium Movement,0,0.6034150943396226,Medium Priority,171923,347,ZONE_B,True,0.02442258567987934
A3-11163,9,32,17,4896,3732,228379,3732,High Movement,3,0.9572452830188678,High Priority,171422,3495,ZONE_A,True,0.052721772261326835
A3-11164,9,32,17,4896,1408,38446,1408,High Movement,1,0.8698113207547169,High Priority,171622,1401,ZONE_A,True,0.052721772261326835
A3-11165,9,32,17,4896,2488,86162,2488,High Movement,1,0.9324150943396226,High Priority,171322,2470,ZONE_A,True,0.052721772261326835
A3-11166,9,32,18,5184,3168,156198,3168,High Movement,1,0.9483018867924528,High Priority,171222,3036,ZONE_A,True,0.05582305298258136
A3-11167,18,16,18,5184,2837,126664,2837,High Movement,1,0.9424905660377358,High Priority,171522,2784,ZONE_A,True,0.05582305298258136
A3-11218,8,21,27,4536,510,11289,510,Medium Movement,0,0.7034150943396227,Medium Priority,372822,502,ZONE_B,True,0.04884517135975868
A3-11486,13,9,4,468,3177,335641,3177,High Movement,1,0.7666415094339623,Medium Priority,171922,3143,ZONE_B,True,0.005039581172038594
A3-11493,13,9,4,468,3089,305258,3089,High Movement,1,0.7645283018867924,Medium Priority,172122,3067,ZONE_B,True,0.005039581172038594
A3-11400,7,9,8,504,3055,266093,3055,High Movement,1,0.7677735849056603,Medium Priority,172123,3027,ZONE_B,True,0.00542724126219541
A3-11086,1,1,1,1,244,3022,244,Medium Movement,0,0.3296415094339622,Low Priority,382822,244,ZONE_C,False,1.0768335837689304e-05
A3-12120,1,1,1,1,250,3146,250,Medium Movement,0,0.3332075471698113,Low Priority,382823,250,ZONE_C,False,1.0768335837689304e-05
A3-16579,8,17,25,3400,497,7507,497,Medium Movement,0,0.689377358490566,Medium Priority,372623,496,ZONE_B,True,0.03661234184814363
A3-16581,8,33,13,3432,477,6942,477,Medium Movement,0,0.6806603773584905,Medium Priority,372622,476,ZONE_B,True,0.036956928594949694
A3-16678,18,13,5,1170,305,4224,305,Medium Movement,0,0.534320754716981,Medium Priority,382622,163,ZONE_B,True,0.012598952930096486
A3-17313,21,31,32,20832,66,7082,66,Low Movement,0,0.4473018867924528,Medium Priority,576242,29,ZONE_B,True,0.2243259721707436
A3-24393,26,6,20,3120,380,5447,380,Medium Movement,0,0.6319245283018868,Medium Priority,372522,237,ZONE_B,True,0.03359720781359063
A3-26083,8,10,11,880,537,10592,537,Medium Movement,0,0.5952264150943396,Medium Priority,372432,537,ZONE_B,True,0.009476135537166587
A3-27035,21,8,13,2184,30,437,30,Low Movement,0,0.3365283018867924,Low Priority,373332,30,ZONE_C,False,0.023518045469513443
A3-41610,9,10,10,900,872,32507,872,High Movement,0,0.6873396226415094,Medium Priority,383222,449,ZONE_B,True,0.009691502253920374
A3-41621,9,10,10,900,870,29315,870,High Movement,0,0.6858867924528301,Medium Priority,381423,488,ZONE_B,True,0.009691502253920374
A3-41622,9,10,10,900,871,28999,871,High Movement,0,0.6865471698113207,Medium Priority,381622,507,ZONE_B,True,0.009691502253920374
A3-41623,9,10,10,900,969,32996,969,High Movement,0,0.7031886792452829,Medium Priority,381722,600,ZONE_B,True,0.009691502253920374
A3-41643,9,10,10,900,504,15299,504,Medium Movement,0,0.5905283018867924,Medium Priority,391323,257,ZONE_B,True,0.009691502253920374
A3-41644,9,10,10,900,162,5937,162,Medium Movement,0,0.411566037735849,Medium Priority,381822,100,ZONE_B,True,0.009691502253920374
A3-41653,1,1,1,1,153,18106,153,Medium Movement,0,0.2638679245283019,Low Priority,381323,151,ZONE_C,False,1.0768335837689304e-05
A3-41657,1,1,1,1,1337,42550,1337,High Movement,1,0.6104339622641509,Medium Priority,171022,1322,ZONE_B,True,1.0768335837689304e-05
A3-45229,7,3,17,357,4877,372716,4877,High Movement,3,0.7704528301886792,Medium Priority,381823,3181,ZONE_B,True,0.0038442958940550814
A3-45236,7,3,17,357,4326,312758,4326,High Movement,3,0.7656981132075472,Medium Priority,381922,2649,ZONE_B,True,0.0038442958940550814
A3-45243,7,3,16,336,2616,169210,2616,High Movement,1,0.7332830188679245,Medium Priority,381623,1355,ZONE_B,True,0.0036181608414636067
A3-45250,7,3,16,336,5106,409031,5106,High Movement,3,0.7686792452830188,Medium Priority,382122,3288,ZONE_B,True,0.0036181608414636067
A3-45274,7,10,16,1120,1508,37522,1508,High Movement,1,0.7889433962264151,Medium Priority,382123,794,ZONE_B,True,0.01206053613821202
A3-45281,1,1,1,1,727,19485,727,High Movement,0,0.5134905660377358,Medium Priority,381822,458,ZONE_B,True,1.0768335837689304e-05
A3-45205,7,5,33,1155,1687,44448,1687,High Movement,1,0.8097358490566038,High Priority,381022,915,ZONE_A,True,0.012437427892531147
A3-45540,1,1,1,1,1045,25319,1045,High Movement,1,0.5768867924528301,Medium Priority,381823,624,ZONE_B,True,1.0768335837689304e-05
A3-45557,1,1,1,1,235,5832,235,Medium Movement,0,0.3244905660377358,Low Priority,382722,199,ZONE_C,False,1.0768335837689304e-05
A3-45564,16,28,4,1792,1009,27194,1009,High Movement,0,0.7802452830188679,Medium Priority,382323,533,ZONE_B,True,0.019296857821139234
A3-45571,1,1,1,1,1181,37663,1181,High Movement,1,0.5933962264150944,Medium Priority,382523,642,ZONE_B,True,1.0768335837689304e-05
A3-52415,1,1,1,1,457,16919,457,Medium Movement,0,0.4305471698113208,Medium Priority,172522,411,ZONE_B,True,1.0768335837689304e-05
A3-52423,1,1,1,1,41,807,41,Low Movement,0,0.1387924528301886,Low Priority,172322,39,ZONE_C,False,1.0768335837689304e-05
A3-58081,18,13,5,1170,2310,37820,2310,High Movement,1,0.8420566037735848,High Priority,382422,1241,ZONE_A,True,0.012598952930096486
A3-58098,18,12,5,1080,2408,53831,2408,High Movement,1,0.8315471698113208,High Priority,382423,1504,ZONE_A,True,0.01162980270470445
A3-61234,28,18,5,2520,38,1884,38,Low Movement,0,0.3580188679245283,Low Priority,391623,33,ZONE_C,False,0.02713620631097705
A3-74335,26,16,7,2912,430,5937,430,Medium Movement,0,0.6518301886792452,Medium Priority,373433,430,ZONE_B,True,0.031357393959351255
A3-74302,18,13,5,1170,2888,64854,2888,High Movement,1,0.8594905660377358,High Priority,382522,1758,ZONE_A,True,0.012598952930096486
A3-75530,1,1,1,1,394,5603,394,Medium Movement,0,0.4021509433962264,Medium Priority,372823,227,ZONE_B,True,1.0768335837689304e-05
A391956259,20,9,13,2340,56,791,56,Low Movement,0,0.3849056603773585,Low Priority,373532,56,ZONE_C,False,0.025197905860192972
A391956522,21,9,13,2457,118,1631,118,Low Movement,0,0.459566037735849,Medium Priority,373132,118,ZONE_B,True,0.02645780115320262
A392056248,18,13,5,1170,449,6430,449,Medium Movement,0,0.5974528301886792,Medium Priority,421332,225,ZONE_B,True,0.012598952930096486
A392056271,18,4,16,1152,258,3526,258,Medium Movement,0,0.508377358490566,Medium Priority,421533,133,ZONE_B,True,0.01240512288501808
A393156584,18,4,16,1152,299,4299,299,Medium Movement,0,0.5295094339622641,Medium Priority,421532,232,ZONE_B,True,0.01240512288501808
A393156650,7,18,18,2268,3839,188049,3839,High Movement,3,0.927,High Priority,171723,3780,ZONE_A,True,0.02442258567987934
A393156675,7,18,18,2268,3349,166898,3349,High Movement,3,0.9188113207547168,High Priority,171722,3290,ZONE_A,True,0.02442258567987934
A393156683,7,18,18,2268,3474,153284,3474,High Movement,3,0.9217169811320756,High Priority,171623,3411,ZONE_A,True,0.02442258567987934
A393256129,26,6,20,3120,618,8965,618,Medium Movement,0,0.7238490566037735,Medium Priority,372923,617,ZONE_B,True,0.03359720781359063
A393256153,12,6,6,432,451,33418,451,Medium Movement,0,0.4940377358490566,Medium Priority,372222,451,ZONE_B,True,0.00465192108188178
A393256160,28,20,7,3920,461,7606,461,Medium Movement,0,0.6769056603773584,Medium Priority,372422,461,ZONE_B,True,0.042211876483742077
A393256186,26,6,20,3120,350,5314,350,Medium Movement,0,0.6189811320754717,Medium Priority,372922,349,ZONE_B,True,0.03359720781359063
A393256210,23,8,13,2392,1415,24228,1415,High Movement,1,0.8428490566037735,High Priority,372723,1415,ZONE_A,True,0.025757859323752817
A393256244,20,28,7,3920,1382,27376,1382,High Movement,1,0.8591698113207547,High Priority,372523,1381,ZONE_A,True,0.042211876483742077
A393256252,28,20,7,3920,413,6389,413,Medium Movement,0,0.657754716981132,Medium Priority,372423,413,ZONE_B,True,0.042211876483742077
A396219107,18,12,4,864,2585,82357,2585,High Movement,1,0.8123018867924527,High Priority,372023,2578,ZONE_A,True,0.00930384216376356
A396219231,22,5,16,1760,1204,33342,1204,High Movement,1,0.8066792452830187,High Priority,373322,1196,ZONE_A,True,0.018952271074333175
A396219272,17,12,4,816,1684,53231,1684,High Movement,1,0.7639245283018867,Medium Priority,373222,1683,ZONE_B,True,0.008786962043554473
A396219280,18,13,5,1170,3189,98174,3189,High Movement,1,0.8647735849056604,High Priority,373122,3185,ZONE_A,True,0.012598952930096486
A396219298,22,5,16,1760,1208,32112,1208,High Movement,1,0.806943396226415,High Priority,373323,1208,ZONE_A,True,0.018952271074333175
A396219314,22,16,5,1760,1660,53287,1660,High Movement,1,0.8473584905660376,High Priority,373223,1659,ZONE_A,True,0.018952271074333175
A396219348,20,14,3,840,2901,132111,2901,High Movement,1,0.8193396226415094,High Priority,373123,2899,ZONE_A,True,0.009045402103659016
A396219371,21,15,2,630,4343,220334,4343,High Movement,3,0.8094150943396227,High Priority,372022,4336,ZONE_A,True,0.006784051577744262
A399141242,22,8,8,1408,2203,45411,2203,High Movement,1,0.8606792452830188,High Priority,373423,2203,ZONE_A,True,0.015161816859466541
A399141250,25,10,8,2000,471,10490,471,Medium Movement,0,0.6509056603773584,Medium Priority,373422,469,ZONE_B,True,0.021536671675378607
A399141267,22,6,10,1320,733,14784,733,High Movement,0,0.7029811320754716,Medium Priority,373522,733,ZONE_B,True,0.014214203305749882
A399141275,25,7,11,1925,250,5428,250,Medium Movement,0,0.5460943396226414,Medium Priority,373723,250,ZONE_B,True,0.02072904648755191
A399141283,28,11,17,5236,851,18181,851,High Movement,0,0.7962264150943396,Medium Priority,373523,847,ZONE_B,True,0.0563830064461412
A3-02102,25,5,20,2500,313,5376,313,Medium Movement,0,0.5946037735849057,Medium Priority,372933,310,ZONE_B,True,0.026920839594223263
A5-11292,23,7,7,1127,10913,1464142,10913,High Movement,3,0.8887358490566037,High Priority,142922,10257,ZONE_A,True,0.012135914489075847
A5-11293,23,7,7,1127,8952,947960,8952,High Movement,3,0.8884716981132075,High Priority,142322,8586,ZONE_A,True,0.012135914489075847
A5-11294,23,7,7,1127,11774,1637843,11774,High Movement,3,0.889,High Priority,141322,10834,ZONE_A,True,0.012135914489075847
A5-11295,23,7,7,1127,5562,487061,5562,High Movement,3,0.883188679245283,High Priority,142522,5464,ZONE_A,True,0.012135914489075847
A5-11296,22,7,7,1078,2443,109584,2443,High Movement,1,0.8324528301886791,High Priority,141722,2433,ZONE_A,True,0.011608266033029072
A5-11298,23,7,7,1127,5100,343786,5100,High Movement,3,0.879754716981132,High Priority,141622,5025,ZONE_A,True,0.012135914489075847
A5-11319,22,7,7,1078,4667,367022,4667,High Movement,3,0.8694339622641509,High Priority,141922,4594,ZONE_A,True,0.011608266033029072
A5-11359,1,1,1,1,5118,484681,5118,High Movement,3,0.717943396226415,Medium Priority,142122,5011,ZONE_B,True,1.0768335837689304e-05
A5-23387,1,1,1,1,307,5497,307,Medium Movement,0,0.3651698113207547,Low Priority,141822,304,ZONE_C,False,1.0768335837689304e-05
A5-45145,15,14,40,8400,71,1012,71,Low Movement,0,0.4479245283018868,Medium Priority,151233,71,ZONE_B,True,0.09045402103659016
A5-45146,15,14,14,2940,117,1475,117,Low Movement,0,0.4656981132075471,Medium Priority,151633,115,ZONE_B,True,0.031658907362806556
A5-45147,16,15,14,3360,151,1719,151,Medium Movement,0,0.5011509433962263,Medium Priority,151433,148,ZONE_B,True,0.036181608414636066
A5-49326,13,6,4,312,6172,705404,6172,High Movement,3,0.7702075471698113,Medium Priority,143523,6069,ZONE_B,True,0.0033597207813590635
A5-49327,13,6,4,312,4819,436557,4819,High Movement,3,0.7625471698113206,Medium Priority,143322,4741,ZONE_B,True,0.0033597207813590635
A5-49328,13,6,4,312,6391,706058,6391,High Movement,3,0.7712641509433962,Medium Priority,143122,6282,ZONE_B,True,0.0033597207813590635
A5-40493,28,8,9,2016,1479,29841,1479,High Movement,1,0.8388490566037735,High Priority,141023,1477,ZONE_A,True,0.02170896504878164
A5-40494,28,8,8,1792,1169,21865,1169,High Movement,1,0.801377358490566,High Priority,141823,1169,ZONE_A,True,0.019296857821139234
A5-40495,1,1,1,1,885,16332,885,High Movement,0,0.5515283018867925,Medium Priority,141022,884,ZONE_B,True,1.0768335837689304e-05
A592662184,27,13,12,4212,333,4213,333,Medium Movement,0,0.6238867924528302,Medium Priority,151622,333,ZONE_B,True,0.04535623054834735
A592662192,27,13,12,4212,611,6962,611,Medium Movement,0,0.733377358490566,Medium Priority,151623,611,ZONE_B,True,0.04535623054834735
A592662100,27,13,12,4212,250,2763,250,Medium Movement,0,0.581754716981132,Medium Priority,151423,138,ZONE_B,True,0.04535623054834735
A592662390,27,13,12,4212,163,1934,163,Medium Movement,0,0.5216603773584905,Medium Priority,151822,163,ZONE_B,True,0.04535623054834735
A594862311,12,10,10,1200,209,4097,209,Medium Movement,0,0.4862264150943396,Medium Priority,151632,202,ZONE_B,True,0.012922003005227167
A594862329,13,10,10,1300,370,6738,370,Medium Movement,0,0.5777169811320754,Medium Priority,151432,358,ZONE_B,True,0.013998836588996096
A594862337,12,10,10,1200,161,2563,161,Medium Movement,0,0.4485849056603773,Medium Priority,151232,156,ZONE_B,True,0.012922003005227167
A6-14110,25,6,6,900,51,1424,51,Low Movement,0,0.2946792452830188,Low Priority,1536C4,51,ZONE_C,False,0.009691502253920374
A6A6112149,25,5,8,1000,408,13493,408,Medium Movement,0,0.5611698113207546,Medium Priority,1528C4,406,ZONE_B,True,0.010768335837689304
A6A6112157,25,6,6,900,9,84,9,Low Movement,0,0.2014339622641509,Low Priority,1528C2,9,ZONE_C,False,0.009691502253920374
A6A6112172,21,6,6,756,210,4348,210,Medium Movement,0,0.424188679245283,Medium Priority,1520C4,210,ZONE_B,True,0.008140861893293114
A6A6112313,22,6,6,792,256,5575,256,Medium Movement,0,0.4586981132075471,Medium Priority,1520C2,255,ZONE_B,True,0.00852852198344993
A9-13503,1,1,1,1,196,2874,196,Medium Movement,0,0.3004528301886792,Low Priority,142622,191,ZONE_C,False,1.0768335837689304e-05
A9-25108,1,1,1,1,1132,48074,1132,High Movement,1,0.5874528301886792,Medium Priority,143823,1095,ZONE_B,True,1.0768335837689304e-05
A9-32681,25,9,9,2025,3281,341825,3281,High Movement,3,0.9108301886792454,High Priority,144123,3045,ZONE_A,True,0.02180588007132084
A9-32601,21,7,7,1029,3710,306153,3710,High Movement,3,0.8576415094339622,High Priority,143922,3565,ZONE_A,True,0.011080617576982294
A9-33101,29,10,10,2900,37,858,37,Low Movement,0,0.3616792452830188,Low Priority,144122,37,ZONE_C,False,0.03122817392929898
A0J1921238,21,16,16,5376,324,3260,324,Medium Movement,0,0.6266415094339622,Medium Priority,392622,323,ZONE_B,True,0.05789057346341771
AE-11820,19,8,4,608,4,31,4,Low Movement,0,0.1386603773584905,Low Priority,N42E33,4,ZONE_C,False,0.0065471481893150975
AE-11011,8,6,5,240,66,900,66,Low Movement,0,0.2106415094339622,Low Priority,N42F23,66,ZONE_C,False,0.0025844006010454328
AE-15191,15,7,3,315,467,26099,467,Medium Movement,0,0.4830566037735849,Medium Priority,N42222,467,ZONE_B,True,0.003392025788872131
AE-15108,13,5,7,455,462,16947,462,Medium Movement,0,0.5032075471698113,Medium Priority,N42223,463,ZONE_B,True,0.0048995928061486334
AE-15214,11,4,2,88,335,9191,335,Medium Movement,0,0.4035283018867924,Medium Priority,N42F22,335,ZONE_B,True,0.0009476135537166588
AE-16844,9,3,2,54,7,114,7,Low Movement,0,0.0823584905660377,Low Priority,N415A2,8,ZONE_C,False,0.0005814901352352225
AE-17780,10,27,3,810,83,2731,83,Low Movement,0,0.3227169811320755,Low Priority,N419A2,83,ZONE_C,False,0.008722352028528337
AE-19977,1,10,17,170,331,8935,331,Medium Movement,0,0.4050754716981132,Medium Priority,N42E22,331,ZONE_B,True,0.0018306170924071818
AE-10614,1,10,17,170,311,6180,311,Medium Movement,0,0.3972830188679245,Low Priority,N42F33,311,ZONE_C,False,0.0018306170924071818
AE-23943,1,1,1,1,5,331,5,Low Movement,0,0.048188679245283,Low Priority,N42423,5,ZONE_C,False,1.0768335837689304e-05
AE-24208,1,1,1,1,45,542,45,Low Movement,0,0.1471132075471698,Low Priority,N413D4,45,ZONE_C,False,1.0768335837689304e-05
AE-31211,7,9,5,315,179,3237,179,Medium Movement,0,0.3356603773584906,Low Priority,N413C3,179,ZONE_C,False,0.003392025788872131
AE-31228,12,5,5,300,434,12163,434,Medium Movement,0,0.4668490566037735,Medium Priority,N413C2,430,ZONE_B,True,0.003230500751306792
AE-31081,1,1,1,1,15,98,15,Low Movement,0,0.0800188679245283,Low Priority,N42FD5,15,ZONE_C,False,1.0768335837689304e-05
AE-32132,1,1,1,1,25,177,25,Low Movement,0,0.1023396226415094,Low Priority,N415D2,25,ZONE_C,False,1.0768335837689304e-05
AE-32613,1,1,1,1,11,47,11,Low Movement,0,0.0678679245283018,Low Priority,N413D2,11,ZONE_C,False,1.0768335837689304e-05
AE-51591,19,8,4,608,133,1482,133,Low Movement,0,0.3394150943396226,Low Priority,N415C2,133,ZONE_C,False,0.0065471481893150975
AE-51676,1,1,1,1,27,249,27,Low Movement,0,0.107754716981132,Low Priority,N418C2,27,ZONE_C,False,1.0768335837689304e-05
AE-51683,1,1,1,1,30,278,30,Low Movement,0,0.1155471698113207,Low Priority,N419C5,30,ZONE_C,False,1.0768335837689304e-05
AE-51713,1,1,1,1,16,135,16,Low Movement,0,0.0816037735849056,Low Priority,N415C5,16,ZONE_C,False,1.0768335837689304e-05
AE-51829,1,1,1,1,13,167,13,Low Movement,0,0.0743396226415094,Low Priority,N415C4,13,ZONE_C,False,1.0768335837689304e-05
AE-54848,1,1,1,1,6,22,6,Low Movement,0,0.0518867924528301,Low Priority,N42FD3,6,ZONE_C,False,1.0768335837689304e-05
AE-61331,1,1,1,1,5,120,5,Low Movement,0,0.048188679245283,Low Priority,N418A4,5,ZONE_C,False,1.0768335837689304e-05
AE-82476,19,8,2,304,47,2264,47,Low Movement,0,0.1974339622641509,Low Priority,N418C5,47,ZONE_C,False,0.0032735740946575487
AE-82490,18,9,3,486,82,2496,82,Low Movement,0,0.2724905660377358,Low Priority,N413C5,46,ZONE_C,False,0.005233411217117002
AE-83596,12,4,3,144,63,1609,63,Low Movement,0,0.1982830188679245,Low Priority,N419C2,63,ZONE_C,False,0.00155064036062726
AE-08480,23,5,5,575,19,107,19,Low Movement,0,0.1758867924528301,Low Priority,N42422,19,ZONE_C,False,0.00619179310667135
AM-6287,10,23,28,6440,256,2214,256,Medium Movement,0,0.5975471698113207,Medium Priority,544422,256,ZONE_B,True,0.06934808279471912
AM-814422,23,42,12,11592,738,4404,738,High Movement,0,0.7846603773584906,Medium Priority,543423,738,ZONE_B,True,0.12482654903049441
AM-8161,7,47,25,8225,2483,36446,2483,High Movement,1,0.942754716981132,High Priority,544622,2483,ZONE_A,True,0.08856956226499453
AM-81612,23,11,26,6578,781,6873,781,High Movement,0,0.7886792452830188,Medium Priority,544623,780,ZONE_B,True,0.07083411314032025
AM-816132,1,1,1,1,595,7084,595,Medium Movement,0,0.4796792452830188,Medium Priority,544423,595,ZONE_B,True,1.0768335837689304e-05
AM-8171,7,19,24,3192,1910,25864,1910,High Movement,1,0.8909056603773584,High Priority,544823,1910,ZONE_A,True,0.034372527993904264
AM-81712,29,12,25,8700,572,5167,572,Medium Movement,0,0.7383018867924528,Medium Priority,544822,572,ZONE_B,True,0.09368452178789695
AM-817132,1,1,1,1,452,5141,452,Medium Movement,0,0.4286981132075471,Medium Priority,543622,451,ZONE_B,True,1.0768335837689304e-05
AM-8176,20,8,19,3040,3093,46230,3093,High Movement,1,0.9264905660377358,High Priority,543222,3093,ZONE_A,True,0.03273574094657549
AM-81762,22,26,14,8008,948,8142,948,High Movement,0,0.8245471698113207,High Priority,543223,948,ZONE_A,True,0.08623283338821595
AM-817632,12,22,4,1056,1883,29664,1883,High Movement,1,0.8055849056603773,High Priority,542822,1882,ZONE_A,True,0.011371362644599906
AM-82532,20,45,12,10800,840,5422,840,High Movement,0,0.8072830188679245,High Priority,543022,840,ZONE_A,True,0.11629802704704449
AM-82542,23,45,11,11385,954,5694,954,High Movement,0,0.8301320754716981,High Priority,545223,954,ZONE_A,True,0.12259750351209273
AM-825427,1,1,1,1,1916,20246,1916,High Movement,1,0.6526981132075471,Medium Priority,542622,1915,ZONE_B,True,1.0768335837689304e-05
AM-82552,25,45,11,12375,975,5821,975,High Movement,0,0.8339622641509433,High Priority,545222,975,ZONE_A,True,0.13325815599140514
AM-825526,1,1,1,1,1959,20723,1959,High Movement,1,0.6558679245283019,Medium Priority,542623,1957,ZONE_B,True,1.0768335837689304e-05
AM-82562,21,44,11,10164,628,3759,628,High Movement,0,0.7565849056603773,Medium Priority,543422,628,ZONE_B,True,0.1094493654542741
AM-8421,22,22,10,4840,1856,16612,1856,High Movement,1,0.9005471698113208,High Priority,543023,1856,ZONE_A,True,0.05211874545441624
AM-842126,1,1,1,1,2434,29896,2434,High Movement,1,0.6762075471698112,Medium Priority,544223,2429,ZONE_B,True,1.0768335837689304e-05
AM-8438,25,21,10,5250,1733,16182,1733,High Movement,1,0.8970943396226414,High Priority,544022,1733,ZONE_A,True,0.05653376314786885
AM-8445,23,21,10,4830,1864,17393,1864,High Movement,1,0.9010566037735848,High Priority,545622,1864,ZONE_A,True,0.05201106209603934
AM-8452,24,21,12,6048,1238,11379,1238,High Movement,1,0.8583584905660376,High Priority,542023,1238,ZONE_A,True,0.06512689514634491
AM-8469,22,22,11,5324,1326,12881,1326,High Movement,1,0.8641320754716981,High Priority,542022,1326,ZONE_A,True,0.057330619999857856
AM-0071,12,45,26,14040,186,1228,186,Medium Movement,0,0.5630566037735849,Medium Priority,543822,186,ZONE_B,True,0.15118743516115785
AS-23674,21,6,12,1512,571,16095,571,Medium Movement,0,0.6725471698113207,Medium Priority,182622,571,ZONE_B,True,0.016281723786586228
AS-27283,17,14,13,3094,657,9191,657,High Movement,0,0.7325283018867925,Medium Priority,183722,657,ZONE_B,True,0.033317231081810714
AS-27290,17,14,13,3094,599,6042,599,Medium Movement,0,0.7162830188679246,Medium Priority,183923,599,ZONE_B,True,0.033317231081810714
AS-27207,12,11,11,1452,824,11755,824,High Movement,0,0.7343018867924528,Medium Priority,183922,824,ZONE_B,True,0.01563562363632487
AS-27313,12,11,11,1452,1113,11439,1113,High Movement,1,0.781320754716981,Medium Priority,183023,1110,ZONE_B,True,0.01563562363632487
AS-27320,19,6,14,1596,952,30106,952,High Movement,0,0.765943396226415,Medium Priority,182222,951,ZONE_B,True,0.017186263996952132
AS-32249,20,6,13,1560,198,9769,198,Medium Movement,0,0.5040188679245283,Medium Priority,184422,197,ZONE_B,True,0.016798603906795315
AS-32287,20,6,12,1440,105,8715,105,Low Movement,0,0.4148679245283019,Medium Priority,181723,104,ZONE_B,True,0.0155064036062726
AS-32423,26,15,7,2730,146,2133,146,Low Movement,0,0.4873396226415094,Medium Priority,184423,146,ZONE_B,True,0.029397556836891804
AS-32447,27,7,15,2835,88,2519,88,Low Movement,0,0.435188679245283,Medium Priority,182122,85,ZONE_B,True,0.030528232099849176
AS-80190,17,14,13,3094,2226,24920,2226,High Movement,1,0.9027735849056604,High Priority,181822,2225,ZONE_A,True,0.033317231081810714
AS-80101,22,16,16,5632,1692,22929,1692,High Movement,1,0.8977924528301886,High Priority,181823,1636,ZONE_A,True,0.060647267437866165
AS-80211,12,11,11,1452,2221,32458,2221,High Movement,1,0.8643962264150943,High Priority,181423,2221,ZONE_A,True,0.01563562363632487
AS-01012,29,15,7,3045,1499,31851,1499,High Movement,1,0.8604150943396226,High Priority,181022,1499,ZONE_A,True,0.03278958262576393
AS-01013,12,11,11,1452,3856,90469,3856,High Movement,3,0.9028301886792452,High Priority,181622,3856,ZONE_A,True,0.01563562363632487
AS-01014,17,14,13,3094,3492,46404,3492,High Movement,3,0.9352641509433962,High Priority,181623,3490,ZONE_A,True,0.033317231081810714
AS-01015,22,16,16,5632,2573,31084,2573,High Movement,1,0.9382075471698113,High Priority,181023,2536,ZONE_A,True,0.060647267437866165
AS-01067,12,10,11,1320,828,9227,828,High Movement,0,0.725566037735849,Medium Priority,182223,828,ZONE_B,True,0.014214203305749882
AS-01068,17,14,13,3094,541,3754,541,Medium Movement,0,0.6988490566037735,Medium Priority,182224,541,ZONE_B,True,0.033317231081810714
AS-01069,12,11,11,1452,1020,10120,1020,High Movement,0,0.7700943396226415,Medium Priority,182422,1019,ZONE_B,True,0.01563562363632487
AS-01060,17,13,13,2873,977,8304,977,High Movement,0,0.7981132075471697,Medium Priority,182423,977,ZONE_B,True,0.03093742886168137
AS-02211,18,13,13,3042,355,5045,355,Medium Movement,0,0.6203207547169811,Medium Priority,182623,355,ZONE_B,True,0.03275727761825087
C2-16524,1,1,1,1,349,5318,349,Medium Movement,0,0.3822075471698113,Low Priority,413122,349,ZONE_C,False,1.0768335837689304e-05
C2-16527,1,1,1,1,301,5089,301,Medium Movement,0,0.3616037735849057,Low Priority,413323,301,ZONE_C,False,1.0768335837689304e-05
C2-16529,1,1,1,1,100,1632,100,Low Movement,0,0.2144716981132075,Low Priority,422922,100,ZONE_C,False,1.0768335837689304e-05
C2-17938,1,1,1,1,272,3918,272,Medium Movement,0,0.3477358490566037,Low Priority,422923,270,ZONE_C,False,1.0768335837689304e-05
C2-17947,1,1,1,1,205,3054,205,Medium Movement,0,0.3075849056603774,Low Priority,423323,203,ZONE_C,False,1.0768335837689304e-05
C2-17948,1,1,1,1,99,1424,99,Low Movement,0,0.2126226415094339,Low Priority,412523,99,ZONE_C,False,1.0768335837689304e-05
C2-19085,1,1,1,1,157,2539,157,Medium Movement,0,0.2669056603773584,Low Priority,411922,157,ZONE_C,False,1.0768335837689304e-05
C2-19086,22,10,6,1320,111,1605,111,Low Movement,0,0.4126792452830188,Medium Priority,412723,111,ZONE_B,True,0.014214203305749882
C2-19087,1,1,1,1,177,2628,177,Medium Movement,0,0.2847358490566037,Low Priority,412923,177,ZONE_C,False,1.0768335837689304e-05
C2-19088,1,1,1,1,121,1874,121,Low Movement,0,0.2354716981132075,Low Priority,423122,120,ZONE_C,False,1.0768335837689304e-05
C2-21039,1,1,1,1,77,1196,77,Low Movement,0,0.1901698113207547,Low Priority,412722,77,ZONE_C,False,1.0768335837689304e-05
C2-21046,1,1,1,1,9,144,9,Low Movement,0,0.062188679245283,Low Priority,412322,8,ZONE_C,False,1.0768335837689304e-05
C2-21053,1,1,1,1,112,1756,112,Low Movement,0,0.2262264150943396,Low Priority,413123,112,ZONE_C,False,1.0768335837689304e-05
C7-15347,21,7,7,1029,147,3131,147,Low Movement,0,0.4124150943396226,Medium Priority,155123,147,ZONE_B,True,0.011080617576982294
C7-15348,25,5,12,1500,140,2363,140,Low Movement,0,0.4509999999999999,Medium Priority,154923,118,ZONE_B,True,0.01615250375653396
C7-15395,17,6,6,612,328,5594,328,Medium Movement,0,0.4680566037735849,Medium Priority,154522,300,ZONE_B,True,0.006590221532665854
C7-15396,21,7,7,1029,116,1661,116,Low Movement,0,0.3850754716981132,Low Priority,154524,107,ZONE_C,False,0.011080617576982294
C7-15397,22,7,7,1078,84,1440,84,Low Movement,0,0.3564528301886792,Low Priority,154723,50,ZONE_C,False,0.011608266033029072
C7-15398,25,8,8,1600,5,90,5,Low Movement,0,0.2525849056603773,Low Priority,154723,5,ZONE_C,False,0.017229337340302887
C7-15624,26,9,9,2106,50,820,50,Low Movement,0,0.3729056603773585,Low Priority,154922,50,ZONE_C,False,0.022678115274173676
C7-15625,26,9,9,2106,72,776,72,Low Movement,0,0.4038113207547169,Medium Priority,155122,71,ZONE_B,True,0.022678115274173676
C7-15626,17,6,6,612,116,2055,116,Low Movement,0,0.3258113207547169,Low Priority,154722,102,ZONE_C,False,0.006590221532665854
C704831237,28,12,11,3696,27,654,27,Low Movement,0,0.3509811320754716,Low Priority,154523,27,ZONE_C,False,0.03979976925609967
C8-1151,9,6,6,324,866,41400,866,High Movement,0,0.5950377358490566,Medium Priority,155322,868,ZONE_B,True,0.003488940811411335
C8-1152,9,6,6,324,712,29847,712,High Movement,0,0.5604339622641509,Medium Priority,155323,712,ZONE_B,True,0.003488940811411335
C8-1154,11,8,8,704,291,8106,291,Medium Movement,0,0.462509433962264,Medium Priority,165322,262,ZONE_B,True,0.007580908429733271
C8-1249,1,1,1,1,62,1140,62,Low Movement,0,0.1685094339622641,Low Priority,161632,49,ZONE_C,False,1.0768335837689304e-05
C8-1256,1,1,1,1,65,1122,65,Low Movement,0,0.1726037735849056,Low Priority,161633,60,ZONE_C,False,1.0768335837689304e-05
C8-18186,16,10,4,640,97,1344,97,Low Movement,0,0.3099999999999999,Low Priority,1528D2,97,ZONE_C,False,0.0068917349361211555
C8-18187,16,10,5,800,172,2823,172,Medium Movement,0,0.4033018867924528,Medium Priority,1528D3,172,ZONE_B,True,0.008614668670151444
C8-18189,16,10,4,640,51,762,51,Low Movement,0,0.2546603773584905,Low Priority,1528D4,51,ZONE_C,False,0.0068917349361211555
C8-1907,4,9,9,324,2652,215394,2652,High Movement,1,0.7329245283018867,Medium Priority,165523,2506,ZONE_B,True,0.003488940811411335
C8-1908,4,9,9,324,2836,268796,2836,High Movement,1,0.7371509433962263,Medium Priority,165522,2715,ZONE_B,True,0.003488940811411335
C8-4193,1,1,1,1,133,6190,133,Low Movement,0,0.2451132075471698,Low Priority,164022,132,ZONE_C,False,1.0768335837689304e-05
C8-4459,1,1,1,1,2487,134764,2487,High Movement,1,0.6788490566037736,Medium Priority,154322,2318,ZONE_B,True,1.0768335837689304e-05
C8-5926,1,1,1,1,1241,57874,1241,High Movement,1,0.6003962264150944,Medium Priority,164823,1175,ZONE_B,True,1.0768335837689304e-05
C8-6912,1,1,1,1,20,73,20,Low Movement,0,0.0907169811320754,Low Priority,161832,13,ZONE_C,False,1.0768335837689304e-05
C8-60167,15,3,12,540,599,10128,599,Medium Movement,0,0.5640188679245283,Medium Priority,151832,436,ZONE_B,True,0.005814901352352225
C8-60667,14,8,4,448,384,4981,384,Medium Movement,0,0.4666792452830188,Medium Priority,151833,281,ZONE_B,True,0.004824214455284808
C8-8217,1,1,1,1,11,191,11,Low Movement,0,0.0678679245283018,Low Priority,161833,9,ZONE_C,False,1.0768335837689304e-05
C8-9238,1,1,1,1,25,408,25,Low Movement,0,0.1023396226415094,Low Priority,161032,19,ZONE_C,False,1.0768335837689304e-05
C896917167,3,9,9,243,90,2752,90,Low Movement,0,0.2402641509433962,Low Priority,1532D2,90,ZONE_C,False,0.002616705608558501
C896917423,5,10,10,500,26,1776,26,Low Movement,0,0.1815094339622641,Low Priority,161222,21,ZONE_C,False,0.005384167918844652
C896917431,4,9,9,324,3257,232386,3257,High Movement,3,0.7445471698113207,Medium Priority,164923,3126,ZONE_B,True,0.003488940811411335
C896917449,4,9,9,324,3630,252371,3630,High Movement,3,0.751943396226415,Medium Priority,164822,3476,ZONE_B,True,0.003488940811411335
C8-977164,4,26,34,3536,83,4081,83,Low Movement,0,0.440566037735849,Medium Priority,1536D3,80,ZONE_B,True,0.038076835522069384
C8-977214,3,9,9,243,39,1428,39,Low Movement,0,0.1694716981132075,Low Priority,1534D3,39,ZONE_C,False,0.002616705608558501
C8-977205,4,9,9,324,40,612,40,Low Movement,0,0.1854716981132075,Low Priority,1536D4,40,ZONE_C,False,0.003488940811411335
C8-977206,4,9,9,324,28,420,28,Low Movement,0,0.1599811320754717,Low Priority,1536D2,28,ZONE_C,False,0.003488940811411335
C8-977207,4,9,9,324,66,918,66,Low Movement,0,0.224566037735849,Low Priority,1536C5,64,ZONE_C,False,0.003488940811411335
C8-977374,3,9,9,243,37,946,37,Low Movement,0,0.1649811320754717,Low Priority,1536D5,37,ZONE_C,False,0.002616705608558501
C8-977384,3,9,9,243,38,1140,38,Low Movement,0,0.1670943396226415,Low Priority,1534D5,37,ZONE_C,False,0.002616705608558501
C098815153,29,3,6,522,117,3075,117,Low Movement,0,0.311566037735849,Low Priority,391722,117,ZONE_C,False,0.005621071307273817
C098815178,29,4,8,928,130,3289,130,Low Movement,0,0.3855094339622641,Low Priority,391932,129,ZONE_C,False,0.009993015657375674
C098815186,29,3,6,522,83,2567,83,Low Movement,0,0.2782830188679245,Low Priority,391933,83,ZONE_C,False,0.005621071307273817
C098815194,29,4,8,928,81,1086,81,Low Movement,0,0.3391509433962264,Low Priority,391032,80,ZONE_C,False,0.009993015657375674
C098815236,29,4,7,812,81,1940,81,Low Movement,0,0.3197924528301886,Low Priority,392132,81,ZONE_C,False,0.008743888700203716
C098815244,29,4,7,812,120,3337,120,Low Movement,0,0.3591509433962264,Low Priority,392133,120,ZONE_C,False,0.008743888700203716
C098815293,28,7,11,2156,800,14590,800,High Movement,0,0.751867924528302,Medium Priority,391723,799,ZONE_B,True,0.023216532066058143
CM-111128,24,7,7,1176,5487,269298,5487,High Movement,3,0.8930754716981131,High Priority,242923,5477,ZONE_A,True,0.012663562945122622
CM-111142,31,15,10,4650,5124,102221,5124,High Movement,3,0.9694150943396226,High Priority,241422,5114,ZONE_A,True,0.05007276164525527
CM-111326,24,7,7,1176,5576,194314,5576,High Movement,3,0.8938679245283019,High Priority,243723,5550,ZONE_A,True,0.012663562945122622
CM-111340,8,33,40,10560,4443,76253,4443,High Movement,3,0.9791698113207548,High Priority,241622,4438,ZONE_A,True,0.11371362644599906
CM-111524,24,7,7,1176,4642,153359,4642,High Movement,3,0.8862075471698112,High Priority,243722,4640,ZONE_A,True,0.012663562945122622
CM-111548,31,15,10,4650,4439,77273,4439,High Movement,3,0.9633396226415094,High Priority,241822,4422,ZONE_A,True,0.05007276164525527
CM-111722,24,7,7,1176,5259,180134,5259,High Movement,3,0.8922830188679245,High Priority,243923,5254,ZONE_A,True,0.012663562945122622
CM-111746,31,15,10,4650,4989,86991,4989,High Movement,3,0.9680943396226416,High Priority,245122,3176,ZONE_A,True,0.05007276164525527
CM-111814,31,15,20,9300,3230,32959,3230,High Movement,1,0.9601132075471698,High Priority,245522,3215,ZONE_A,True,0.10014552329051055
CM-111821,31,15,20,9300,1847,13688,1847,High Movement,1,0.9132264150943395,High Priority,241222,1846,ZONE_A,True,0.10014552329051055
CM-111968,31,15,10,4650,35,472,35,Low Movement,0,0.3766603773584905,Low Priority,244922,35,ZONE_C,False,0.05007276164525527
CM-113122,31,15,20,9300,844,6092,844,High Movement,0,0.8058490566037735,High Priority,244722,844,ZONE_A,True,0.10014552329051055
CM-113146,24,7,7,1176,2951,45873,2951,High Movement,1,0.8626981132075471,High Priority,242522,2939,ZONE_A,True,0.012663562945122622
CM-1133,1,1,1,1,5152,145520,5152,High Movement,3,0.7184716981132075,Medium Priority,244522,5127,ZONE_B,True,1.0768335837689304e-05
CM-114778,23,7,7,1127,921,14958,921,High Movement,0,0.7190188679245282,Medium Priority,242922,919,ZONE_B,True,0.012135914489075847
CM-114785,30,15,10,4500,326,3152,326,Medium Movement,0,0.6220188679245282,Medium Priority,243123,326,ZONE_B,True,0.04845751126960187
CM-116925,31,15,20,9300,1592,11692,1592,High Movement,1,0.8997547169811321,High Priority,245523,1582,ZONE_A,True,0.10014552329051055
CM-117588,31,15,20,9300,1761,13274,1761,High Movement,1,0.908867924528302,High Priority,242523,1760,ZONE_A,True,0.10014552329051055
CM-117823,31,13,10,4030,821,5382,821,High Movement,0,0.7835283018867925,Medium Priority,241923,317,ZONE_B,True,0.0433963934258879
CM-117830,30,11,6,1980,1633,26565,1633,High Movement,1,0.850811320754717,High Priority,244322,923,ZONE_A,True,0.021321304958624825
CM-117847,24,7,6,1008,2453,34871,2453,High Movement,1,0.8288113207547169,High Priority,242322,2450,ZONE_A,True,0.01085448252439082
CM-117861,30,7,9,1890,1074,14961,1074,High Movement,1,0.7923207547169812,Medium Priority,242123,479,ZONE_B,True,0.020352154733232788
CM-117878,24,7,6,1008,1563,19903,1563,High Movement,1,0.7844339622641509,Medium Priority,242323,1563,ZONE_B,True,0.01085448252439082
CM-117809,32,12,9,3456,500,3168,500,Medium Movement,0,0.6910566037735848,Medium Priority,241522,499,ZONE_B,True,0.03721536865505424
CM-117915,29,11,6,1914,942,14729,942,High Movement,0,0.7727735849056603,Medium Priority,241323,568,ZONE_B,True,0.02061059479333733
CM-117922,24,7,6,1008,1970,28728,1970,High Movement,1,0.8082075471698112,High Priority,242324,1966,ZONE_A,True,0.01085448252439082
CM-117939,31,13,10,4030,700,4535,700,High Movement,0,0.7557924528301887,Medium Priority,241523,443,ZONE_B,True,0.0433963934258879
CM-117953,24,7,6,1008,1897,29092,1897,High Movement,1,0.8037169811320753,High Priority,243522,1897,ZONE_A,True,0.01085448252439082
CM-117960,29,8,9,2088,777,5560,777,High Movement,0,0.7446603773584906,Medium Priority,243322,773,ZONE_B,True,0.022484285229095267
CM-117908,30,7,9,1890,1673,27352,1673,High Movement,1,0.8506981132075472,High Priority,241322,1669,ZONE_A,True,0.020352154733232788
CM-117014,24,7,6,1008,2762,43133,2762,High Movement,1,0.8377924528301885,High Priority,243523,1620,ZONE_A,True,0.01085448252439082
CM-117021,32,8,14,3584,666,4705,666,High Movement,0,0.7420754716981132,Medium Priority,241723,286,ZONE_B,True,0.03859371564227847
CM-119445,31,10,20,6200,5,66,5,Low Movement,0,0.307377358490566,Low Priority,243523,5,ZONE_C,False,0.06676368219367369
CM-1257,1,1,1,1,939,15120,939,High Movement,0,0.5595849056603773,Medium Priority,243922,937,ZONE_B,True,1.0768335837689304e-05
CM-1331,1,1,1,1,4832,119852,4832,High Movement,3,0.7150377358490566,Medium Priority,245322,3981,ZONE_B,True,1.0768335837689304e-05
CM-1539,29,8,9,2088,4247,104272,4247,High Movement,3,0.9277169811320756,High Priority,244323,4232,ZONE_A,True,0.022484285229095267
CM-1677,6,8,13,624,2408,42562,2408,High Movement,1,0.7718301886792452,Medium Priority,244023,2407,ZONE_B,True,0.006719441562718127
CM-1684,29,8,11,2552,112,1141,112,Low Movement,0,0.4541132075471698,Medium Priority,242023,111,ZONE_B,True,0.027480793057783105
CM-1714,22,10,6,1320,412,3527,412,Medium Movement,0,0.5996981132075472,Medium Priority,243423,412,ZONE_B,True,0.014214203305749882
CM-1721,1,1,1,1,1300,21353,1300,High Movement,1,0.605943396226415,Medium Priority,244423,1298,ZONE_B,True,1.0768335837689304e-05
CM-1737,1,1,1,1,4934,116876,4934,High Movement,3,0.7166226415094339,Medium Priority,244723,3277,ZONE_B,True,1.0768335837689304e-05
CM-1745,1,1,1,1,421,5132,421,Medium Movement,0,0.4153584905660377,Medium Priority,243022,421,ZONE_B,True,1.0768335837689304e-05
CM-1967,1,1,1,1,592,6678,592,Medium Movement,0,0.4788867924528301,Medium Priority,242224,592,ZONE_B,True,1.0768335837689304e-05
CM-1974,1,1,1,1,238,3034,238,Medium Movement,0,0.3262075471698113,Low Priority,242222,238,ZONE_C,False,1.0768335837689304e-05
CM-1981,1,1,1,1,182,1566,182,Medium Movement,0,0.2897547169811321,Low Priority,241022,182,ZONE_C,False,1.0768335837689304e-05
CM-1998,1,1,1,1,774,11658,774,High Movement,0,0.5260377358490566,Medium Priority,231223,774,ZONE_B,True,1.0768335837689304e-05
CM-1066,1,1,1,1,119,1668,119,Low Movement,0,0.233754716981132,Low Priority,242423,119,ZONE_C,False,1.0768335837689304e-05
CM-1073,1,1,1,1,188,3629,188,Medium Movement,0,0.2942452830188679,Low Priority,242623,188,ZONE_C,False,1.0768335837689304e-05
CM-1080,1,1,1,1,444,1055,444,Medium Movement,0,0.4247358490566037,Medium Priority,231323,444,ZONE_B,True,1.0768335837689304e-05
CM-2802,29,8,9,2088,2051,46988,2051,High Movement,1,0.8788490566037735,High Priority,244122,2050,ZONE_A,True,0.022484285229095267
CM-3168,29,8,10,2320,744,11691,744,High Movement,0,0.7415471698113207,Medium Priority,242723,744,ZONE_B,True,0.024982539143439186
CM-3212,1,1,1,1,10,306,10,Low Movement,0,0.0650943396226415,Low Priority,244123,10,ZONE_C,False,1.0768335837689304e-05
CM-3967,11,17,13,2431,40,534,40,Low Movement,0,0.3616792452830188,Low Priority,244623,40,ZONE_C,False,0.0261778244214227
CM-4204,6,8,13,624,1811,34130,1811,High Movement,1,0.7426415094339622,Medium Priority,244823,1811,ZONE_B,True,0.006719441562718127
CM-4310,8,17,10,1360,1258,31103,1258,High Movement,1,0.7934150943396225,Medium Priority,244223,1254,ZONE_B,True,0.014644936739257455
CM-4693,9,12,19,2052,586,10516,586,Medium Movement,0,0.693754716981132,Medium Priority,243822,586,ZONE_B,True,0.022096625138938453
CM-4790,29,8,10,2320,428,6499,428,Medium Movement,0,0.6409056603773584,Medium Priority,243122,428,ZONE_B,True,0.024982539143439186
CM-4884,8,17,10,1360,1296,31659,1296,High Movement,1,0.7967169811320753,Medium Priority,244222,1295,ZONE_B,True,0.014644936739257455
CM-4891,9,12,19,2052,517,10252,517,Medium Movement,0,0.6718301886792453,Medium Priority,243623,515,ZONE_B,True,0.022096625138938453
CM-4808,6,8,13,624,2030,34945,2030,High Movement,1,0.7566415094339621,Medium Priority,244822,2029,ZONE_B,True,0.006719441562718127
CM-4082,22,10,6,1320,760,9251,760,High Movement,0,0.7103773584905659,Medium Priority,243223,760,ZONE_B,True,0.014214203305749882
CM-4099,29,12,7,2436,224,2854,224,Medium Movement,0,0.5441509433962264,Medium Priority,242823,224,ZONE_B,True,0.026231666100611145
CM-523585,30,27,15,12150,15,95,15,Low Movement,0,0.3484905660377358,Low Priority,241323,15,ZONE_C,False,0.13083528042792505
CM-6369,1,1,1,1,498,1214,498,Medium Movement,0,0.4495660377358491,Medium Priority,231222,498,ZONE_B,True,1.0768335837689304e-05
CM-6970,15,4,7,420,171,2734,171,Medium Movement,0,0.3436037735849056,Low Priority,245422,140,ZONE_C,False,0.004522701051829508
CM-7151,9,13,19,2223,476,8212,476,Medium Movement,0,0.6605094339622641,Medium Priority,243023,471,ZONE_B,True,0.023938010567183324
CM-7168,8,17,10,1360,915,22325,915,High Movement,0,0.7467924528301886,Medium Priority,244622,915,ZONE_B,True,0.014644936739257455
CM-7175,6,8,13,624,1819,23350,1819,High Movement,1,0.7431698113207547,Medium Priority,245222,1817,ZONE_B,True,0.006719441562718127
CM-7182,15,4,7,420,174,1637,174,Medium Movement,0,0.346377358490566,Low Priority,245223,141,ZONE_C,False,0.004522701051829508
CM-7298,1,1,1,1,114,814,114,Low Movement,0,0.2287358490566037,Low Priority,245423,91,ZONE_C,False,1.0768335837689304e-05
CM-7366,28,8,11,2464,253,2937,253,Medium Movement,0,0.5623018867924527,Medium Priority,243222,252,ZONE_B,True,0.02653317950406645
CM-7373,22,10,6,1320,661,7758,661,High Movement,0,0.6866037735849055,Medium Priority,243622,659,ZONE_B,True,0.014214203305749882
CM-7786,1,1,1,1,265,4021,265,Medium Movement,0,0.343377358490566,Low Priority,243823,265,ZONE_C,False,1.0768335837689304e-05
CM-7793,1,1,1,1,1043,20754,1043,High Movement,1,0.5764905660377357,Medium Priority,244422,1043,ZONE_B,True,1.0768335837689304e-05
CM-7700,6,8,13,624,1519,23884,1519,High Movement,1,0.7252075471698113,Medium Priority,244022,1519,ZONE_B,True,0.006719441562718127
CM-8585,22,7,9,1386,657,8157,657,High Movement,0,0.6905849056603773,Medium Priority,243422,656,ZONE_B,True,0.014924913471037375
CM-8639,29,8,11,2552,265,3374,265,Medium Movement,0,0.5712641509433962,Medium Priority,242022,265,ZONE_B,True,0.027480793057783105
CM-0220,1,1,1,1,135,1091,135,Low Movement,0,0.2468301886792452,Low Priority,241023,135,ZONE_C,False,1.0768335837689304e-05
CM-0237,24,7,7,1176,524,6082,524,Medium Movement,0,0.6295849056603773,Medium Priority,242422,524,ZONE_B,True,0.012663562945122622
CM-0244,30,8,10,2400,213,2849,213,Medium Movement,0,0.5380566037735849,Medium Priority,242223,213,ZONE_B,True,0.025844006010454335
CM-0497,1,1,1,1,98,1258,98,Low Movement,0,0.2113018867924528,Low Priority,242622,98,ZONE_C,False,1.0768335837689304e-05
CM-0404,1,1,1,1,133,1819,133,Low Movement,0,0.2451132075471698,Low Priority,242822,133,ZONE_C,False,1.0768335837689304e-05
D9-24123,23,6,7,966,13,454,13,Low Movement,0,0.2216226415094339,Low Priority,102823,13,ZONE_C,False,0.010402212419207869
D9-31677,14,7,7,686,398,12316,398,Medium Movement,0,0.5082830188679244,Medium Priority,103223,398,ZONE_B,True,0.0073870783846548636
D9-31684,13,8,8,832,620,16279,620,Medium Movement,0,0.6163018867924528,Medium Priority,103622,620,ZONE_B,True,0.008959255416957503
D9-31691,13,9,8,936,607,18385,607,Medium Movement,0,0.6287924528301887,Medium Priority,104222,607,ZONE_B,True,0.010079162344077188
D9-31605,14,10,10,1400,476,15300,476,Medium Movement,0,0.6326037735849056,Medium Priority,102623,475,ZONE_B,True,0.015075670172765026
D9-31714,16,10,9,1440,340,11178,340,Medium Movement,0,0.5742830188679245,Medium Priority,102022,340,ZONE_B,True,0.0155064036062726
D9-31728,48,17,32,26112,367,13771,367,Medium Movement,0,0.6630377358490566,Medium Priority,102023,366,ZONE_B,True,0.28118278539374314
D9-31738,2,63,16,2016,546,16533,546,Medium Movement,0,0.6800943396226415,Medium Priority,103023,545,ZONE_B,True,0.02170896504878164
D9-31745,2,19,19,722,616,20603,616,Medium Movement,0,0.5959056603773585,Medium Priority,103022,613,ZONE_B,True,0.007774738474811678
D9-31752,2,22,21,924,794,27133,794,High Movement,0,0.6735471698113207,Medium Priority,102622,793,ZONE_B,True,0.009949942314024917
D9-31769,2,25,23,1150,582,20474,582,Medium Movement,0,0.644433962264151,Medium Priority,103823,581,ZONE_B,True,0.0123835862133427
D9-31773,3,12,11,396,912,40701,912,High Movement,0,0.6152641509433961,Medium Priority,103822,912,ZONE_B,True,0.004264260991724965
D9-31783,5,11,10,550,743,33626,743,High Movement,0,0.603754716981132,Medium Priority,102822,741,ZONE_B,True,0.005922584710729118
D9-31797,3,12,11,396,259,9362,259,Medium Movement,0,0.400377358490566,Medium Priority,104223,258,ZONE_B,True,0.004264260991724965
D9-31707,3,13,11,429,937,41006,937,High Movement,0,0.6242830188679245,Medium Priority,103623,935,ZONE_B,True,0.004619616074368712
D9-523905,21,11,21,4851,103,7148,103,Low Movement,0,0.4706415094339622,Medium Priority,105122,96,ZONE_B,True,0.052237197148630815
D9-50837,1,37,26,962,153,7252,153,Medium Movement,0,0.4108679245283019,Medium Priority,103222,153,ZONE_B,True,0.01035913907585711
D9-50839,1,38,30,1140,235,10283,235,Medium Movement,0,0.4912452830188679,Medium Priority,104922,233,ZONE_B,True,0.012275902854965806
D9-50845,1,1,1,1,66,1126,66,Low Movement,0,0.1749811320754716,Low Priority,105222,66,ZONE_C,False,1.0768335837689304e-05
D9-50848,1,1,1,1,54,1240,54,Low Movement,0,0.1588679245283018,Low Priority,105223,54,ZONE_C,False,1.0768335837689304e-05
D9-50840,1,1,1,1,75,1715,75,Low Movement,0,0.1876603773584905,Low Priority,105322,75,ZONE_C,False,1.0768335837689304e-05
D9-50854,20,5,4,400,156,9799,156,Medium Movement,0,0.3272641509433962,Low Priority,102432,156,ZONE_C,False,0.004307334335075722
D9-50855,32,4,6,768,129,6876,129,Low Movement,0,0.3562075471698113,Low Priority,103922,75,ZONE_C,False,0.008270081923345387
D9-50857,1,1,1,1,175,7960,175,Medium Movement,0,0.2828867924528301,Low Priority,102224,112,ZONE_C,False,1.0768335837689304e-05
D9-50918,1,18,20,360,303,20759,303,Medium Movement,0,0.4187358490566037,Medium Priority,104923,302,ZONE_B,True,0.00387660090156815
D9-50910,1,1,1,1,365,27693,365,Medium Movement,0,0.3894716981132075,Low Priority,104722,363,ZONE_C,False,1.0768335837689304e-05
D9-50922,6,18,7,756,407,28067,407,Medium Movement,0,0.5240377358490566,Medium Priority,104723,404,ZONE_B,True,0.008140861893293114
D9-50924,1,1,1,1,82,4264,82,Low Movement,0,0.1970377358490566,Low Priority,105123,82,ZONE_C,False,1.0768335837689304e-05
D9-50929,1,1,1,1,33,958,33,Low Movement,0,0.1220188679245282,Low Priority,105323,33,ZONE_C,False,1.0768335837689304e-05
D9-50932,1,1,1,1,26,475,26,Low Movement,0,0.1049811320754717,Low Priority,105523,23,ZONE_C,False,1.0768335837689304e-05
D9-50934,1,1,1,1,30,701,30,Low Movement,0,0.1155471698113207,Low Priority,103333,14,ZONE_C,False,1.0768335837689304e-05
D971021171,1,15,17,255,569,46368,569,Medium Movement,0,0.5121698113207547,Medium Priority,103122,569,ZONE_B,True,0.0027459256386107725
D971021213,1,17,20,340,854,69582,854,High Movement,0,0.5942452830188679,Medium Priority,103723,850,ZONE_B,True,0.0036612341848143637
D971021239,6,20,6,720,1368,119927,1368,High Movement,1,0.7211698113207548,Medium Priority,104522,1364,ZONE_B,True,0.0077532018031363
D971021230,7,18,6,756,1222,103118,1222,High Movement,1,0.7119811320754716,Medium Priority,104123,1219,ZONE_B,True,0.008140861893293114
D971021241,1,33,27,891,547,31292,547,Medium Movement,0,0.6017358490566037,Medium Priority,103923,546,ZONE_B,True,0.009594587231381171
D971021262,1,33,24,792,1197,75966,1197,High Movement,1,0.7171698113207547,Medium Priority,102922,1191,ZONE_B,True,0.00852852198344993
D971021296,1,38,29,1102,1842,88707,1842,High Movement,1,0.8081132075471698,High Priority,102723,1830,ZONE_A,True,0.011866706093133615
D971021361,1,17,14,238,834,61356,834,High Movement,0,0.574754716981132,Medium Priority,104523,831,ZONE_B,True,0.0025628639293700543
D971021395,1,18,14,252,637,47864,637,High Movement,0,0.5298679245283019,Medium Priority,103722,635,ZONE_B,True,0.002713620631097705
D971022211,1,16,20,320,872,73109,872,High Movement,0,0.5967735849056603,Medium Priority,102923,867,ZONE_B,True,0.0034458674680605777
D971022229,7,19,5,665,1090,102286,1090,High Movement,1,0.6840377358490566,Medium Priority,102722,1087,ZONE_B,True,0.0071609433320633875
D971022260,1,31,26,806,1020,75390,1020,High Movement,0,0.6957735849056603,Medium Priority,104122,1018,ZONE_B,True,0.00867927868517758
D971029125,6,19,5,570,4864,438940,4864,High Movement,3,0.8022830188679245,High Priority,102322,2903,ZONE_A,True,0.006137951427482903
D971029141,1,31,26,806,6400,588049,6400,High Movement,3,0.8464716981132074,High Priority,102522,6379,ZONE_A,True,0.00867927868517758
D9-73345,1,23,28,644,177,7670,177,Medium Movement,0,0.3845283018867924,Low Priority,103322,177,ZONE_C,False,0.006934808279471912
D9-73346,1,21,27,567,179,8923,179,Medium Movement,0,0.373754716981132,Low Priority,103323,179,ZONE_C,False,0.006105646419969835
D9-73347,1,23,25,575,196,12283,196,Medium Movement,0,0.3881320754716981,Low Priority,104322,196,ZONE_C,False,0.00619179310667135
D9-73361,21,11,21,4851,10,34,10,Low Movement,0,0.3178301886792453,Low Priority,105423,10,ZONE_C,False,0.052237197148630815
D9-73367,6,39,28,6552,13,40,13,Low Movement,0,0.3348867924528301,Low Priority,104023,13,ZONE_C,False,0.07055413640854033
D9-7379,1,34,26,884,881,59541,881,High Movement,0,0.6867735849056603,Medium Priority,103123,881,ZONE_B,True,0.009519208880517346
D976223237,1,32,26,832,14,361,14,Low Movement,0,0.2051509433962264,Low Priority,105422,14,ZONE_C,False,0.008959255416957503
D976223310,33,5,7,1155,146,7685,146,Low Movement,0,0.4267169811320754,Medium Priority,103423,146,ZONE_B,True,0.012437427892531147
D0-512111,29,6,10,1740,639,8837,639,High Movement,0,0.7026415094339622,Medium Priority,211323,359,ZONE_B,True,0.018736904357579392
D0-512135,21,7,6,882,1143,23241,1143,High Movement,1,0.724811320754717,Medium Priority,211322,584,ZONE_B,True,0.009497672208841967
D0-513118,29,8,7,1624,964,15703,964,High Movement,0,0.7690566037735849,Medium Priority,524922,517,ZONE_B,True,0.017487777400407432
D0-513132,21,6,6,756,1951,52907,1951,High Movement,1,0.7693018867924528,Medium Priority,211522,987,ZONE_B,True,0.008140861893293114
D074126399,9,12,11,1188,1120,16551,1120,High Movement,1,0.7602830188679245,Medium Priority,525122,566,ZONE_B,True,0.012792782975174893
D074126307,9,11,11,1089,1282,24767,1282,High Movement,1,0.7626981132075471,Medium Priority,525323,687,ZONE_B,True,0.011726717727243654
D074126415,8,12,11,1056,1034,17033,1034,High Movement,1,0.7303018867924528,Medium Priority,525322,560,ZONE_B,True,0.011371362644599906
DC-1111848,14,7,7,686,1738,175122,1738,High Movement,1,0.7462830188679246,Medium Priority,131422,1727,ZONE_B,True,0.0073870783846548636
DC-11159,12,7,7,588,1025,232513,1025,High Movement,0,0.6660188679245284,Medium Priority,131423,948,ZONE_B,True,0.006331781472561311
DC-820015,25,7,7,1225,3103,477968,3103,High Movement,1,0.873377358490566,High Priority,131622,3068,ZONE_A,True,0.013191211401169398
DC-820095,12,7,7,588,6043,1311520,6043,High Movement,3,0.8139433962264151,High Priority,131222,4786,ZONE_A,True,0.006331781472561311
DC-989164,12,6,6,432,167,36803,167,Medium Movement,0,0.3424150943396226,Low Priority,492722,62,ZONE_C,False,0.00465192108188178
DO-1124,29,9,8,2088,73,4776,73,Low Movement,0,0.4036415094339622,Medium Priority,153822,66,ZONE_B,True,0.022484285229095267
DO-2184,25,7,7,1225,260,23276,260,Medium Movement,0,0.5215283018867924,Medium Priority,154422,253,ZONE_B,True,0.013191211401169398
DO-2666,25,7,7,1225,433,26797,433,Medium Movement,0,0.6006415094339622,Medium Priority,154423,405,ZONE_B,True,0.013191211401169398
DT-12574,18,25,28,12600,15,25,15,Low Movement,0,0.3493962264150943,Low Priority,4128A2,15,ZONE_C,False,0.13568103155488523
DT-13948,22,22,10,4840,11,21,11,Low Movement,0,0.3202075471698113,Low Priority,4126A3,11,ZONE_C,False,0.05211874545441624
DT-130785,12,14,16,2688,14,14,14,Low Movement,0,0.307377358490566,Low Priority,4132A3,14,ZONE_C,False,0.028945286731708854
DT-18526,18,25,28,12600,8,19,8,Low Movement,0,0.3283962264150943,Low Priority,4132C4,8,ZONE_C,False,0.13568103155488523
DT-18840,22,22,10,4840,8,24,8,Low Movement,0,0.3113584905660377,Low Priority,4132A2,8,ZONE_C,False,0.05211874545441624
DT-10239,17,17,7,2023,13,21,13,Low Movement,0,0.2898301886792452,Low Priority,4128A3,13,ZONE_C,False,0.021784343399645464
DT-549434,18,25,28,12600,13,20,13,Low Movement,0,0.3437169811320754,Low Priority,4120A5,13,ZONE_C,False,0.13568103155488523
DT-509130,18,25,28,12600,27,34,27,Low Movement,0,0.3771320754716981,Low Priority,4128C5,27,ZONE_C,False,0.13568103155488523
DT-509250,18,25,28,12600,18,18,18,Low Movement,0,0.3548113207547169,Low Priority,4132C3,18,ZONE_C,False,0.13568103155488523
DT-726698,9,15,20,2700,21,27,21,Low Movement,0,0.3232264150943396,Low Priority,4132D6,21,ZONE_C,False,0.029074506761761123
DT-733299,6,1,20,120,12,125,12,Low Movement,0,0.0983396226415094,Low Priority,4132D5,9,ZONE_C,False,0.0012922003005227164
DT-733329,19,6,13,1482,18,385,18,Low Movement,0,0.2841698113207547,Low Priority,4132D2,11,ZONE_C,False,0.015958673711455547
DT-762448,18,25,28,12600,8,137,8,Low Movement,0,0.3283962264150943,Low Priority,4126C5,8,ZONE_C,False,0.13568103155488523
DT-783915,22,22,10,4840,14,22,14,Low Movement,0,0.3298490566037736,Low Priority,4120C2,14,ZONE_C,False,0.05211874545441624
DT-703935,18,25,28,12600,30,35,30,Low Movement,0,0.3849245283018868,Low Priority,4132C2,30,ZONE_C,False,0.13568103155488523
DT-04542,18,25,28,12600,7,16,7,Low Movement,0,0.3249622641509433,Low Priority,4132A5,7,ZONE_C,False,0.13568103155488523
DU-213122,19,6,14,1596,64,1132,64,Low Movement,0,0.3751320754716981,Low Priority,481533,47,ZONE_C,False,0.017186263996952132
DU-213124,1,1,1,1,24,1176,24,Low Movement,0,0.1003584905660377,Low Priority,482333,13,ZONE_C,False,1.0768335837689304e-05
DU-213126,2,37,57,4218,9,26,9,Low Movement,0,0.3110754716981131,Low Priority,484323,8,ZONE_C,False,0.04542084056337349
DU-214131,1,1,1,1,137,3687,137,Low Movement,0,0.2490754716981132,Low Priority,482332,119,ZONE_C,False,1.0768335837689304e-05
DU-214134,3,18,57,3078,56,146,56,Low Movement,0,0.3963962264150943,Low Priority,483722,50,ZONE_C,False,0.03314493770840768
DU-214139,19,7,3,399,114,2692,114,Low Movement,0,0.2895849056603773,Low Priority,482533,87,ZONE_C,False,0.004296565999238033
DU-214143,1,1,1,1,71,2790,71,Low Movement,0,0.1833018867924528,Low Priority,482832,60,ZONE_C,False,1.0768335837689304e-05
DU-215114,19,11,2,418,192,7016,192,Medium Movement,0,0.360811320754717,Low Priority,481932,162,ZONE_C,False,0.00450116438015413
DU-215119,9,12,3,324,423,17022,423,Medium Movement,0,0.4654716981132075,Medium Priority,481333,335,ZONE_B,True,0.003488940811411335
DU-215128,10,8,5,400,74,1384,74,Low Movement,0,0.2482830188679245,Low Priority,482932,61,ZONE_C,False,0.004307334335075722
DU-215132,19,12,3,684,95,2960,95,Low Movement,0,0.3124905660377358,Low Priority,482032,80,ZONE_C,False,0.007365541712979484
DU-215135,9,25,2,450,247,5198,247,Medium Movement,0,0.4011886792452829,Medium Priority,482532,213,ZONE_B,True,0.004845751126960187
DU-215138,8,12,3,288,135,4855,135,Low Movement,0,0.2918867924528301,Low Priority,482133,108,ZONE_C,False,0.00310128072125452
DU-215146,19,11,2,418,193,5845,193,Medium Movement,0,0.3617358490566037,Low Priority,483232,159,ZONE_C,False,0.00450116438015413
DU-215148,3,11,13,429,128,4245,128,Low Movement,0,0.3038679245283019,Low Priority,481732,105,ZONE_C,False,0.004619616074368712
DU-215140,9,3,13,351,166,5937,166,Medium Movement,0,0.3287169811320755,Low Priority,482132,132,ZONE_C,False,0.003779685879028946
DU-215162,4,14,15,840,8,171,8,Low Movement,0,0.1892075471698113,Low Priority,482933,7,ZONE_C,False,0.009045402103659016
DU-215168,9,12,5,540,28,922,28,Low Movement,0,0.1931509433962264,Low Priority,483132,23,ZONE_C,False,0.005814901352352225
DU-215160,9,12,5,540,23,782,23,Low Movement,0,0.1807358490566037,Low Priority,483533,19,ZONE_C,False,0.005814901352352225
DU-215172,17,4,6,408,13,389,13,Low Movement,0,0.1366037735849056,Low Priority,483332,12,ZONE_C,False,0.0043934810217772366
DU-217116,20,2,9,360,13,219,13,Low Movement,0,0.1301509433962264,Low Priority,482833,9,ZONE_C,False,0.00387660090156815
DU-218114,20,2,13,520,20,296,20,Low Movement,0,0.169566037735849,Low Priority,482232,17,ZONE_C,False,0.005599534635598438
DU-218117,20,10,2,400,71,806,71,Low Movement,0,0.2447169811320754,Low Priority,481332,55,ZONE_C,False,0.004307334335075722
DU-218110,1,1,1,1,71,921,71,Low Movement,0,0.1833018867924528,Low Priority,483233,57,ZONE_C,False,1.0768335837689304e-05
DU-218123,20,1,26,520,14,231,14,Low Movement,0,0.1563584905660377,Low Priority,481933,11,ZONE_C,False,0.005599534635598438
DU-218126,20,10,2,400,21,342,21,Low Movement,0,0.154377358490566,Low Priority,481733,16,ZONE_C,False,0.004307334335075722
DU-218129,19,1,26,494,26,393,26,Low Movement,0,0.1811698113207547,Low Priority,482233,22,ZONE_C,False,0.0053195579038185165
DU-219112,1,1,1,1,82,1687,82,Low Movement,0,0.1970377358490566,Low Priority,483432,66,ZONE_C,False,1.0768335837689304e-05
DU-219118,1,1,1,1,39,631,39,Low Movement,0,0.1332452830188679,Low Priority,482433,32,ZONE_C,False,1.0768335837689304e-05
DU-219110,1,1,1,1,37,1380,37,Low Movement,0,0.128754716981132,Low Priority,482432,32,ZONE_C,False,1.0768335837689304e-05
DU-219128,1,1,1,1,28,449,28,Low Movement,0,0.1103962264150943,Low Priority,483333,24,ZONE_C,False,1.0768335837689304e-05
DU-222128,6,17,2,204,3,37,3,Low Movement,0,0.0722830188679245,Low Priority,483133,2,ZONE_C,False,0.0021967405108886183
EF-1126,22,8,5,880,142,3935,142,Low Movement,0,0.3865471698113207,Low Priority,161022,142,ZONE_C,False,0.009476135537166587
EF-1127,1,1,1,1,33,888,33,Low Movement,0,0.1220188679245282,Low Priority,162722,17,ZONE_C,False,1.0768335837689304e-05
EF-1132,1,1,1,1,37,72,37,Low Movement,0,0.128754716981132,Low Priority,162923,37,ZONE_C,False,1.0768335837689304e-05
EF-1133,26,10,6,1560,29,691,29,Low Movement,0,0.314754716981132,Low Priority,154932,16,ZONE_C,False,0.016798603906795315
EF-1134,26,10,6,1560,29,612,29,Low Movement,0,0.314754716981132,Low Priority,154933,17,ZONE_C,False,0.016798603906795315
EF-2112,18,5,5,450,2007,51567,2007,High Movement,1,0.7280754716981132,Medium Priority,164622,2007,ZONE_B,True,0.004845751126960187
EF-2113,18,5,5,450,77,1459,77,Low Movement,0,0.2597358490566037,Low Priority,1528A3,77,ZONE_C,False,0.004845751126960187
EF-2114,30,12,20,7200,147,279,147,Low Movement,0,0.5203584905660377,Medium Priority,1528A2,147,ZONE_B,True,0.07753201803136299
EF-2182,18,5,5,450,307,5589,307,Medium Movement,0,0.4347358490566037,Medium Priority,1528A7,307,ZONE_B,True,0.004845751126960187
EF-2183,18,5,5,450,746,14013,746,High Movement,0,0.589,Medium Priority,164623,746,ZONE_B,True,0.004845751126960187
EF-21833,18,5,5,450,34,3864,34,Low Movement,0,0.1934339622641509,Low Priority,724733,6,ZONE_C,False,0.004845751126960187
EF-2103,13,9,9,1053,57,952,57,Low Movement,0,0.3176792452830188,Low Priority,1528A4,50,ZONE_C,False,0.011339057637086838
EF-2214,18,5,5,450,203,3494,203,Medium Movement,0,0.3759622641509433,Low Priority,1528A5,203,ZONE_C,False,0.004845751126960187
EF-2276,19,5,5,475,77,2460,77,Low Movement,0,0.2636415094339622,Low Priority,154223,40,ZONE_C,False,0.00511495952290242
EF-2277,22,7,6,924,67,1096,67,Low Movement,0,0.320377358490566,Low Priority,153022,51,ZONE_C,False,0.009949942314024917
EQ-15824,1,1,1,1,2862,260914,2862,High Movement,1,0.6883584905660377,Medium Priority,175322,1925,ZONE_B,True,1.0768335837689304e-05
EQ-15848,1,1,1,1,2202,158495,2202,High Movement,1,0.666433962264151,Medium Priority,175323,1496,ZONE_B,True,1.0768335837689304e-05
EQ-15862,1,1,1,1,1326,81686,1326,High Movement,1,0.6084528301886792,Medium Priority,175522,912,ZONE_B,True,1.0768335837689304e-05
EQ-15886,1,1,1,1,1338,85802,1338,High Movement,1,0.6109622641509433,Medium Priority,175523,877,ZONE_B,True,1.0768335837689304e-05
EQ-15893,1,1,1,1,1305,39423,1305,High Movement,1,0.6066037735849057,Medium Priority,175123,881,ZONE_B,True,1.0768335837689304e-05
EQ-15916,1,1,1,1,1085,37730,1085,High Movement,1,0.5819056603773585,Medium Priority,175122,747,ZONE_B,True,1.0768335837689304e-05
EQ-20750,1,1,1,1,373,8611,373,Medium Movement,0,0.3930377358490566,Low Priority,175222,372,ZONE_C,False,1.0768335837689304e-05
EQ-20873,1,1,1,1,365,11037,365,Medium Movement,0,0.3894716981132075,Low Priority,174023,350,ZONE_C,False,1.0768335837689304e-05
EQ-72828,1,1,1,1,265,7799,265,Medium Movement,0,0.343377358490566,Low Priority,175422,180,ZONE_C,False,1.0768335837689304e-05
EQ-72820,1,1,1,1,267,17079,267,Medium Movement,0,0.3452264150943396,Low Priority,175423,158,ZONE_C,False,1.0768335837689304e-05
EQ-72833,1,1,1,1,217,5617,217,Medium Movement,0,0.3144528301886792,Low Priority,175223,122,ZONE_C,False,1.0768335837689304e-05
F6-2111614,19,9,8,1368,115,17548,115,Low Movement,0,0.4219622641509434,Medium Priority,781722,50,ZONE_B,True,0.014731083425958968
F6-29222,12,5,5,300,407,5668,407,Medium Movement,0,0.4562830188679244,Medium Priority,N348C2,407,ZONE_B,True,0.003230500751306792
F6-29232,20,6,6,720,17,194,17,Low Movement,0,0.190754716981132,Low Priority,N349C2,17,ZONE_C,False,0.0077532018031363
F6-29244,12,5,5,300,184,2609,184,Medium Movement,0,0.3384716981132075,Low Priority,N349C4,184,ZONE_C,False,0.003230500751306792
F6-29428,17,4,7,476,275,3290,275,Medium Movement,0,0.4244716981132075,Medium Priority,N348C3,275,ZONE_B,True,0.005125727858740109
F6-29431,20,6,6,720,193,2150,193,Medium Movement,0,0.4061698113207547,Medium Priority,N351C4,193,ZONE_B,True,0.0077532018031363
F6-29441,14,4,7,392,152,1987,152,Medium Movement,0,0.3222452830188679,Low Priority,N348C4,151,ZONE_C,False,0.004221187648374208
F6-29445,14,4,7,392,99,1273,99,Low Movement,0,0.2724528301886792,Low Priority,N340C3,98,ZONE_C,False,0.004221187648374208
F6-29402,17,4,7,476,94,1403,94,Low Movement,0,0.2826226415094339,Low Priority,N352C4,94,ZONE_C,False,0.005125727858740109
F6-29534,14,4,7,392,202,2906,202,Medium Movement,0,0.3649056603773584,Low Priority,N348C5,202,ZONE_C,False,0.004221187648374208
F6-29535,21,6,6,756,211,2760,211,Medium Movement,0,0.4248490566037736,Medium Priority,N351C2,211,ZONE_B,True,0.008140861893293114
F6-29537,20,6,6,720,7,62,7,Low Movement,0,0.1634150943396226,Low Priority,N348A2,7,ZONE_C,False,0.0077532018031363
F6-29586,20,6,6,720,273,3792,273,Medium Movement,0,0.456754716981132,Medium Priority,494423,156,ZONE_B,True,0.0077532018031363
F6-29593,19,9,8,1368,11,120,11,Low Movement,0,0.2600377358490566,Low Priority,N348A4,11,ZONE_C,False,0.014731083425958968
F6-29663,19,6,6,684,176,2100,176,Medium Movement,0,0.3868490566037735,Low Priority,N351C3,176,ZONE_C,False,0.007365541712979484
F6-29664,13,5,5,325,136,1812,136,Low Movement,0,0.2981320754716981,Low Priority,N349C5,136,ZONE_C,False,0.003499709147249024
F6-29665,15,5,5,375,55,658,55,Low Movement,0,0.2177358490566037,Low Priority,N340C2,54,ZONE_C,False,0.00403812593913349
F6-29668,19,9,8,1368,168,1231,168,Medium Movement,0,0.4692452830188679,Medium Priority,N352C3,168,ZONE_B,True,0.014731083425958968
F645012213,12,6,4,288,3551,83364,3551,High Movement,3,0.7460943396226415,Medium Priority,494422,1920,ZONE_B,True,0.00310128072125452
F645012221,16,8,5,640,2738,59929,2738,High Movement,1,0.7841509433962264,Medium Priority,494223,1441,ZONE_B,True,0.0068917349361211555
F645012239,21,6,9,1134,2314,58856,2314,High Movement,1,0.8360754716981131,High Priority,494222,1186,ZONE_A,True,0.01221129283993967
F645012262,17,8,5,680,1548,28069,1548,High Movement,1,0.7338679245283019,Medium Priority,494623,852,ZONE_B,True,0.007322468369628727
F645012270,21,6,9,1134,1300,24075,1300,High Movement,1,0.7700377358490564,Medium Priority,494622,672,ZONE_B,True,0.01221129283993967
F6-523622,1,1,1,1,45,703,45,Low Movement,0,0.1471132075471698,Low Priority,N348A5,41,ZONE_C,False,1.0768335837689304e-05
F6-52416,1,1,1,1,115,14734,115,Low Movement,0,0.2297924528301886,Low Priority,493922,60,ZONE_C,False,1.0768335837689304e-05
F7-11748,23,12,13,3588,742,14887,742,High Movement,0,0.7592075471698112,Medium Priority,183223,742,ZONE_B,True,0.03863678898562922
F7-170839,24,9,9,1944,1275,26426,1275,High Movement,1,0.8176415094339622,High Priority,183822,1274,ZONE_A,True,0.020933644868468007
F7-170853,21,8,8,1344,3419,97904,3419,High Movement,3,0.8868679245283019,High Priority,183423,3418,ZONE_A,True,0.014472643365854427
F7-170860,14,8,8,896,4813,154554,4813,High Movement,3,0.8514905660377358,High Priority,183422,4812,ZONE_A,True,0.009648428910569617
F7-170877,24,9,9,1944,1865,46781,1865,High Movement,1,0.8630754716981132,High Priority,183622,1863,ZONE_A,True,0.020933644868468007
F7-170884,24,10,10,2400,1309,34527,1309,High Movement,1,0.8324528301886793,High Priority,183623,1308,ZONE_A,True,0.025844006010454335
G9-521,20,7,7,980,462,15371,462,Medium Movement,0,0.5817735849056603,Medium Priority,211922,251,ZONE_B,True,0.010552969120935519
G9-522,18,7,7,882,481,10501,481,Medium Movement,0,0.5782075471698113,Medium Priority,524823,360,ZONE_B,True,0.009497672208841967
G973821151,18,7,7,882,1233,26235,1233,High Movement,1,0.7345849056603773,Medium Priority,525223,619,ZONE_B,True,0.009497672208841967
G973821176,20,7,7,980,515,19183,515,Medium Movement,0,0.6039622641509433,Medium Priority,212322,270,ZONE_B,True,0.010552969120935519
G973821100,19,7,7,931,1228,27486,1228,High Movement,1,0.7427169811320754,Medium Priority,212323,659,ZONE_B,True,0.010025320664888744
G0-119612,10,10,3,300,1161,45498,1161,High Movement,1,0.6373584905660377,Medium Priority,162022,817,ZONE_B,True,0.003230500751306792
G0-119613,10,10,3,300,931,36836,931,High Movement,0,0.605,Medium Priority,162822,664,ZONE_B,True,0.003230500751306792
G0-119614,10,10,3,300,869,33987,869,High Movement,0,0.5925849056603772,Medium Priority,163223,621,ZONE_B,True,0.003230500751306792
G0-119615,19,10,3,570,759,27139,759,High Movement,0,0.609188679245283,Medium Priority,163422,538,ZONE_B,True,0.006137951427482903
G0-119616,10,10,3,300,292,10914,292,Medium Movement,0,0.4035849056603773,Medium Priority,163122,194,ZONE_B,True,0.003230500751306792
G0-128112,25,13,13,4225,1356,30964,1356,High Movement,1,0.8619245283018868,High Priority,162922,964,ZONE_A,True,0.04549621891423731
G0-128113,12,10,3,360,1126,28017,1126,High Movement,1,0.6424716981132075,Medium Priority,162224,822,ZONE_B,True,0.00387660090156815
G0-128114,12,7,5,420,1007,24108,1007,High Movement,0,0.6335094339622641,Medium Priority,163123,734,ZONE_B,True,0.004522701051829508
G0-128115,25,13,13,4225,801,18512,801,High Movement,0,0.7817547169811321,Medium Priority,163322,572,ZONE_B,True,0.04549621891423731
G0-128116,24,13,13,4056,396,9862,396,Medium Movement,0,0.6502641509433962,Medium Priority,162623,279,ZONE_B,True,0.04367637015766782
G0-661228,15,10,9,1350,2688,8912,2688,High Movement,1,0.8742830188679245,High Priority,162223,1910,ZONE_A,True,0.014537253380880561
G0-661235,15,10,10,1500,3990,20421,3990,High Movement,3,0.9065283018867925,High Priority,163623,2904,ZONE_A,True,0.01615250375653396
G0-661242,15,10,9,1350,3636,17930,3636,High Movement,3,0.893566037735849,High Priority,162023,2623,ZONE_A,True,0.014537253380880561
G0-661280,15,10,9,1350,2399,7999,2399,High Movement,1,0.8645094339622641,High Priority,163622,1696,ZONE_A,True,0.014537253380880561
G0-661204,15,10,9,1350,3593,18038,3593,High Movement,3,0.8925094339622641,High Priority,162423,2524,ZONE_A,True,0.014537253380880561
G0-661716,12,6,6,432,127,2601,127,Low Movement,0,0.3038490566037736,Low Priority,174223,112,ZONE_C,False,0.00465192108188178
G0-666711,15,10,9,1350,2220,8490,2220,High Movement,1,0.857377358490566,High Priority,163423,1561,ZONE_A,True,0.014537253380880561
G0-666919,15,10,9,1350,1977,8344,1977,High Movement,1,0.8470754716981133,High Priority,163822,1376,ZONE_A,True,0.014537253380880561
G0-668166,15,10,9,1350,301,931,301,Medium Movement,0,0.5520188679245284,Medium Priority,173122,155,ZONE_B,True,0.014537253380880561
G0-668173,15,10,9,1350,1997,5762,1997,High Movement,1,0.8482641509433961,High Priority,163222,1430,ZONE_A,True,0.014537253380880561
G0-668104,15,10,9,1350,2403,7234,2403,High Movement,1,0.8647735849056604,High Priority,163323,1662,ZONE_A,True,0.014537253380880561
G0-668487,4,8,8,256,766,25149,766,High Movement,0,0.5660754716981132,Medium Priority,162122,658,ZONE_B,True,0.0027566939744484618
G0-668500,15,4,13,780,453,12337,453,Medium Movement,0,0.5480566037735849,Medium Priority,162823,318,ZONE_B,True,0.008399301953397657
G0-668616,15,4,13,780,282,8022,282,Medium Movement,0,0.4713207547169811,Medium Priority,162622,206,ZONE_B,True,0.008399301953397657
G0-668623,15,4,13,780,347,8959,347,Medium Movement,0,0.5001132075471698,Medium Priority,162422,246,ZONE_B,True,0.008399301953397657
G0-668630,15,4,13,780,221,5382,221,Medium Movement,0,0.4347358490566037,Medium Priority,163823,162,ZONE_B,True,0.008399301953397657
G0-668784,1,1,1,1,2097,138004,2097,High Movement,1,0.6632641509433962,Medium Priority,SFG12,2098,ZONE_B,True,1.0768335837689304e-05
G097821170,12,9,9,972,610,10401,610,Medium Movement,0,0.6326226415094339,Medium Priority,162123,408,ZONE_B,True,0.010466822434234004
G097821441,13,7,7,637,530,8153,530,Medium Movement,0,0.557566037735849,Medium Priority,162324,328,ZONE_B,True,0.006859429928608087
GM-3572,13,11,11,1573,3573,106695,3573,High Movement,3,0.904320754716981,High Priority,181422,3568,ZONE_A,True,0.016938592272685276
GM-3619,17,14,13,3094,2198,44130,2198,High Movement,1,0.9010566037735848,High Priority,181223,2197,ZONE_A,True,0.033317231081810714
GM-3633,24,16,16,6144,1418,15531,1418,High Movement,1,0.8775849056603773,High Priority,181222,1418,ZONE_A,True,0.06616065538676309
H3-22129,22,15,11,3630,1077,24663,1077,High Movement,1,0.823377358490566,High Priority,393122,692,ZONE_A,True,0.03908905909081218
H3-22161,18,11,7,1386,1262,37276,1262,High Movement,1,0.7953207547169812,Medium Priority,393323,778,ZONE_B,True,0.014924913471037375
H3-22176,11,9,6,594,1346,34048,1346,High Movement,1,0.7048301886792452,Medium Priority,393322,851,ZONE_B,True,0.0063963914875874465
H5-11236,1,1,1,1,51,1971,51,Low Movement,0,0.1554339622641509,Low Priority,422622,49,ZONE_C,False,1.0768335837689304e-05
H5-115694,10,9,9,810,718,6395,718,High Movement,0,0.6363962264150943,Medium Priority,431723,701,ZONE_B,True,0.008722352028528337
H5-11823,12,2,19,456,26,1183,26,Low Movement,0,0.1760754716981132,Low Priority,421022,26,ZONE_C,False,0.004910361141986322
H5-11045,12,2,19,456,49,2599,49,Low Movement,0,0.2240188679245283,Low Priority,421023,48,ZONE_C,False,0.004910361141986322
H5-12967,12,2,19,456,41,1945,41,Low Movement,0,0.2098867924528302,Low Priority,422222,41,ZONE_C,False,0.004910361141986322
H5-13318,12,2,19,456,38,1628,38,Low Movement,0,0.2019622641509434,Low Priority,422223,38,ZONE_C,False,0.004910361141986322
H5-1394317,30,7,20,4200,1388,23988,1388,High Movement,1,0.862754716981132,High Priority,432622,1363,ZONE_A,True,0.04522701051829508
H5-141781,23,4,15,1380,243,3443,243,Medium Movement,0,0.5216415094339623,Medium Priority,432722,239,ZONE_B,True,0.01486030345601124
H5-15127,1,1,1,1,267,3502,267,Medium Movement,0,0.3452264150943396,Low Priority,423332,267,ZONE_C,False,1.0768335837689304e-05
H5-158975,1,1,1,1,194,2505,194,Medium Movement,0,0.299,Low Priority,431522,186,ZONE_C,False,1.0768335837689304e-05
H5-262110,21,6,21,2646,138,1823,138,Low Movement,0,0.4797735849056603,Medium Priority,432532,135,ZONE_B,True,0.028493016626525904
H5-26231,17,15,20,5100,2874,10267,2874,High Movement,1,0.9427169811320754,High Priority,421522,2852,ZONE_A,True,0.054918512772215454
H5-26247,25,15,6,2250,78,1047,78,Low Movement,0,0.4132452830188678,Medium Priority,432332,78,ZONE_B,True,0.024228755634800935
H5-26301,11,2,19,418,62,2469,62,Low Movement,0,0.2319056603773584,Low Priority,422422,62,ZONE_C,False,0.00450116438015413
H5-26921,23,11,10,2530,52,675,52,Low Movement,0,0.3846603773584905,Low Priority,432733,51,ZONE_C,False,0.02724388966935394
H5-275418,26,10,9,2340,120,1638,120,Low Movement,0,0.457811320754717,Medium Priority,432732,117,ZONE_B,True,0.025197905860192972
H5-275012,20,17,7,2380,78,1160,78,Low Movement,0,0.4165283018867924,Medium Priority,432333,74,ZONE_B,True,0.025628639293700545
H5-27904,16,4,15,960,651,6850,651,High Movement,0,0.6425471698113208,Medium Priority,422322,651,ZONE_B,True,0.010337602404181731
H5-279058,16,4,15,960,505,5816,505,Medium Movement,0,0.5983018867924528,Medium Priority,422323,501,ZONE_B,True,0.010337602404181731
H5-28664,12,2,19,456,40,1434,40,Low Movement,0,0.2069811320754717,Low Priority,422423,40,ZONE_C,False,0.004910361141986322
H5-35481,20,4,15,1200,51,740,51,Low Movement,0,0.3324905660377358,Low Priority,422133,50,ZONE_C,False,0.012922003005227167
H5-38111,9,8,8,576,58,1514,58,Low Movement,0,0.2530377358490566,Low Priority,1534A4,58,ZONE_C,False,0.00620256144250904
H5-38296,10,9,9,810,382,3341,382,Medium Movement,0,0.5206981132075472,Medium Priority,432123,376,ZONE_B,True,0.008722352028528337
H5-38811,18,13,7,1638,30,444,30,Low Movement,0,0.3215849056603773,Low Priority,431732,28,ZONE_C,False,0.017638534102135082
H5-388171,15,5,17,1275,458,6124,458,Medium Movement,0,0.6154150943396226,Medium Priority,422123,457,ZONE_B,True,0.013729628193053863
H5-38818,16,4,15,960,487,8097,487,Medium Movement,0,0.5923584905660377,Medium Priority,421922,482,ZONE_B,True,0.010337602404181731
H538966111,16,4,15,960,383,6819,383,Medium Movement,0,0.5442830188679245,Medium Priority,422723,377,ZONE_B,True,0.010337602404181731
H5-394812,30,7,20,4200,1296,28658,1296,High Movement,1,0.853377358490566,High Priority,432623,1268,ZONE_A,True,0.04522701051829508
H5-395261,16,5,17,1360,466,7934,466,Medium Movement,0,0.625943396226415,Medium Priority,422722,461,ZONE_B,True,0.014644936739257455
H5-39802,1,1,1,1,23,432,23,Low Movement,0,0.0979811320754717,Low Priority,432833,23,ZONE_C,False,1.0768335837689304e-05
H5-42372,1,1,1,1,339,711,339,Medium Movement,0,0.3781132075471697,Low Priority,422732,329,ZONE_C,False,1.0768335837689304e-05
H5-44641,15,8,30,3600,4010,19522,4010,High Movement,3,0.9495283018867924,High Priority,421523,3950,ZONE_A,True,0.038766009015681495
H5-44661,1,1,1,1,910,2136,910,High Movement,0,0.5544339622641509,Medium Priority,421323,902,ZONE_B,True,1.0768335837689304e-05
H5-461811,13,20,3,780,112,1352,112,Low Movement,0,0.3449245283018868,Low Priority,433533,109,ZONE_C,False,0.008399301953397657
H5-51282,20,4,15,1200,212,2085,212,Medium Movement,0,0.489,Medium Priority,422832,211,ZONE_B,True,0.012922003005227167
H5-51283,20,6,15,1800,145,1404,145,Low Movement,0,0.4657735849056603,Medium Priority,422833,145,ZONE_B,True,0.019383004507840747
H5-51284,10,9,10,900,283,2808,283,Medium Movement,0,0.4926603773584905,Medium Priority,422032,282,ZONE_B,True,0.009691502253920374
H5-515099,19,12,5,1140,1394,13371,1394,High Movement,1,0.7822075471698113,Medium Priority,431622,1370,ZONE_B,True,0.012275902854965806
H5-518727,17,4,15,1020,855,13330,855,High Movement,0,0.6958301886792452,Medium Priority,421923,849,ZONE_B,True,0.01098370255444309
H5-51093,19,4,15,1140,1457,19619,1457,High Movement,1,0.7893396226415093,Medium Priority,431223,1427,ZONE_B,True,0.012275902854965806
H5-51095,19,4,15,1140,663,8121,663,High Movement,0,0.6666415094339622,Medium Priority,431422,650,ZONE_B,True,0.012275902854965806
H5-51098,19,4,15,1140,1106,12985,1106,High Movement,1,0.750509433962264,Medium Priority,431423,1088,ZONE_B,True,0.012275902854965806
H5-51090,19,4,15,1140,1184,17360,1184,High Movement,1,0.7606792452830189,Medium Priority,431623,1170,ZONE_B,True,0.012275902854965806
H5-51002,19,4,15,1140,1837,21113,1837,High Movement,1,0.8133773584905659,High Priority,431822,1795,ZONE_A,True,0.012275902854965806
H5-51004,19,4,15,1140,1594,18630,1594,High Movement,1,0.8014905660377358,High Priority,431823,1568,ZONE_A,True,0.012275902854965806
H5-51005,19,4,15,1140,1496,17991,1496,High Movement,1,0.792509433962264,Medium Priority,431022,1466,ZONE_B,True,0.012275902854965806
H5-51006,19,4,15,1140,1238,12775,1238,High Movement,1,0.7664905660377357,Medium Priority,431023,1207,ZONE_B,True,0.012275902854965806
H5-51008,5,20,20,2000,763,7986,763,High Movement,0,0.738075471698113,Medium Priority,432222,753,ZONE_B,True,0.021536671675378607
H5-52103,9,9,9,729,494,4236,494,Medium Movement,0,0.5590943396226414,Medium Priority,431923,489,ZONE_B,True,0.007850116825675503
H5-52323,10,9,10,900,391,3213,391,Medium Movement,0,0.5395471698113207,Medium Priority,432323,385,ZONE_B,True,0.009691502253920374
H5-52328,10,9,9,810,359,2971,359,Medium Movement,0,0.5106603773584906,Medium Priority,432523,354,ZONE_B,True,0.008722352028528337
H5-52425,15,5,17,1275,528,7614,528,Medium Movement,0,0.6427547169811321,Medium Priority,421723,523,ZONE_B,True,0.013729628193053863
H5-52661,21,13,5,1365,39,540,39,Low Movement,0,0.3251320754716981,Low Priority,432133,39,ZONE_C,False,0.014698778418445902
H5-52023,29,8,25,5800,1186,17401,1186,High Movement,1,0.8526037735849056,High Priority,432822,1162,ZONE_A,True,0.06245634785859796
H5-53111,19,4,15,1140,565,8486,565,Medium Movement,0,0.6373207547169811,Medium Priority,422733,562,ZONE_B,True,0.012275902854965806
H5-53178,1,1,1,1,410,914,410,Medium Movement,0,0.4112641509433962,Medium Priority,423132,401,ZONE_B,True,1.0768335837689304e-05
H5-533261,10,9,9,810,361,3203,361,Medium Movement,0,0.5118490566037736,Medium Priority,431933,353,ZONE_B,True,0.008722352028528337
H5-53801,21,4,16,1344,176,2358,176,Medium Movement,0,0.4725471698113207,Medium Priority,432233,168,ZONE_B,True,0.014472643365854427
H5-53900,19,4,15,1140,366,5150,366,Medium Movement,0,0.556622641509434,Medium Priority,422033,364,ZONE_B,True,0.012275902854965806
H5-54111,21,14,4,1176,670,10208,670,High Movement,0,0.6746226415094339,Medium Priority,423133,665,ZONE_B,True,0.012663562945122622
H5-54165,19,4,15,1140,1520,46668,1520,High Movement,1,0.7952830188679245,Medium Priority,431222,1496,ZONE_B,True,0.012275902854965806
H5-54193,25,16,4,1600,809,14097,809,High Movement,0,0.7386226415094339,Medium Priority,432422,797,ZONE_B,True,0.017229337340302887
H5-548796,10,9,10,900,108,900,108,Low Movement,0,0.3615094339622641,Low Priority,423322,108,ZONE_C,False,0.009691502253920374
H5-54883,10,9,9,810,359,3169,359,Medium Movement,0,0.5106603773584906,Medium Priority,422932,355,ZONE_B,True,0.008722352028528337
H5-54091,16,4,15,960,1244,14522,1244,High Movement,1,0.7474150943396226,Medium Priority,422122,1239,ZONE_B,True,0.010337602404181731
H5-551413,21,13,5,1365,64,706,64,Low Movement,0,0.3629056603773585,Low Priority,422933,63,ZONE_C,False,0.014698778418445902
H5-56384,20,13,3,780,376,5831,376,Medium Movement,0,0.5134528301886792,Medium Priority,431932,366,ZONE_B,True,0.008399301953397657
H5-56385,23,16,4,1472,908,9981,908,High Movement,0,0.7525283018867924,Medium Priority,431722,888,ZONE_B,True,0.01585099035307866
H5-56386,20,13,3,780,480,5636,480,Medium Movement,0,0.5603396226415094,Medium Priority,431922,469,ZONE_B,True,0.008399301953397657
H5-56387,20,13,3,780,590,6954,590,Medium Movement,0,0.597188679245283,Medium Priority,432122,578,ZONE_B,True,0.008399301953397657
H5-56389,13,20,3,780,777,10449,777,High Movement,0,0.6456603773584906,Medium Priority,432522,758,ZONE_B,True,0.008399301953397657
H5-58111,20,14,3,840,393,4765,393,Medium Movement,0,0.5316792452830188,Medium Priority,423233,391,ZONE_B,True,0.009045402103659016
H5-58847,1,1,1,1,289,3359,289,Medium Movement,0,0.3559245283018868,Low Priority,423123,289,ZONE_C,False,1.0768335837689304e-05
H5-59652,1,1,1,1,376,11486,376,Medium Movement,0,0.394754716981132,Low Priority,422623,376,ZONE_C,False,1.0768335837689304e-05
H5-5023111,20,4,15,1200,34,480,34,Low Movement,0,0.3009245283018867,Low Priority,421732,34,ZONE_C,False,0.012922003005227167
H5-50411,18,13,7,1638,56,1932,56,Low Movement,0,0.3678113207547169,Low Priority,422333,54,ZONE_C,False,0.017638534102135082
H592021148,15,5,17,1275,2267,43330,2267,High Movement,1,0.8540754716981132,High Priority,432023,2218,ZONE_A,True,0.013729628193053863
H592021163,15,5,17,1275,1098,18333,1098,High Movement,1,0.7676981132075471,Medium Priority,421722,1095,ZONE_B,True,0.013729628193053863
H592021189,16,5,17,1360,994,18092,994,High Movement,0,0.7586792452830188,Medium Priority,422523,992,ZONE_B,True,0.014644936739257455
H592021105,16,5,17,1360,1072,18547,1072,High Movement,1,0.7710943396226414,Medium Priority,433223,1053,ZONE_B,True,0.014644936739257455
H592021239,17,7,12,1428,963,18935,963,High Movement,0,0.7573584905660377,Medium Priority,433222,941,ZONE_B,True,0.015377183576220326
H5F2421188,20,13,5,1300,374,5359,374,Medium Movement,0,0.5808867924528301,Medium Priority,431523,363,ZONE_B,True,0.013998836588996096
H5-F26051,22,11,10,2420,68,902,68,Low Movement,0,0.404566037735849,Medium Priority,432932,67,ZONE_B,True,0.02605937272720812
H5F2921179,20,4,15,1200,96,1734,96,Low Movement,0,0.3871698113207547,Low Priority,422532,95,ZONE_C,False,0.012922003005227167
H5F2921170,20,4,15,1200,35,590,35,Low Movement,0,0.3025094339622641,Low Priority,422132,35,ZONE_C,False,0.012922003005227167
H5F2921181,18,13,7,1638,15,204,15,Low Movement,0,0.2860566037735849,Low Priority,422332,15,ZONE_C,False,0.017638534102135082
H5F2921185,15,5,17,1275,307,4886,307,Medium Movement,0,0.5496415094339622,Medium Priority,432923,300,ZONE_B,True,0.013729628193053863
H5F2921188,15,5,17,1275,219,3161,219,Medium Movement,0,0.4998490566037735,Medium Priority,432922,212,ZONE_B,True,0.013729628193053863
H5F2921189,15,5,17,1275,339,4958,339,Medium Movement,0,0.5625849056603773,Medium Priority,431033,331,ZONE_B,True,0.013729628193053863
H5F2921195,20,4,15,1200,76,1292,76,Low Movement,0,0.3657735849056603,Low Priority,422533,75,ZONE_C,False,0.012922003005227167
H5F2021169,21,16,7,2352,285,3773,285,Medium Movement,0,0.5784528301886792,Medium Priority,432433,278,ZONE_B,True,0.025327125890245245
H5F2021193,21,16,7,2352,267,4007,267,Medium Movement,0,0.5692075471698113,Medium Priority,432432,258,ZONE_B,True,0.025327125890245245
H5-F20541,18,13,7,1638,31,498,31,Low Movement,0,0.3240943396226415,Low Priority,421932,31,ZONE_C,False,0.017638534102135082
H5-F40811,20,4,15,1200,79,1277,79,Low Movement,0,0.3703962264150943,Low Priority,421733,77,ZONE_C,False,0.012922003005227167
H6-122119,1,1,1,1,2,20,2,Low Movement,0,0.0357735849056603,Low Priority,431982,2,ZONE_C,False,1.0768335837689304e-05
H6-715796,1,1,1,1,29,632,29,Low Movement,0,0.1129056603773584,Low Priority,431942,2,ZONE_C,False,1.0768335837689304e-05
H6-725658,1,1,1,1,10,336,10,Low Movement,0,0.0650943396226415,Low Priority,433172,2,ZONE_C,False,1.0768335837689304e-05
H6-746417,1,1,1,1,24,354,24,Low Movement,0,0.1003584905660377,Low Priority,431042,2,ZONE_C,False,1.0768335837689304e-05
H6-749036,1,1,1,1,5,15,5,Low Movement,0,0.048188679245283,Low Priority,423243,1,ZONE_C,False,1.0768335837689304e-05
H9-515528,1,1,1,1,151,3431,151,Medium Movement,0,0.2610943396226415,Low Priority,391522,121,ZONE_C,False,1.0768335837689304e-05
HF-24576,15,12,12,2160,1,6,1,Low Movement,0,0.2502264150943396,Low Priority,781325,1,ZONE_C,False,0.0232596054094089
HF-24583,15,12,12,2160,5,31,5,Low Movement,0,0.2683207547169811,Low Priority,493424,4,ZONE_C,False,0.0232596054094089
HF-24584,15,12,12,2160,6,37,6,Low Movement,0,0.2720188679245283,Low Priority,493623,5,ZONE_C,False,0.0232596054094089
HF-24585,15,12,12,2160,24,162,24,Low Movement,0,0.3204905660377358,Low Priority,493025,24,ZONE_C,False,0.0232596054094089
HF-25612,15,12,11,1980,5,54,5,Low Movement,0,0.2625471698113207,Low Priority,492822,5,ZONE_C,False,0.021321304958624825
HF-25613,15,11,12,1980,8,102,8,Low Movement,0,0.273377358490566,Low Priority,492824,8,ZONE_C,False,0.021321304958624825
HF-25610,16,12,12,2304,6,66,6,Low Movement,0,0.2745094339622641,Low Priority,492022,5,ZONE_C,False,0.02481024577003616
HF-25621,16,12,11,2112,6,96,6,Low Movement,0,0.2711698113207547,Low Priority,492023,5,ZONE_C,False,0.022742725289199812
HF-25642,15,12,11,1980,53,674,53,Low Movement,0,0.372566037735849,Low Priority,493822,46,ZONE_C,False,0.021321304958624825
HF-25646,15,11,12,1980,70,1026,70,Low Movement,0,0.3956792452830188,Low Priority,493024,52,ZONE_C,False,0.021321304958624825
HF-26200,11,5,5,275,70,940,70,Low Movement,0,0.225754716981132,Low Priority,782724,36,ZONE_C,False,0.002961292355364559
HF-27105,1,1,1,1,41,328,41,Low Movement,0,0.1387924528301886,Low Priority,492033,26,ZONE_C,False,1.0768335837689304e-05
HF-49830,1,1,1,1,14,84,14,Low Movement,0,0.0775094339622641,Low Priority,492825,7,ZONE_C,False,1.0768335837689304e-05
HF-58589,22,18,10,3960,22,252,22,Low Movement,0,0.3408679245283019,Low Priority,493624,17,ZONE_C,False,0.04264260991724965
HF-58594,25,18,11,4950,67,570,67,Low Movement,0,0.4309811320754717,Medium Priority,493423,64,ZONE_B,True,0.053303262396562065
HF-72143,43,27,7,8127,85,1067,85,Low Movement,0,0.4651509433962264,Medium Priority,492622,58,ZONE_B,True,0.08751426535290098
HF-72144,22,14,7,2156,314,5347,314,Medium Movement,0,0.5879622641509434,Medium Priority,491022,185,ZONE_B,True,0.023216532066058143
HF-81570,40,32,5,6400,103,1342,103,Low Movement,0,0.4777735849056603,Medium Priority,491822,68,ZONE_B,True,0.06891734936121155
HF-81582,39,32,5,6240,90,1383,90,Low Movement,0,0.4634528301886792,Medium Priority,492423,83,ZONE_B,True,0.06719441562718126
HF-86892,1,1,1,1,12,102,12,Low Movement,0,0.0707735849056603,Low Priority,492024,7,ZONE_C,False,1.0768335837689304e-05
HF-87109,1,1,1,1,18,138,18,Low Movement,0,0.0854339622641509,Low Priority,493023,13,ZONE_C,False,1.0768335837689304e-05
HF-87487,18,6,11,1188,64,776,64,Low Movement,0,0.3456981132075472,Low Priority,491023,39,ZONE_C,False,0.012792782975174893
HF-87488,37,20,7,5180,244,3392,244,Medium Movement,0,0.5840754716981131,Medium Priority,492223,149,ZONE_B,True,0.05577997963923059
HF-87407,1,1,1,1,39,320,39,Low Movement,0,0.1332452830188679,Low Priority,493825,28,ZONE_C,False,1.0768335837689304e-05
HF-88238,37,22,7,5698,182,3032,182,Medium Movement,0,0.5476981132075471,Medium Priority,491623,103,ZONE_B,True,0.06135797760315366
HF-88242,36,22,7,5544,91,1478,91,Low Movement,0,0.4617169811320755,Medium Priority,492222,60,ZONE_B,True,0.0596996538841495
HF-88255,22,14,7,2156,86,1018,86,Low Movement,0,0.4216792452830188,Medium Priority,492623,46,ZONE_B,True,0.023216532066058143
HF-88256,22,14,7,2156,204,3148,204,Medium Movement,0,0.5268113207547169,Medium Priority,491622,103,ZONE_B,True,0.023216532066058143
HF-88369,1,1,1,1,55,396,55,Low Movement,0,0.1600566037735848,Low Priority,493823,37,ZONE_C,False,1.0768335837689304e-05
HF-80229,16,7,14,1568,3,6,3,Low Movement,0,0.242377358490566,Low Priority,544532,3,ZONE_C,False,0.016884750593496832
HF-80681,43,27,6,6966,223,3212,223,Medium Movement,0,0.578811320754717,Medium Priority,492422,147,ZONE_B,True,0.0750122274453437
HF-80683,44,27,6,7128,72,946,72,Low Movement,0,0.4465471698113207,Medium Priority,491823,47,ZONE_B,True,0.07675669785104937
HF-92096,15,5,5,375,1,6,1,Low Movement,0,0.0877735849056603,Low Priority,491682,1,ZONE_C,False,0.00403812593913349
I2-12022,5,26,16,2080,13,64,13,Low Movement,0,0.2915849056603773,Low Priority,4110C3,13,ZONE_C,False,0.022398138542393753
I2-14361,4,23,11,1012,155,833,155,Medium Movement,0,0.4182075471698113,Medium Priority,4116C3,155,ZONE_B,True,0.010897555867741576
I2-15858,14,9,9,1134,70,587,70,Low Movement,0,0.3454150943396226,Low Priority,4118D2,70,ZONE_C,False,0.01221129283993967
I2-15859,14,9,9,1134,66,551,66,Low Movement,0,0.3390754716981131,Low Priority,4118D4,65,ZONE_C,False,0.01221129283993967
I2-16615,1,16,10,160,7,90,7,Low Movement,0,0.0859245283018868,Low Priority,4110D5,7,ZONE_C,False,0.0017229337340302889
I2-16616,5,20,10,1000,8,120,8,Low Movement,0,0.2095849056603773,Low Priority,4110D6,8,ZONE_C,False,0.010768335837689304
I2-18039,11,7,5,385,394,13243,394,Medium Movement,0,0.4608490566037735,Medium Priority,151323,288,ZONE_B,True,0.004145809297510382
I2-18030,11,7,5,385,333,10348,333,Medium Movement,0,0.4340377358490566,Medium Priority,151322,250,ZONE_B,True,0.004145809297510382
I2-18044,11,7,5,385,436,14887,436,Medium Movement,0,0.4803962264150943,Medium Priority,151523,307,ZONE_B,True,0.004145809297510382
I2-21041,14,7,24,2352,32,49,32,Low Movement,0,0.3438867924528301,Low Priority,411823,31,ZONE_C,False,0.025327125890245245
I2-22111,21,4,11,924,1,12,1,Low Movement,0,0.1732452830188679,Low Priority,4112D5,1,ZONE_C,False,0.009949942314024917
I2-24111,5,20,10,1000,167,1420,167,Medium Movement,0,0.4269811320754716,Medium Priority,411722,167,ZONE_B,True,0.010768335837689304
I2-24342,4,23,12,1104,76,1166,76,Low Movement,0,0.349754716981132,Low Priority,4118C3,76,ZONE_C,False,0.011888242764808992
I2-24521,3,19,13,741,130,1804,130,Low Movement,0,0.3547169811320754,Low Priority,4116C4,130,ZONE_C,False,0.007979336855727773
I2-25221,4,20,9,720,11,116,11,Low Movement,0,0.1756981132075471,Low Priority,4116D5,11,ZONE_C,False,0.0077532018031363
I2-20146,11,8,11,968,30,409,30,Low Movement,0,0.2631132075471698,Low Priority,4114C3,29,ZONE_C,False,0.010423749090883247
I2-20246,21,13,2,546,32,576,32,Low Movement,0,0.2050943396226415,Low Priority,4112C2,30,ZONE_C,False,0.005879511367378361
I2-20716,19,8,19,2888,163,290,163,Medium Movement,0,0.5059245283018867,Medium Priority,411425,163,ZONE_B,True,0.03109895389924671
I2-20720,22,13,18,5148,80,156,80,Low Movement,0,0.4488490566037736,Medium Priority,4114C5,79,ZONE_B,True,0.055435392892424544
I2-31111,8,18,19,2736,152,201,152,Medium Movement,0,0.4933584905660377,Medium Priority,4116C2,151,ZONE_B,True,0.029462166851917937
I2-32321,4,19,10,760,58,639,58,Low Movement,0,0.2791320754716981,Low Priority,4122D5,58,ZONE_C,False,0.008183935236643873
I2-32414,4,20,10,800,25,714,25,Low Movement,0,0.2246037735849056,Low Priority,411424,25,ZONE_C,False,0.008614668670151444
I2-33111,8,18,19,2736,98,153,98,Low Movement,0,0.4422452830188679,Medium Priority,411423,98,ZONE_B,True,0.029462166851917937
I2-33211,18,8,19,2736,78,155,78,Low Movement,0,0.4226981132075471,Medium Priority,411222,78,ZONE_B,True,0.029462166851917937
I2-33611,18,10,14,2520,56,116,56,Low Movement,0,0.3889245283018867,Low Priority,411225,55,ZONE_C,False,0.02713620631097705
I2-34039,17,20,2,680,11,173,11,Low Movement,0,0.1704339622641509,Low Priority,4124D3,11,ZONE_C,False,0.007322468369628727
I2-35013,7,16,25,2800,337,468,337,Medium Movement,0,0.6095094339622642,Medium Priority,411723,333,ZONE_B,True,0.03015134034553005
I2-35088,3,18,12,648,41,388,41,Low Movement,0,0.2388679245283018,Low Priority,4122D3,41,ZONE_C,False,0.00697788162282267
I2-38131,3,18,12,648,30,303,30,Low Movement,0,0.2156226415094339,Low Priority,4124D2,30,ZONE_C,False,0.00697788162282267
I2-38215,3,20,11,660,19,139,19,Low Movement,0,0.1890754716981132,Low Priority,4122D4,19,ZONE_C,False,0.007107101652874941
I2-38217,3,20,11,660,25,206,25,Low Movement,0,0.2032075471698113,Low Priority,4110C5,25,ZONE_C,False,0.007107101652874941
I2-42951,24,6,11,1584,20,186,20,Low Movement,0,0.2944339622641509,Low Priority,4110A5,20,ZONE_C,False,0.01705704396689986
I2-51111,11,11,23,2783,4,4,4,Low Movement,0,0.275811320754717,Low Priority,411824,4,ZONE_C,False,0.029968278636289338
I2-55111,10,19,28,5320,37,112,37,Low Movement,0,0.3843207547169811,Low Priority,4110A2,37,ZONE_C,False,0.0572875466565071
I2-633008,5,20,15,1500,14,120,14,Low Movement,0,0.2769245283018868,Low Priority,4112C3,14,ZONE_C,False,0.01615250375653396
I2-638842,14,12,12,2016,82,781,82,Low Movement,0,0.4122452830188679,Medium Priority,4122C3,82,ZONE_B,True,0.02170896504878164
I2-76311,18,7,15,1890,54,64,54,Low Movement,0,0.3711320754716981,Low Priority,411825,54,ZONE_C,False,0.020352154733232788
I2-81113,5,18,8,720,243,501,243,Medium Movement,0,0.4366792452830189,Medium Priority,4124C2,243,ZONE_B,True,0.0077532018031363
I2-81114,5,18,8,720,189,394,189,Medium Movement,0,0.4032641509433962,Medium Priority,4124C3,189,ZONE_B,True,0.0077532018031363
I2-81127,5,18,8,720,258,545,258,Medium Movement,0,0.4468490566037735,Medium Priority,4124C4,258,ZONE_B,True,0.0077532018031363
I2-81128,5,18,8,720,202,484,202,Medium Movement,0,0.4129056603773584,Medium Priority,4124C5,202,ZONE_B,True,0.0077532018031363
I2-81136,9,29,15,3915,234,609,234,Medium Movement,0,0.5680754716981131,Medium Priority,4124A5,234,ZONE_B,True,0.04215803480455362
I2-81137,9,29,15,3915,133,342,133,Low Movement,0,0.489754716981132,Medium Priority,4122A5,133,ZONE_B,True,0.04215803480455362
I2-81138,9,29,15,3915,172,471,172,Medium Movement,0,0.5256792452830188,Medium Priority,4122A3,172,ZONE_B,True,0.04215803480455362
I2-83171,9,9,18,1458,223,425,223,Medium Movement,0,0.5154150943396225,Medium Priority,4124A3,223,ZONE_B,True,0.015700233651351005
I2-83179,9,9,18,1458,178,322,178,Medium Movement,0,0.4842452830188679,Medium Priority,4124A4,178,ZONE_B,True,0.015700233651351005
I2-83181,9,9,18,1458,200,396,200,Medium Movement,0,0.501943396226415,Medium Priority,4124A2,200,ZONE_B,True,0.015700233651351005
I2-83446,9,9,18,1458,133,250,133,Low Movement,0,0.4431698113207547,Medium Priority,4122A2,133,ZONE_B,True,0.015700233651351005
I2-83447,9,9,18,1458,136,263,136,Low Movement,0,0.4458113207547169,Medium Priority,4122A4,136,ZONE_B,True,0.015700233651351005
I2-89112,9,9,18,1458,310,493,310,Medium Movement,0,0.5641509433962264,Medium Priority,4110C4,309,ZONE_B,True,0.015700233651351005
I2-80393,8,19,26,3952,2,2,2,Low Movement,0,0.2811509433962264,Low Priority,303152,1,ZONE_C,False,0.04255646323054813
I2-91112,9,9,18,1458,132,189,132,Low Movement,0,0.4419811320754716,Medium Priority,4118C2,132,ZONE_B,True,0.015700233651351005
I291316178,7,30,15,3150,673,880,673,High Movement,0,0.741,Medium Priority,411224,672,ZONE_B,True,0.03392025788872131
I291316244,2,16,19,608,7,115,7,Low Movement,0,0.1498867924528301,Low Priority,4116D3,7,ZONE_C,False,0.0065471481893150975
I291316252,16,3,15,720,12,162,12,Low Movement,0,0.1786037735849056,Low Priority,4114C4,12,ZONE_C,False,0.0077532018031363
I291316285,9,29,15,3915,875,1394,875,High Movement,0,0.7935283018867925,Medium Priority,411523,874,ZONE_B,True,0.04215803480455362
I291316525,4,23,11,1012,550,2456,550,Medium Movement,0,0.6188301886792452,Medium Priority,411322,550,ZONE_B,True,0.010897555867741576
I291316533,4,23,11,1012,730,3883,730,High Movement,0,0.6673018867924528,Medium Priority,411522,730,ZONE_B,True,0.010897555867741576
I291316582,17,8,25,3400,2796,5469,2796,High Movement,1,0.9268490566037736,High Priority,411323,2794,ZONE_A,True,0.03661234184814363
I292316705,5,26,16,2080,28,181,28,Low Movement,0,0.3276415094339622,Low Priority,4122C4,28,ZONE_C,False,0.022398138542393753
I294116120,13,10,13,1690,9,245,9,Low Movement,0,0.2699245283018868,Low Priority,411625,9,ZONE_C,False,0.018198487565694924
I294316134,4,20,9,720,7,111,7,Low Movement,0,0.1634150943396226,Low Priority,4110D4,7,ZONE_C,False,0.0077532018031363
I294316142,4,20,9,720,24,376,24,Low Movement,0,0.208188679245283,Low Priority,4114D2,24,ZONE_C,False,0.0077532018031363
I294416132,5,20,10,1000,144,2046,144,Low Movement,0,0.4047924528301886,Medium Priority,411422,142,ZONE_B,True,0.010768335837689304
I29A216138,3,17,13,663,93,1379,93,Low Movement,0,0.3081132075471698,Low Priority,4118C4,93,ZONE_C,False,0.007139406660388009
I490761125,8,8,7,448,5282,390479,5282,High Movement,3,0.7885471698113208,Medium Priority,172823,3713,ZONE_B,True,0.004824214455284808
I490761174,11,8,8,704,462,15261,462,Medium Movement,0,0.5385849056603773,Medium Priority,172023,313,ZONE_B,True,0.007580908429733271
I490761258,11,8,8,704,4475,289674,4475,High Movement,3,0.8184528301886792,High Priority,172822,3074,ZONE_A,True,0.007580908429733271
I7-11977,7,6,7,294,6,186,6,Low Movement,0,0.097566037735849,Low Priority,165242,4,ZONE_C,False,0.0031658907362806556
I7-119770,7,6,6,252,8,240,8,Low Movement,0,0.0966603773584905,Low Priority,161823,7,ZONE_C,False,0.002713620631097705
I7-12227,1,1,1,1,211,3285,211,Medium Movement,0,0.3106226415094339,Low Priority,164023,195,ZONE_C,False,1.0768335837689304e-05
I7-13336,1,1,1,1,171,2638,171,Medium Movement,0,0.2795849056603773,Low Priority,165122,158,ZONE_C,False,1.0768335837689304e-05
I7-14103,21,6,6,756,93,2316,93,Low Movement,0,0.3209056603773584,Low Priority,1520C6,74,ZONE_C,False,0.008140861893293114
I7-14445,1,1,1,1,207,3237,207,Medium Movement,0,0.308377358490566,Low Priority,165222,192,ZONE_C,False,1.0768335837689304e-05
I7-148942,11,8,8,704,163,6036,163,Medium Movement,0,0.3789056603773584,Low Priority,173022,112,ZONE_C,False,0.007580908429733271
I7-148023,12,8,8,768,27,426,27,Low Movement,0,0.2237358490566037,Low Priority,174524,16,ZONE_C,False,0.008270081923345387
I7-148054,12,8,8,768,126,1800,126,Low Movement,0,0.3534339622641509,Low Priority,173823,79,ZONE_C,False,0.008270081923345387
I7-149110,12,8,8,768,56,2130,56,Low Movement,0,0.2777547169811321,Low Priority,173822,34,ZONE_C,False,0.008270081923345387
I7-152344,12,8,8,768,251,4546,251,Medium Movement,0,0.4499811320754717,Medium Priority,433522,246,ZONE_B,True,0.008270081923345387
I7-15554,1,1,1,1,105,1526,105,Low Movement,0,0.2193584905660377,Low Priority,174122,66,ZONE_C,False,1.0768335837689304e-05
I7-15864,1,1,1,1,3,17,3,Low Movement,0,0.0401320754716981,Low Priority,433532,3,ZONE_C,False,1.0768335837689304e-05
I7-158644,1,1,1,1,4,23,4,Low Movement,0,0.0443584905660377,Low Priority,433133,4,ZONE_C,False,1.0768335837689304e-05
I7-16662,10,9,9,810,12,181,12,Low Movement,0,0.1943396226415094,Low Priority,433332,11,ZONE_C,False,0.008722352028528337
I7-172327,24,6,8,1152,643,14748,643,High Movement,0,0.6638301886792453,Medium Priority,164422,643,ZONE_B,True,0.01240512288501808
I7-172337,25,7,9,1575,1033,20338,1033,High Movement,1,0.7782264150943395,Medium Priority,164523,1033,ZONE_B,True,0.016960128944360654
I7-1723434,32,15,17,8160,754,5343,754,High Movement,0,0.7854339622641509,Medium Priority,163023,754,ZONE_B,True,0.08786962043554472
I7-172375,28,10,15,4200,817,13332,817,High Movement,0,0.7840377358490566,Medium Priority,164222,816,ZONE_B,True,0.04522701051829508
I7-172397,30,10,12,3600,887,16698,887,High Movement,0,0.7939433962264151,Medium Priority,164423,886,ZONE_B,True,0.038766009015681495
I7-176197,30,10,12,3600,353,4726,353,Medium Movement,0,0.6275283018867924,Medium Priority,164323,351,ZONE_B,True,0.038766009015681495
I7-170137,25,7,9,1575,1808,52706,1808,High Movement,1,0.8480943396226415,High Priority,164522,1806,ZONE_A,True,0.016960128944360654
I7-1701722,32,15,17,8160,1263,10402,1263,High Movement,1,0.8665283018867924,High Priority,164123,1261,ZONE_A,True,0.08786962043554472
I7-170175,27,10,12,3240,1326,24569,1326,High Movement,1,0.8472641509433962,High Priority,164122,1320,ZONE_A,True,0.03488940811411335
I7-170197,30,10,12,3600,1749,44195,1749,High Movement,1,0.8850754716981133,High Priority,164223,1741,ZONE_A,True,0.038766009015681495
I7-170497,31,10,12,3720,167,2266,167,Medium Movement,0,0.5197547169811321,Medium Priority,164322,167,ZONE_B,True,0.04005820931620421
I7-18476,12,8,8,768,30,366,30,Low Movement,0,0.2315283018867924,Low Priority,433333,30,ZONE_C,False,0.008270081923345387
I7-18513,12,7,14,1176,89,844,89,Low Movement,0,0.3762641509433961,Low Priority,432933,89,ZONE_C,False,0.012663562945122622
I7-19778,6,6,7,252,17,504,17,Low Movement,0,0.120566037735849,Low Priority,161622,14,ZONE_C,False,0.002713620631097705
I7-19782,6,9,9,486,18,558,18,Low Movement,0,0.1608867924528301,Low Priority,161522,18,ZONE_C,False,0.005233411217117002
I7-10111,1,1,1,1,4,18,4,Low Movement,0,0.0443584905660377,Low Priority,433132,4,ZONE_C,False,1.0768335837689304e-05
I7-369755,7,7,7,343,6291,527029,6291,High Movement,3,0.7752264150943396,Medium Priority,164922,6284,ZONE_B,True,0.0036935391923274318
I7-48944,11,8,8,704,237,4272,237,Medium Movement,0,0.4313396226415094,Medium Priority,173023,166,ZONE_B,True,0.007580908429733271
I7-48906,11,8,8,704,241,5472,241,Medium Movement,0,0.4326603773584905,Medium Priority,174223,140,ZONE_B,True,0.007580908429733271
I7-48907,11,8,8,704,289,5373,289,Medium Movement,0,0.4617169811320755,Medium Priority,172922,191,ZONE_B,True,0.007580908429733271
I7-49221,11,8,8,704,262,4308,262,Medium Movement,0,0.4475849056603773,Medium Priority,173923,185,ZONE_B,True,0.007580908429733271
I7-49465,26,8,11,2288,107,1898,107,Low Movement,0,0.4437924528301887,Medium Priority,161322,100,ZONE_B,True,0.024637952396633127
I7-49882,1,1,1,1,209,2950,209,Medium Movement,0,0.3091698113207547,Low Priority,165323,197,ZONE_C,False,1.0768335837689304e-05
I7-49883,1,1,1,1,183,2495,183,Medium Movement,0,0.2909433962264151,Low Priority,165123,171,ZONE_C,False,1.0768335837689304e-05
I7-49884,1,1,1,1,119,1650,119,Low Movement,0,0.233754716981132,Low Priority,165223,119,ZONE_C,False,1.0768335837689304e-05
I7-49885,1,1,1,1,179,2393,179,Medium Movement,0,0.287377358490566,Low Priority,164723,167,ZONE_C,False,1.0768335837689304e-05
I7-56640,14,8,8,896,145,1916,145,Low Movement,0,0.392132075471698,Low Priority,1532C5,145,ZONE_C,False,0.009648428910569617
I7-56651,13,8,8,832,621,8937,621,High Movement,0,0.6165660377358491,Medium Priority,1534C5,619,ZONE_B,True,0.008959255416957503
I7-56652,13,8,8,832,294,4114,294,Medium Movement,0,0.4860754716981131,Medium Priority,1534D8,292,ZONE_B,True,0.008959255416957503
I7-56653,13,8,8,832,374,5352,374,Medium Movement,0,0.5217358490566038,Medium Priority,1532C3,372,ZONE_B,True,0.008959255416957503
I7-56655,13,8,8,832,141,1905,141,Low Movement,0,0.3798867924528302,Low Priority,1532C6,141,ZONE_C,False,0.008959255416957503
I7-56650,13,8,8,832,660,9916,660,High Movement,0,0.6263396226415094,Medium Priority,1534C2,660,ZONE_B,True,0.008959255416957503
I7-66215,1,1,1,1,1930,4189,1930,High Movement,1,0.6540188679245283,Medium Priority,382922,1929,ZONE_B,True,1.0768335837689304e-05
I7-66216,1,1,1,1,2523,8072,2523,High Movement,1,0.679377358490566,Medium Priority,382923,2516,ZONE_B,True,1.0768335837689304e-05
I7-66217,28,11,17,5236,4085,18794,4085,High Movement,3,0.9636981132075472,High Priority,383322,4083,ZONE_A,True,0.0563830064461412
I7-66851,1,1,1,1,7,28,7,Low Movement,0,0.0555849056603773,Low Priority,371772,2,ZONE_C,False,1.0768335837689304e-05
I7-68318,12,8,8,768,70,935,70,Low Movement,0,0.2973018867924528,Low Priority,432533,69,ZONE_C,False,0.008270081923345387
I7-71012,19,6,10,1140,2413,39633,2413,High Movement,1,0.8419056603773585,High Priority,163922,2408,ZONE_A,True,0.012275902854965806
I7-71013,19,8,8,1216,557,8996,557,Medium Movement,0,0.6476037735849056,Medium Priority,163522,557,ZONE_B,True,0.013094296378630195
I7-71014,20,6,10,1200,498,10814,498,Medium Movement,0,0.6266226415094339,Medium Priority,163523,287,ZONE_B,True,0.012922003005227167
I7-71015,20,6,10,1200,613,12132,613,Medium Movement,0,0.6628113207547169,Medium Priority,163923,613,ZONE_B,True,0.012922003005227167
I7-71016,20,6,10,1200,701,13410,701,High Movement,0,0.6863207547169811,Medium Priority,163722,700,ZONE_B,True,0.012922003005227167
I7-71017,19,6,10,1140,604,13284,604,Medium Movement,0,0.6496037735849056,Medium Priority,163723,604,ZONE_B,True,0.012275902854965806
I7-72615,33,16,18,9504,698,40677,698,High Movement,0,0.7746037735849056,Medium Priority,165422,307,ZONE_B,True,0.10234226380139914
I7-76145,32,15,17,8160,79,396,79,Low Movement,0,0.4572264150943396,Medium Priority,163022,79,ZONE_B,True,0.08786962043554472
I7-76621,1,1,1,1,1,1,1,Low Movement,0,0.0300943396226415,Low Priority,391222,1,ZONE_C,False,1.0768335837689304e-05
I7-70115,33,16,18,9504,1619,76690,1619,High Movement,1,0.9013962264150944,High Priority,165423,862,ZONE_A,True,0.10234226380139914
I799514143,12,7,14,1176,8,94,8,Low Movement,0,0.2317735849056603,Low Priority,433323,8,ZONE_C,False,0.012663562945122622
I799514151,12,7,14,1176,266,4214,266,Medium Movement,0,0.5170566037735849,Medium Priority,433122,257,ZONE_B,True,0.012663562945122622
I799514192,12,7,14,1176,493,8487,493,Medium Movement,0,0.6196792452830189,Medium Priority,433422,484,ZONE_B,True,0.012663562945122622
I799514100,12,7,14,1176,89,1343,89,Low Movement,0,0.3762641509433961,Low Priority,433232,89,ZONE_C,False,0.012663562945122622
I799514218,12,7,14,1176,164,2499,164,Medium Movement,0,0.4465283018867924,Medium Priority,433123,163,ZONE_B,True,0.012663562945122622
I799514234,12,7,14,1176,382,7697,382,Medium Movement,0,0.5698867924528301,Medium Priority,433322,374,ZONE_B,True,0.012663562945122622
I799514242,12,7,14,1176,234,4988,234,Medium Movement,0,0.496188679245283,Medium Priority,433433,229,ZONE_B,True,0.012663562945122622
I799514416,12,7,14,1176,237,3982,237,Medium Movement,0,0.4983018867924528,Medium Priority,433523,235,ZONE_B,True,0.012663562945122622
I799514424,12,7,14,1176,443,7362,443,Medium Movement,0,0.596566037735849,Medium Priority,433423,433,ZONE_B,True,0.012663562945122622
I7-A71236,12,6,17,1224,159,3233,159,Medium Movement,0,0.4504528301886792,Medium Priority,382123,103,ZONE_B,True,0.013180443065331709
I7-A71237,12,6,17,1224,423,8803,423,Medium Movement,0,0.596,Medium Priority,391322,226,ZONE_B,True,0.013180443065331709
I7-A71238,12,6,17,1224,442,11067,442,Medium Movement,0,0.6035283018867924,Medium Priority,382322,345,ZONE_B,True,0.013180443065331709
I7-A71243,33,11,18,6534,1635,8258,1635,High Movement,1,0.8971698113207547,High Priority,382023,882,ZONE_A,True,0.07036030636346192
I7-A71244,33,11,18,6534,2334,13361,2334,High Movement,1,0.9328301886792452,High Priority,383223,1523,ZONE_A,True,0.07036030636346192
I7-A71245,33,11,18,6534,2196,12639,2196,High Movement,1,0.9259622641509434,High Priority,382223,897,ZONE_A,True,0.07036030636346192
I7-DASN16,1,1,1,1,4,4,4,Low Movement,0,0.0443584905660377,Low Priority,383323,3,ZONE_C,False,1.0768335837689304e-05
I7I1914134,22,6,7,924,297,5178,297,Medium Movement,0,0.5025094339622641,Medium Priority,161923,276,ZONE_B,True,0.009949942314024917
I7I1914175,25,8,8,1600,270,4946,270,Medium Movement,0,0.5506792452830188,Medium Priority,161822,257,ZONE_B,True,0.017229337340302887
I7I1914183,22,5,9,990,354,6129,354,Medium Movement,0,0.5353584905660377,Medium Priority,161922,332,ZONE_B,True,0.010660652479312412
I7I2214120,11,7,7,539,197,7068,197,Medium Movement,0,0.3820188679245282,Low Priority,174123,122,ZONE_C,False,0.005804133016514536
I7I2214245,17,16,16,4352,15,436,15,Low Movement,0,0.3299245283018868,Low Priority,161423,15,ZONE_C,False,0.04686379756562385
I7I2214369,18,16,16,4608,10,416,10,Low Movement,0,0.3158490566037736,Low Priority,161323,10,ZONE_C,False,0.04962049154007232
I7I2214518,9,9,5,405,149,6522,149,Medium Movement,0,0.3220188679245283,Low Priority,173623,89,ZONE_C,False,0.0043611760142641684
I7I2214526,8,7,7,392,276,9306,276,Medium Movement,0,0.4104716981132075,Medium Priority,173722,183,ZONE_B,True,0.004221187648374208
I7I2214534,12,10,10,1200,139,2463,139,Low Movement,0,0.4278490566037735,Medium Priority,173123,96,ZONE_B,True,0.012922003005227167
I7I2214542,13,8,8,832,148,5412,148,Medium Movement,0,0.3871509433962263,Low Priority,173323,104,ZONE_C,False,0.008959255416957503
I7I2214625,12,8,8,768,51,680,51,Low Movement,0,0.2714150943396226,Low Priority,173723,31,ZONE_C,False,0.008270081923345387
I7I2214667,7,7,7,343,66,15840,66,Low Movement,0,0.2275094339622641,Low Priority,576242,4,ZONE_C,False,0.0036935391923274318
I7I2214682,18,16,16,4608,38,1108,38,Low Movement,0,0.3816226415094339,Low Priority,161723,30,ZONE_C,False,0.04962049154007232
I7-I229261,9,6,6,324,481,17223,481,Medium Movement,0,0.4922830188679244,Medium Priority,173422,325,ZONE_B,True,0.003488940811411335
I7I2317121,19,8,7,1064,259,3622,259,Medium Movement,0,0.4951320754716981,Medium Priority,1528C3,259,ZONE_B,True,0.01145750933130142
I7I2317139,16,6,6,576,235,6576,235,Medium Movement,0,0.4136415094339623,Medium Priority,1520C3,235,ZONE_B,True,0.00620256144250904
I7I2317147,19,7,8,1064,230,3316,230,Medium Movement,0,0.4765094339622642,Medium Priority,1536C2,230,ZONE_B,True,0.01145750933130142
I7I2317155,19,8,7,1064,202,2955,202,Medium Movement,0,0.4603962264150942,Medium Priority,1520C5,200,ZONE_B,True,0.01145750933130142
I7I2317162,14,6,6,504,147,3294,147,Low Movement,0,0.3354905660377358,Low Priority,1532C2,145,ZONE_C,False,0.00542724126219541
I9-713223,15,7,4,420,476,18090,476,Medium Movement,0,0.5031509433962263,Medium Priority,2132C2,240,ZONE_B,True,0.004522701051829508
I9-713226,13,8,5,520,431,10059,431,Medium Movement,0,0.4981698113207546,Medium Priority,2132A5,227,ZONE_B,True,0.005599534635598438
IS-12291,21,7,6,882,1004,31358,1004,High Movement,0,0.7042075471698113,Medium Priority,463923,539,ZONE_B,True,0.009497672208841967
IS-2330,24,9,6,1296,160,1449,160,Medium Movement,0,0.4570566037735848,Medium Priority,2132A2,101,ZONE_B,True,0.01395576324564534
IS-2375,11,6,10,660,402,7116,402,Medium Movement,0,0.5076415094339622,Medium Priority,2120C4,240,ZONE_B,True,0.007107101652874941
IT-125219,9,12,6,648,16,144,16,Low Movement,0,0.1816792452830188,Low Priority,421222,16,ZONE_C,False,0.00697788162282267
IT-151850,7,6,6,252,256,4088,256,Medium Movement,0,0.3752075471698113,Low Priority,421824,254,ZONE_C,False,0.002713620631097705
IT-151867,7,6,6,252,158,2610,158,Medium Movement,0,0.3063962264150943,Low Priority,421623,152,ZONE_C,False,0.002713620631097705
IT-151881,1,1,1,1,29,468,29,Low Movement,0,0.1129056603773584,Low Priority,421223,29,ZONE_C,False,1.0768335837689304e-05
IT-151041,7,6,6,252,131,1939,131,Low Movement,0,0.2805094339622641,Low Priority,421823,129,ZONE_C,False,0.002713620631097705
IT-162238,1,1,1,1,1,6,1,Low Movement,0,0.0300943396226415,Low Priority,421543,1,ZONE_C,False,1.0768335837689304e-05
IT-40243,22,17,7,2618,170,1585,170,Medium Movement,0,0.5075849056603774,Medium Priority,421633,168,ZONE_B,True,0.0281915032230706
IT-66243,21,7,14,2058,177,1483,177,Medium Movement,0,0.5016415094339622,Medium Priority,421032,177,ZONE_B,True,0.02216123515396459
IT-66342,21,7,14,2058,169,1399,169,Medium Movement,0,0.4945094339622641,Medium Priority,421625,169,ZONE_B,True,0.02216123515396459
IT-66441,21,7,14,2058,124,1064,124,Low Movement,0,0.4534339622641509,Medium Priority,421033,124,ZONE_B,True,0.02216123515396459
IT-66816,21,7,14,2058,44,396,44,Low Movement,0,0.3621698113207547,Low Priority,421825,44,ZONE_C,False,0.02216123515396459
IT-67240,11,11,5,605,277,2892,277,Medium Movement,0,0.445188679245283,Medium Priority,421422,277,ZONE_B,True,0.00651484318180203
IT-67349,10,11,6,660,161,1698,161,Medium Movement,0,0.3723962264150943,Low Priority,421622,161,ZONE_C,False,0.007107101652874941
K2-11133,12,7,7,588,31,472,31,Low Movement,0,0.2100943396226415,Low Priority,3018A3,31,ZONE_C,False,0.006331781472561311
K2-11166,12,9,8,864,324,4181,324,Medium Movement,0,0.5024528301886793,Medium Priority,3013A2,324,ZONE_B,True,0.00930384216376356
K2-11176,13,8,8,832,273,3610,273,Medium Movement,0,0.476566037735849,Medium Priority,3012A3,273,ZONE_B,True,0.008959255416957503
K2-11804,12,7,7,588,198,2397,198,Medium Movement,0,0.3942075471698113,Low Priority,3017C2,198,ZONE_C,False,0.006331781472561311
K2-12811,1,1,1,1,65,1005,65,Low Movement,0,0.1726037735849056,Low Priority,3018A4,65,ZONE_C,False,1.0768335837689304e-05
K2-12812,1,1,1,1,106,1380,106,Low Movement,0,0.2204150943396226,Low Priority,3018A5,106,ZONE_C,False,1.0768335837689304e-05
K2-13207,1,1,1,1,151,2086,151,Medium Movement,0,0.2610943396226415,Low Priority,3019A3,151,ZONE_C,False,1.0768335837689304e-05
K2-13439,11,7,7,539,59,533,59,Low Movement,0,0.2461132075471698,Low Priority,3016A2,59,ZONE_C,False,0.005804133016514536
K2-13611,18,8,4,576,96,1037,96,Low Movement,0,0.2992641509433962,Low Priority,3016A4,96,ZONE_C,False,0.00620256144250904
K2-13629,19,6,8,912,125,1461,125,Low Movement,0,0.3786792452830189,Low Priority,3013A4,124,ZONE_C,False,0.009820722283972644
K2-13633,1,1,1,1,96,1216,96,Low Movement,0,0.2101132075471697,Low Priority,3018A2,96,ZONE_C,False,1.0768335837689304e-05
K2-15629,18,8,4,576,27,344,27,Low Movement,0,0.1969056603773584,Low Priority,3017A4,27,ZONE_C,False,0.00620256144250904
K2-16822,19,6,8,912,20,240,20,Low Movement,0,0.2323396226415094,Low Priority,3017A5,20,ZONE_C,False,0.009820722283972644
K2-16833,19,6,8,912,77,907,77,Low Movement,0,0.3317924528301886,Low Priority,3016A3,77,ZONE_C,False,0.009820722283972644
K2-21281,13,8,8,832,38,567,38,Low Movement,0,0.2585094339622641,Low Priority,3016D6,38,ZONE_C,False,0.008959255416957503
K2-21283,13,8,8,832,66,1854,66,Low Movement,0,0.3026226415094339,Low Priority,3018D3,66,ZONE_C,False,0.008959255416957503
K2-22122,15,6,9,810,38,434,38,Low Movement,0,0.2544339622641509,Low Priority,3018D5,38,ZONE_C,False,0.008722352028528337
K2-25221,1,1,1,1,169,1160,169,Medium Movement,0,0.2776037735849056,Low Priority,3017C4,169,ZONE_C,False,1.0768335837689304e-05
K2-25222,1,1,1,1,145,956,145,Low Movement,0,0.2551509433962264,Low Priority,3017C3,145,ZONE_C,False,1.0768335837689304e-05
K2-25223,10,8,8,640,100,674,100,Low Movement,0,0.3136981132075471,Low Priority,3017C6,100,ZONE_C,False,0.0068917349361211555
K2-25236,13,8,8,832,33,315,33,Low Movement,0,0.2496603773584905,Low Priority,3019A4,33,ZONE_C,False,0.008959255416957503
K2-25241,1,1,1,1,84,734,84,Low Movement,0,0.2007358490566037,Low Priority,3017A6,84,ZONE_C,False,1.0768335837689304e-05
K2-35241,1,1,1,1,48,371,48,Low Movement,0,0.1517358490566037,Low Priority,3018C2,48,ZONE_C,False,1.0768335837689304e-05
K2-35247,1,1,1,1,50,376,50,Low Movement,0,0.1538490566037735,Low Priority,3018C3,50,ZONE_C,False,1.0768335837689304e-05
K2-35361,9,11,11,1089,54,630,54,Low Movement,0,0.3170754716981132,Low Priority,1722C5,32,ZONE_C,False,0.011726717727243654
K2-35362,10,11,11,1210,15,177,15,Low Movement,0,0.2591132075471698,Low Priority,1724C4,15,ZONE_C,False,0.01302968636360406
K2-35596,1,1,1,1,109,882,109,Low Movement,0,0.2233207547169811,Low Priority,3018C4,109,ZONE_C,False,1.0768335837689304e-05
K2-35597,1,1,1,1,106,862,106,Low Movement,0,0.2204150943396226,Low Priority,3018C5,106,ZONE_C,False,1.0768335837689304e-05
K2-36627,13,8,8,832,275,3486,275,Medium Movement,0,0.4776226415094339,Medium Priority,1536A2,273,ZONE_B,True,0.008959255416957503
K2-36629,13,8,8,832,171,2236,171,Medium Movement,0,0.4072264150943396,Medium Priority,1536A4,170,ZONE_B,True,0.008959255416957503
K2-36641,13,8,8,832,114,1327,114,Low Movement,0,0.356377358490566,Low Priority,1534D6,112,ZONE_C,False,0.008959255416957503
K2-36648,13,8,8,832,284,3459,284,Medium Movement,0,0.4815849056603773,Medium Priority,1536A3,284,ZONE_B,True,0.008959255416957503
K2-36676,13,8,8,832,192,2338,192,Medium Movement,0,0.4250566037735849,Medium Priority,1520A7,191,ZONE_B,True,0.008959255416957503
K2-81694,23,6,6,828,140,2157,140,Low Movement,0,0.3770188679245282,Low Priority,1722C3,103,ZONE_C,False,0.008916182073606744
K2-82212,16,5,9,720,56,1561,56,Low Movement,0,0.2696037735849056,Low Priority,3018D4,56,ZONE_C,False,0.0077532018031363
K294621132,12,7,6,504,474,6222,474,Medium Movement,0,0.5143207547169811,Medium Priority,3014C3,474,ZONE_B,True,0.00542724126219541
K294621165,9,8,8,576,534,7474,534,Medium Movement,0,0.549811320754717,Medium Priority,3015C2,534,ZONE_B,True,0.00620256144250904
K294621107,4,19,27,2052,156,1329,156,Medium Movement,0,0.4823018867924528,Medium Priority,3015C4,156,ZONE_B,True,0.022096625138938453
K294621215,4,19,27,2052,226,1793,226,Medium Movement,0,0.5357924528301887,Medium Priority,3013C2,224,ZONE_B,True,0.022096625138938453
K294621371,9,5,5,225,1506,20071,1506,High Movement,1,0.6616603773584905,Medium Priority,3012C3,1502,ZONE_B,True,0.0024228755634800934
K294621389,9,5,6,270,1173,15371,1173,High Movement,1,0.634320754716981,Medium Priority,3012C4,1172,ZONE_B,True,0.0029074506761761123
K294621413,8,5,5,200,1957,27309,1957,High Movement,1,0.6875849056603773,Medium Priority,3012C2,1957,ZONE_B,True,0.002153667167537861
K294621462,9,8,8,576,578,7483,578,Medium Movement,0,0.563811320754717,Medium Priority,1534C4,578,ZONE_B,True,0.00620256144250904
K294621512,15,9,9,1215,259,2833,259,Medium Movement,0,0.5191320754716982,Medium Priority,1532C4,259,ZONE_B,True,0.013083528042792504
K294621520,14,9,9,1134,170,2008,170,Medium Movement,0,0.4424905660377358,Medium Priority,1536C3,170,ZONE_B,True,0.01221129283993967
K294921128,9,8,8,576,476,7497,476,Medium Movement,0,0.5282830188679245,Medium Priority,3015C3,473,ZONE_B,True,0.00620256144250904
K294921144,12,7,7,588,521,6347,521,Medium Movement,0,0.5484716981132075,Medium Priority,3015C5,521,ZONE_B,True,0.006331781472561311
K294921169,12,7,7,588,640,9457,640,High Movement,0,0.5857169811320754,Medium Priority,3014C2,640,ZONE_B,True,0.006331781472561311
K294921185,9,8,8,576,409,5282,409,Medium Movement,0,0.5001509433962263,Medium Priority,3017C5,409,ZONE_B,True,0.00620256144250904
K294921101,12,7,7,588,819,10752,819,High Movement,0,0.628245283018868,Medium Priority,3013C5,815,ZONE_B,True,0.006331781472561311
K294921219,12,7,7,588,482,6511,482,Medium Movement,0,0.5360566037735849,Medium Priority,3013C4,477,ZONE_B,True,0.006331781472561311
K294921235,12,7,7,588,796,11584,796,High Movement,0,0.6233584905660378,Medium Priority,3012C5,794,ZONE_B,True,0.006331781472561311
K294921342,11,7,7,539,74,761,74,Low Movement,0,0.2676415094339622,Low Priority,3014A5,74,ZONE_C,False,0.005804133016514536
K294921383,19,6,8,912,72,604,72,Low Movement,0,0.326377358490566,Low Priority,3016A5,72,ZONE_C,False,0.009820722283972644
K294921309,9,8,8,576,36,336,36,Low Movement,0,0.216188679245283,Low Priority,3016A6,36,ZONE_C,False,0.00620256144250904
K294921425,5,8,11,440,2,72,2,Low Movement,0,0.1030188679245283,Low Priority,576242,2,ZONE_C,False,0.004738067768583294
K294921441,12,8,7,672,149,1429,149,Medium Movement,0,0.3620377358490566,Low Priority,3014A4,149,ZONE_C,False,0.0072363216829272135
K294921A27,12,7,7,588,441,5984,441,Medium Movement,0,0.5149245283018867,Medium Priority,3016C2,441,ZONE_B,True,0.006331781472561311
K295821129,9,8,8,576,563,9404,563,Medium Movement,0,0.5587924528301886,Medium Priority,3013C3,562,ZONE_B,True,0.00620256144250904
K295921143,12,7,7,588,108,1348,108,Low Movement,0,0.3143018867924528,Low Priority,3017A2,108,ZONE_C,False,0.006331781472561311
K295921151,12,7,7,588,128,1523,128,Low Movement,0,0.330811320754717,Low Priority,3014A2,128,ZONE_C,False,0.006331781472561311
K295921176,12,7,7,588,52,696,52,Low Movement,0,0.2493207547169811,Low Priority,3015A2,52,ZONE_C,False,0.006331781472561311
K295021133,20,6,8,960,436,3778,436,Medium Movement,0,0.5681886792452829,Medium Priority,3016C4,435,ZONE_B,True,0.010337602404181731
K295021141,19,6,8,912,512,4845,512,Medium Movement,0,0.5955471698113207,Medium Priority,3016C3,511,ZONE_B,True,0.009820722283972644
K295021159,19,6,8,912,414,3922,414,Medium Movement,0,0.5548679245283019,Medium Priority,3016C5,414,ZONE_B,True,0.009820722283972644
K2A3021148,7,7,5,245,60,753,60,Low Movement,0,0.2034716981132075,Low Priority,1724A5,47,ZONE_C,False,0.0026382422802338798
K2A3021156,20,16,16,5120,124,1819,124,Low Movement,0,0.4907358490566037,Medium Priority,171023,97,ZONE_B,True,0.055133879488969244
K2A3021189,13,16,7,1456,93,1200,93,Low Movement,0,0.4042830188679245,Medium Priority,1722C6,69,ZONE_B,True,0.015678696979675628
K2A3021190,22,8,11,1936,77,690,77,Low Movement,0,0.4032830188679245,Medium Priority,1722A3,64,ZONE_B,True,0.020847498181766493
K2A3021101,22,8,11,1936,135,1497,135,Low Movement,0,0.459943396226415,Medium Priority,1722A5,111,ZONE_B,True,0.020847498181766493
K2A3021103,22,8,11,1936,28,292,28,Low Movement,0,0.3235094339622641,Low Priority,1724C5,26,ZONE_C,False,0.020847498181766493
K2A3021104,29,8,11,2552,70,789,70,Low Movement,0,0.4092075471698113,Medium Priority,1724C6,64,ZONE_B,True,0.027480793057783105
K2A3021105,29,8,11,2552,134,1264,134,Low Movement,0,0.4739245283018868,Medium Priority,1722A4,99,ZONE_B,True,0.027480793057783105
K2A3021106,29,8,11,2552,28,333,28,Low Movement,0,0.3382830188679245,Low Priority,1724C3,28,ZONE_C,False,0.027480793057783105
K2A3021107,29,8,11,2552,31,339,31,Low Movement,0,0.345943396226415,Low Priority,1724C2,31,ZONE_C,False,0.027480793057783105
K2A3021108,28,10,17,4760,52,366,52,Low Movement,0,0.4091698113207547,Medium Priority,1724A4,40,ZONE_B,True,0.05125727858740109
K2A3021109,28,10,17,4760,103,883,103,Low Movement,0,0.4697924528301886,Medium Priority,1724A2,90,ZONE_B,True,0.05125727858740109
K2A4121121,31,15,17,7905,43,212,43,Low Movement,0,0.4067169811320754,Medium Priority,1724A3,37,ZONE_B,True,0.08512369479693395
K2A4121122,32,15,17,8160,36,208,36,Low Movement,0,0.3909245283018867,Low Priority,1722A2,24,ZONE_C,False,0.08786962043554472
K2A4121123,23,6,6,828,226,3194,226,Medium Movement,0,0.4447735849056603,Medium Priority,1722C4,164,ZONE_B,True,0.008916182073606744
K2A4121124,23,6,6,828,186,4688,186,Medium Movement,0,0.4180943396226414,Medium Priority,1722C2,138,ZONE_B,True,0.008916182073606744
KK-1714242,1,1,1,1,170,3507,170,Medium Movement,0,0.2783962264150943,Low Priority,N46222,170,ZONE_C,False,1.0768335837689304e-05
KK-1754,1,1,1,1,38,6088,38,Low Movement,0,0.1308679245283018,Low Priority,392422,10,ZONE_C,False,1.0768335837689304e-05
KK-5791,1,1,1,1,6,57,6,Low Movement,0,0.0518867924528301,Low Priority,N44123,6,ZONE_C,False,1.0768335837689304e-05
KK-5708,1,1,1,1,4,48,4,Low Movement,0,0.0443584905660377,Low Priority,N45622,4,ZONE_C,False,1.0768335837689304e-05
KK-62509,16,7,4,448,728,8766,728,High Movement,0,0.5822452830188679,Medium Priority,N47123,728,ZONE_B,True,0.004824214455284808
KK-62500,14,6,3,252,1741,19835,1741,High Movement,1,0.6800377358490566,Medium Priority,N43323,1740,ZONE_B,True,0.002713620631097705
KK-62631,17,7,4,476,785,9995,785,High Movement,0,0.603566037735849,Medium Priority,N45722,784,ZONE_B,True,0.005125727858740109
KK-62632,17,4,7,476,553,6455,553,Medium Movement,0,0.5410943396226415,Medium Priority,N43732,552,ZONE_B,True,0.005125727858740109
KK-6411216,19,21,29,11571,752,3287,752,High Movement,0,0.7887735849056603,Medium Priority,392923,748,ZONE_B,True,0.12460041397790295
KK-6411330,15,4,6,360,653,6699,653,High Movement,0,0.5521320754716981,Medium Priority,N46533,653,ZONE_B,True,0.00387660090156815
KK-6411341,16,4,6,384,852,10796,852,High Movement,0,0.6001132075471697,Medium Priority,N45733,850,ZONE_B,True,0.004135040961672693
KK-6411394,15,6,10,900,1314,36173,1314,High Movement,1,0.7470377358490565,Medium Priority,392722,840,ZONE_B,True,0.009691502253920374
KK-6411493,13,16,24,4992,54,193,54,Low Movement,0,0.4127358490566037,Medium Priority,392723,54,ZONE_B,True,0.053755532501745015
KK-6411495,16,8,2,256,812,21308,812,High Movement,0,0.5770377358490566,Medium Priority,393123,801,ZONE_B,True,0.0027566939744484618
KK-6411496,21,7,12,1764,468,11137,468,Medium Movement,0,0.6451132075471698,Medium Priority,392922,468,ZONE_B,True,0.018995344417683933
KK-66846,1,1,1,1,113,276,113,Low Movement,0,0.2275471698113207,Low Priority,N45822,109,ZONE_C,False,1.0768335837689304e-05
KK-67618,1,1,1,1,373,5301,373,Medium Movement,0,0.3930377358490566,Low Priority,N425A5,372,ZONE_C,False,1.0768335837689304e-05
KK-68623,1,1,1,1,12,1476,12,Low Movement,0,0.0707735849056603,Low Priority,782523,12,ZONE_C,False,1.0768335837689304e-05
KK-69242,14,8,7,784,6537,336495,6537,High Movement,3,0.8437924528301887,High Priority,101222,3943,ZONE_A,True,0.008442375296748416
KK-69243,11,10,7,770,2248,63681,2248,High Movement,1,0.7858867924528302,Medium Priority,101323,1302,ZONE_B,True,0.008291618595020764
KK-69551,1,1,1,1,46,112,46,Low Movement,0,0.1488301886792452,Low Priority,N45623,31,ZONE_C,False,1.0768335837689304e-05
KK-71518,1,1,1,1,1400,21311,1400,High Movement,1,0.6157169811320755,Medium Priority,N471C5,1395,ZONE_B,True,1.0768335837689304e-05
KK-71519,1,1,1,1,828,13972,828,High Movement,0,0.5379245283018868,Medium Priority,N431A4,827,ZONE_B,True,1.0768335837689304e-05
KK-71510,1,1,1,1,158,3416,158,Medium Movement,0,0.268754716981132,Low Priority,N45023,158,ZONE_C,False,1.0768335837689304e-05
KK-71525,1,1,1,1,1426,22440,1426,High Movement,1,0.6191509433962263,Medium Priority,N471C4,1426,ZONE_B,True,1.0768335837689304e-05
KK-71527,1,1,1,1,870,29100,870,High Movement,0,0.5466415094339623,Medium Priority,101923,478,ZONE_B,True,1.0768335837689304e-05
KK-71528,1,1,1,1,445,9300,445,Medium Movement,0,0.4256603773584905,Medium Priority,101932,253,ZONE_B,True,1.0768335837689304e-05
KK-71561,1,1,1,1,1249,18525,1249,High Movement,1,0.6014528301886792,Medium Priority,N471C2,1249,ZONE_B,True,1.0768335837689304e-05
KK-72687,25,6,18,2700,50,5715,50,Low Movement,0,0.3841132075471698,Low Priority,781923,21,ZONE_C,False,0.029074506761761123
KK-75541,1,1,1,1,380,5447,380,Medium Movement,0,0.3959433962264151,Low Priority,N425C5,379,ZONE_C,False,1.0768335837689304e-05
KK-75558,1,1,1,1,235,3258,235,Medium Movement,0,0.3244905660377358,Low Priority,N425A2,235,ZONE_C,False,1.0768335837689304e-05
KK-77954,1,1,1,1,648,11480,648,High Movement,0,0.495,Medium Priority,N431A2,648,ZONE_B,True,1.0768335837689304e-05
KK-77956,1,1,1,1,557,8417,557,Medium Movement,0,0.4680566037735849,Medium Priority,N431C2,549,ZONE_B,True,1.0768335837689304e-05
KK-77957,1,1,1,1,491,8439,491,Medium Movement,0,0.4461320754716981,Medium Priority,N431C4,489,ZONE_B,True,1.0768335837689304e-05
KK-77959,1,1,1,1,787,24229,787,High Movement,0,0.5293396226415094,Medium Priority,N46933,787,ZONE_B,True,1.0768335837689304e-05
KK-79559,1,1,1,1,291,6859,291,Medium Movement,0,0.3567169811320754,Low Priority,N429A2,286,ZONE_C,False,1.0768335837689304e-05
KK-79868,1,1,1,1,768,10284,768,High Movement,0,0.5245849056603773,Medium Priority,N45823,768,ZONE_B,True,1.0768335837689304e-05
KK-79875,1,1,1,1,471,7016,471,Medium Movement,0,0.4360943396226415,Medium Priority,N45423,470,ZONE_B,True,1.0768335837689304e-05
KK-79882,1,1,1,1,603,7591,603,Medium Movement,0,0.4825849056603774,Medium Priority,N431A5,603,ZONE_B,True,1.0768335837689304e-05
KK-8613829,12,7,11,924,915,10062,915,High Movement,0,0.6985094339622641,Medium Priority,N45523,915,ZONE_B,True,0.009949942314024917
KK-8613833,21,7,11,1617,859,10096,859,High Movement,0,0.7486603773584904,Medium Priority,N46423,858,ZONE_B,True,0.017412399049543607
KK-8681462,13,8,11,1144,3932,117260,3932,High Movement,3,0.8753018867924528,High Priority,101423,2282,ZONE_A,True,0.012318976198316563
KK-8681623,17,8,4,544,871,11026,871,High Movement,0,0.6320377358490565,Medium Priority,N43723,870,ZONE_B,True,0.0058579746957029815
KK-8681742,15,7,3,315,1072,16733,1072,High Movement,1,0.627943396226415,Medium Priority,N43523,1072,ZONE_B,True,0.003392025788872131
KK-8682410,14,2,9,252,1703,32117,1703,High Movement,1,0.6779245283018868,Medium Priority,N46722,1701,ZONE_B,True,0.002713620631097705
KK-8682461,10,9,8,720,1481,26931,1481,High Movement,1,0.732,Medium Priority,N46223,1479,ZONE_B,True,0.0077532018031363
KK-8682463,14,3,9,378,1107,19181,1107,High Movement,1,0.6420377358490565,Medium Priority,N45322,1106,ZONE_B,True,0.004070430946646557
KK-8688015,11,7,6,462,1078,35992,1078,High Movement,1,0.6533962264150943,Medium Priority,102122,601,ZONE_B,True,0.0049749711570124585
KK-8688016,14,14,6,1176,919,23273,919,High Movement,0,0.7289056603773585,Medium Priority,101022,516,ZONE_B,True,0.012663562945122622
KK-8688028,15,7,6,630,1828,66242,1828,High Movement,1,0.7441698113207547,Medium Priority,101523,1065,ZONE_B,True,0.006784051577744262
KK-8688029,13,14,6,1092,1009,28345,1009,High Movement,0,0.7286792452830189,Medium Priority,101922,557,ZONE_B,True,0.011759022734756722
KK-8688020,13,14,6,1092,1335,38144,1335,High Movement,1,0.7683018867924527,Medium Priority,101822,778,ZONE_B,True,0.011759022734756722
KK-8688031,15,7,6,630,1488,54263,1488,High Movement,1,0.7233018867924528,Medium Priority,101622,857,ZONE_B,True,0.006784051577744262
KK-8688035,16,7,6,672,1282,48571,1282,High Movement,1,0.7064905660377357,Medium Priority,101723,779,ZONE_B,True,0.0072363216829272135
KK-8688030,11,7,6,462,3497,123023,3497,High Movement,3,0.7730566037735849,Medium Priority,101522,2053,ZONE_B,True,0.0049749711570124585
KK-8688042,11,7,6,462,5153,199844,5153,High Movement,3,0.7910188679245282,Medium Priority,101422,3028,ZONE_B,True,0.0049749711570124585
KK-8688043,16,8,6,768,665,11307,665,High Movement,0,0.6162641509433961,Medium Priority,101023,371,ZONE_B,True,0.008270081923345387
KK-8689867,10,9,7,630,829,26019,829,High Movement,0,0.6361320754716981,Medium Priority,102123,476,ZONE_B,True,0.006784051577744262
KK-8689860,10,9,7,630,2288,77217,2288,High Movement,1,0.7676792452830189,Medium Priority,101823,1309,ZONE_B,True,0.006784051577744262
KK-8714166,22,9,5,990,496,6997,496,Medium Movement,0,0.5983584905660377,Medium Priority,N44932,494,ZONE_B,True,0.010660652479312412
KK-8714167,22,9,5,990,444,6505,444,Medium Movement,0,0.5744528301886792,Medium Priority,N44933,442,ZONE_B,True,0.010660652479312412
KK-8714216,17,7,4,476,1119,13580,1119,High Movement,1,0.6598301886792453,Medium Priority,N43932,1118,ZONE_B,True,0.005125727858740109
KK-8714225,15,3,5,225,1242,14919,1242,High Movement,1,0.6352452830188678,Medium Priority,N43332,1241,ZONE_B,True,0.0024228755634800934
KK-8714231,15,3,5,225,1526,19059,1526,High Movement,1,0.6640377358490566,Medium Priority,N45923,1525,ZONE_B,True,0.0024228755634800934
KK-8714232,19,7,4,532,1415,20420,1415,High Movement,1,0.6980566037735848,Medium Priority,N427A2,1413,ZONE_B,True,0.00572875466565071
KK-8714233,22,8,5,880,876,14021,876,High Movement,0,0.6827924528301886,Medium Priority,N44332,874,ZONE_B,True,0.009476135537166587
KK-8714239,16,4,3,192,1918,23312,1918,High Movement,1,0.6845471698113207,Medium Priority,N45123,1916,ZONE_B,True,0.0020675204808363466
KK-8714230,19,6,4,456,1378,19979,1378,High Movement,1,0.6849622641509434,Medium Priority,N46322,1378,ZONE_B,True,0.004910361141986322
KK-8714241,22,8,5,880,891,13612,891,High Movement,0,0.6858301886792453,Medium Priority,N46332,887,ZONE_B,True,0.009476135537166587
KK-8714274,17,8,4,544,1114,15573,1114,High Movement,1,0.6692830188679244,Medium Priority,N44322,1113,ZONE_B,True,0.0058579746957029815
KK-8714275,22,8,5,880,633,8464,633,High Movement,0,0.6250754716981132,Medium Priority,N46123,633,ZONE_B,True,0.009476135537166587
KK-8714856,18,6,7,756,527,6491,527,Medium Movement,0,0.5718490566037735,Medium Priority,N429C5,526,ZONE_B,True,0.008140861893293114
KK-8722121,14,5,5,350,1385,15138,1385,High Movement,1,0.667433962264151,Medium Priority,N44922,1383,ZONE_B,True,0.0037689175431912564
KK-8722122,17,6,7,714,846,9254,846,High Movement,0,0.6473962264150943,Medium Priority,N43533,845,ZONE_B,True,0.007688591788110163
KK-8727419,17,8,4,544,737,7858,737,High Movement,0,0.6008679245283018,Medium Priority,N47122,737,ZONE_B,True,0.0058579746957029815
KK-8727410,22,8,5,880,212,2000,212,Medium Movement,0,0.4455849056603773,Medium Priority,N46133,211,ZONE_B,True,0.009476135537166587
KK-8727448,17,7,4,476,667,7185,667,High Movement,0,0.5754339622641509,Medium Priority,N46923,667,ZONE_B,True,0.005125727858740109
KK-8733182,21,7,7,1029,1505,18203,1505,High Movement,1,0.7807735849056604,Medium Priority,N46622,1504,ZONE_B,True,0.011080617576982294
KK-8733189,17,7,4,476,925,11267,925,High Movement,0,0.6318301886792452,Medium Priority,N44923,924,ZONE_B,True,0.005125727858740109
KK-8737159,10,6,6,360,1123,11823,1123,High Movement,1,0.641943396226415,Medium Priority,N46723,1122,ZONE_B,True,0.00387660090156815
KK-8739803,19,7,4,532,944,11724,944,High Movement,0,0.6406037735849056,Medium Priority,N45132,943,ZONE_B,True,0.00572875466565071
KK-8861317,11,7,6,462,2641,83294,2641,High Movement,1,0.7550943396226415,Medium Priority,101722,1515,ZONE_B,True,0.0049749711570124585
KK-80444,5,24,12,1440,1053,13282,1053,High Movement,1,0.7729245283018868,Medium Priority,N43722,1052,ZONE_B,True,0.0155064036062726
KK-91803,18,8,4,576,1022,11517,1022,High Movement,0,0.6626037735849056,Medium Priority,N45723,1022,ZONE_B,True,0.00620256144250904
KK-91804,20,7,7,980,400,4324,400,Medium Movement,0,0.554566037735849,Medium Priority,N45932,400,ZONE_B,True,0.010552969120935519
KK-91807,17,4,8,544,1015,12440,1015,High Movement,0,0.6562075471698112,Medium Priority,N45323,1015,ZONE_B,True,0.0058579746957029815
KK-94806,1,1,1,1,40,4183,40,Low Movement,0,0.1358867924528302,Low Priority,N43322,40,ZONE_C,False,1.0768335837689304e-05
KK-94959,18,6,7,756,619,7371,619,Medium Movement,0,0.6024905660377358,Medium Priority,N431C3,618,ZONE_B,True,0.008140861893293114
KK-94085,1,1,1,1,1440,49800,1440,High Movement,1,0.621,Medium Priority,213623,1013,ZONE_B,True,1.0768335837689304e-05
KK-98953,22,8,5,880,483,5473,483,Medium Movement,0,0.5785849056603773,Medium Priority,N45922,482,ZONE_B,True,0.009476135537166587
KK-98954,19,4,7,532,782,8873,782,High Movement,0,0.6085094339622641,Medium Priority,N44533,781,ZONE_B,True,0.00572875466565071
KK-98956,20,6,5,600,969,11999,969,High Movement,0,0.6576792452830189,Medium Priority,N44122,965,ZONE_B,True,0.006461001502613584
KK-98962,19,4,7,532,852,9847,852,High Movement,0,0.6218490566037734,Medium Priority,N45522,852,ZONE_B,True,0.00572875466565071
KK-98963,22,9,5,990,538,6689,538,Medium Movement,0,0.6119622641509435,Medium Priority,N43532,536,ZONE_B,True,0.010660652479312412
KK-98901,14,3,6,252,2016,26875,2016,High Movement,1,0.6964150943396227,Medium Priority,N44323,2015,ZONE_B,True,0.002713620631097705
KK-98052,18,8,4,576,1229,14512,1229,High Movement,1,0.6879622641509434,Medium Priority,N44522,1228,ZONE_B,True,0.00620256144250904
KK-98053,20,7,7,980,639,6889,639,High Movement,0,0.642132075471698,Medium Priority,N46523,638,ZONE_B,True,0.010552969120935519
KK-01163,11,5,4,220,615,13924,615,Medium Movement,0,0.5203207547169811,Medium Priority,N44532,611,ZONE_B,True,0.002369033884291647
KK-01167,11,5,4,220,115,3011,115,Low Movement,0,0.2636981132075471,Low Priority,N46922,115,ZONE_C,False,0.002369033884291647
KK-0130443,10,5,3,150,1035,24712,1035,High Movement,1,0.604811320754717,Medium Priority,N46532,1035,ZONE_B,True,0.001615250375653396
KK-01300,9,5,3,135,871,22073,871,High Movement,0,0.5750943396226416,Medium Priority,N429C3,871,ZONE_B,True,0.0014537253380880561
KK-03856,19,4,6,456,624,9310,624,High Movement,0,0.5605471698113207,Medium Priority,N427C4,623,ZONE_B,True,0.004910361141986322
KK-046080,17,8,3,408,676,7787,676,High Movement,0,0.566377358490566,Medium Priority,N46122,676,ZONE_B,True,0.0043934810217772366
KK-05174,26,7,12,2184,64,7061,64,Low Movement,0,0.3919999999999999,Low Priority,781922,34,ZONE_C,False,0.023518045469513443
KK-06561,15,13,6,1170,1504,42722,1504,High Movement,1,0.7971509433962264,Medium Priority,101623,904,ZONE_B,True,0.012598952930096486
KK-06500,22,8,8,1408,13,540,13,Low Movement,0,0.2683207547169811,Low Priority,N46522,11,ZONE_C,False,0.015161816859466541
KK-06059,20,8,8,1280,31,293,31,Low Movement,0,0.3030943396226415,Low Priority,N429A5,31,ZONE_C,False,0.013783469872242311
KK-07010,1,1,1,1,195,3008,195,Medium Movement,0,0.2996603773584905,Low Priority,N425A4,194,ZONE_C,False,1.0768335837689304e-05
KK-00556,8,6,10,480,1520,46518,1520,High Movement,1,0.7035849056603773,Medium Priority,392523,1502,ZONE_B,True,0.0051688012020908655
KK-00925,11,5,4,220,777,8889,777,High Movement,0,0.5608679245283018,Medium Priority,N45332,777,ZONE_B,True,0.002369033884291647
KK-00926,23,6,7,966,479,6008,479,Medium Movement,0,0.588,Medium Priority,N44132,479,ZONE_B,True,0.010402212419207869
KK-00927,11,5,4,220,416,5072,416,Medium Movement,0,0.4480754716981132,Medium Priority,N46932,417,ZONE_B,True,0.002369033884291647
KK-00928,11,5,4,220,557,6470,557,Medium Movement,0,0.5019622641509434,Medium Priority,N46732,557,ZONE_B,True,0.002369033884291647
L2-146203,1,1,1,1,72,600,72,Low Movement,0,0.184754716981132,Low Priority,302923,72,ZONE_C,False,1.0768335837689304e-05
L2-211435,14,16,12,2688,265,3664,265,Medium Movement,0,0.5732452830188679,Medium Priority,303322,265,ZONE_B,True,0.028945286731708854
L2-21140,7,24,14,2352,110,1445,110,Low Movement,0,0.4482264150943396,Medium Priority,301022,110,ZONE_B,True,0.025327125890245245
L2-211558,7,24,14,2352,179,2230,179,Medium Movement,0,0.5113584905660378,Medium Priority,302522,179,ZONE_B,True,0.025327125890245245
L2-21165,21,16,7,2352,251,3267,251,Medium Movement,0,0.5579811320754717,Medium Priority,301023,251,ZONE_B,True,0.025327125890245245
L2-21167,23,7,13,2093,244,2869,244,Medium Movement,0,0.5481320754716981,Medium Priority,302222,244,ZONE_B,True,0.022538126908283714
L2-21178,21,7,13,1911,223,2792,223,Medium Movement,0,0.5299056603773584,Medium Priority,302523,222,ZONE_B,True,0.020578289785824263
L2-21462,23,15,7,2415,22,415,22,Low Movement,0,0.3205471698113207,Low Priority,302723,20,ZONE_C,False,0.02600553104801967
L2-231242,21,11,11,2541,47,594,47,Low Movement,0,0.3777735849056604,Low Priority,302623,47,ZONE_C,False,0.027362341363568524
L2-28139,1,24,24,576,65,954,65,Low Movement,0,0.261754716981132,Low Priority,302322,65,ZONE_C,False,0.00620256144250904
L2-28158,23,15,7,2415,59,938,59,Low Movement,0,0.3906792452830189,Low Priority,303233,59,ZONE_C,False,0.02600553104801967
L2-202368,1,1,1,1,64,838,64,Low Movement,0,0.1710188679245282,Low Priority,303123,64,ZONE_C,False,1.0768335837689304e-05
L2-462041,1,1,1,1,7,426,7,Low Movement,0,0.0555849056603773,Low Priority,302933,7,ZONE_C,False,1.0768335837689304e-05
L2-58352,23,7,13,2093,91,2005,91,Low Movement,0,0.4234528301886792,Medium Priority,302922,90,ZONE_B,True,0.022538126908283714
L2-82050,23,7,13,2093,107,949,107,Low Movement,0,0.4398301886792453,Medium Priority,302622,107,ZONE_B,True,0.022538126908283714
L2-86844,7,24,14,2352,30,511,30,Low Movement,0,0.3395283018867924,Low Priority,302423,30,ZONE_C,False,0.025327125890245245
L291513166,23,7,13,2093,252,3445,252,Medium Movement,0,0.5532830188679245,Medium Priority,303223,250,ZONE_B,True,0.022538126908283714
L291513281,1,1,1,1,4,36,4,Low Movement,0,0.0443584905660377,Low Priority,576242,3,ZONE_C,False,1.0768335837689304e-05
L291513364,9,8,14,1008,753,12040,753,High Movement,0,0.6729622641509434,Medium Priority,302422,753,ZONE_B,True,0.01085448252439082
L291513448,23,15,7,2415,575,7883,575,Medium Movement,0,0.6993396226415094,Medium Priority,302223,572,ZONE_B,True,0.02600553104801967
L291513456,23,7,13,2093,65,1043,65,Low Movement,0,0.3910943396226415,Low Priority,303323,65,ZONE_C,False,0.022538126908283714
L291613156,11,26,11,3146,188,2422,188,Medium Movement,0,0.5318113207547169,Medium Priority,302323,188,ZONE_B,True,0.03387718454537055
L291813144,7,18,7,882,56,744,56,Low Movement,0,0.2972830188679245,Low Priority,302722,56,ZONE_C,False,0.009497672208841967
L291813177,23,7,13,2093,148,1726,148,Medium Movement,0,0.478,Medium Priority,302822,147,ZONE_B,True,0.022538126908283714
L2-09532,3,25,10,750,199,2499,199,Medium Movement,0,0.4164339622641509,Medium Priority,302022,199,ZONE_B,True,0.00807625187826698
L2N3717169,5,20,11,1100,248,2860,248,Medium Movement,0,0.4918113207547169,Medium Priority,302023,248,ZONE_B,True,0.011845169421458236
L2N3717177,5,21,11,1155,267,3274,267,Medium Movement,0,0.5152075471698113,Medium Priority,303122,267,ZONE_B,True,0.012437427892531147
L2N3717193,5,20,11,1100,260,3163,260,Medium Movement,0,0.5005283018867924,Medium Priority,302823,260,ZONE_B,True,0.011845169421458236
L2N3717268,6,25,9,1350,249,3164,249,Medium Movement,0,0.5228301886792452,Medium Priority,303222,249,ZONE_B,True,0.014537253380880561
M4-11178,6,13,14,1092,2417,113142,2417,High Movement,1,0.8340754716981131,High Priority,235122,2409,ZONE_A,True,0.011759022734756722
M4-11179,12,32,5,1920,2760,64666,2760,High Movement,1,0.8984905660377358,High Priority,234522,2749,ZONE_A,True,0.020675204808363462
M4-11199,12,14,6,1008,2466,115798,2466,High Movement,1,0.8296037735849056,High Priority,235123,2462,ZONE_A,True,0.01085448252439082
M4-11190,14,27,6,2268,2794,73760,2794,High Movement,1,0.908245283018868,High Priority,234524,2768,ZONE_A,True,0.02442258567987934
M4-11103,12,23,13,3588,1160,21908,1160,High Movement,1,0.832377358490566,High Priority,234122,1159,ZONE_A,True,0.03863678898562922
M4-11108,9,35,52,16380,677,3073,677,High Movement,0,0.7761509433962264,Medium Priority,233023,670,ZONE_B,True,0.1763853410213508
M4-11100,10,12,10,1200,1565,48602,1565,High Movement,1,0.8099433962264151,High Priority,235222,1565,ZONE_A,True,0.012922003005227167
M4-11212,12,24,13,3744,405,7541,405,Medium Movement,0,0.6515471698113207,Medium Priority,233622,402,ZONE_B,True,0.04031664937630875
M4-11228,5,30,18,2700,1176,29344,1176,High Movement,1,0.8226037735849057,High Priority,232923,1173,ZONE_A,True,0.029074506761761123
M4-11236,11,11,9,1089,16,1422,16,Low Movement,0,0.2398113207547169,Low Priority,231233,16,ZONE_C,False,0.011726717727243654
M4-11238,11,43,14,6622,10,66,10,Low Movement,0,0.3259811320754717,Low Priority,234123,10,ZONE_C,False,0.07130791991717858
M4-11242,10,7,7,490,1797,166200,1797,High Movement,1,0.7203584905660377,Medium Priority,235422,1801,ZONE_B,True,0.0052764845604677596
M4-11243,3,7,20,420,2110,187461,2110,High Movement,1,0.7284716981132076,Medium Priority,235423,2112,ZONE_B,True,0.004522701051829508
M4-11245,14,11,9,1386,1076,73721,1076,High Movement,1,0.7733962264150942,Medium Priority,235323,1071,ZONE_B,True,0.014924913471037375
M4-11247,14,22,14,4312,1133,22787,1133,High Movement,1,0.8373962264150943,High Priority,233922,1129,ZONE_A,True,0.046433064132116286
M4-11249,19,39,11,8151,453,5214,453,Medium Movement,0,0.6929622641509434,Medium Priority,233923,449,ZONE_B,True,0.08777270541300551
M4-11552,5,7,13,455,2247,143310,2247,High Movement,1,0.7386981132075472,Medium Priority,235523,2238,ZONE_B,True,0.0048995928061486334
M4-11554,10,11,9,990,3084,163056,3084,High Movement,1,0.8412452830188678,High Priority,234923,3073,ZONE_A,True,0.010660652479312412
M4-11557,1,1,1,1,49,764,49,Low Movement,0,0.1529245283018867,Low Priority,233422,48,ZONE_C,False,1.0768335837689304e-05
M4-11574,6,15,15,1350,1865,76466,1865,High Movement,1,0.8398113207547169,High Priority,234022,1852,ZONE_A,True,0.014537253380880561
M4-115756,13,33,6,2574,3323,55086,3323,High Movement,3,0.9244150943396224,High Priority,234223,3312,ZONE_A,True,0.027717696446212272
M4-115763,20,29,6,3480,1724,46345,1724,High Movement,1,0.8820188679245282,High Priority,233223,1712,ZONE_A,True,0.037473808715158784
M4-115770,12,23,13,3588,1390,24562,1390,High Movement,1,0.856943396226415,High Priority,233723,1381,ZONE_A,True,0.03863678898562922
M4-11596,24,13,4,1248,22,440,22,Low Movement,0,0.2767358490566037,Low Priority,225422,22,ZONE_C,False,0.013438883125436254
M4-11597,37,26,15,14430,427,2183,427,Medium Movement,0,0.6880754716981132,Medium Priority,232323,425,ZONE_B,True,0.15538708613785668
M4-11598,32,10,17,5440,471,5500,471,Medium Movement,0,0.692,Medium Priority,231522,471,ZONE_B,True,0.05857974695702982
M4-11646,6,13,13,1014,2609,129188,2609,High Movement,1,0.8348679245283019,High Priority,235223,2592,ZONE_A,True,0.010919092539416956
M4-11676,28,14,8,3136,407,4917,407,Medium Movement,0,0.6466415094339621,Medium Priority,225423,406,ZONE_B,True,0.033769501186993664
M4-11677,1,1,1,1,42,591,42,Low Movement,0,0.1416981132075471,Low Priority,232522,41,ZONE_C,False,1.0768335837689304e-05
M4-11678,1,1,1,1,35,414,35,Low Movement,0,0.1254528301886792,Low Priority,231922,35,ZONE_C,False,1.0768335837689304e-05
M4-11679,1,1,1,1,19,75,19,Low Movement,0,0.0882075471698113,Low Priority,224422,19,ZONE_C,False,1.0768335837689304e-05
M4-11691,33,17,13,7293,158,2079,158,Medium Movement,0,0.5308867924528302,Medium Priority,232523,158,ZONE_B,True,0.0785334732642681
M4-11692,1,1,1,1,450,4771,450,Medium Movement,0,0.4272452830188679,Medium Priority,232822,449,ZONE_B,True,1.0768335837689304e-05
M4-11758,8,11,10,880,1433,98880,1433,High Movement,1,0.7534528301886793,Medium Priority,235322,1427,ZONE_B,True,0.009476135537166587
M4-11925,5,31,20,3100,1926,72460,1926,High Movement,1,0.8889056603773584,High Priority,233323,1916,ZONE_A,True,0.033381841096836846
M4-11994Q,11,13,8,1144,1465,72724,1465,High Movement,1,0.7914339622641509,Medium Priority,234723,1451,ZONE_B,True,0.012318976198316563
M4-11048,1,1,1,1,100,441,100,Low Movement,0,0.2144716981132075,Low Priority,213022,57,ZONE_C,False,1.0768335837689304e-05
M4-12113,11,32,6,2112,1932,41813,1932,High Movement,1,0.8738301886792452,High Priority,234523,1927,ZONE_A,True,0.022742725289199812
M4-12155,10,20,11,2200,9,1140,9,Low Movement,0,0.2833962264150943,Low Priority,231533,9,ZONE_C,False,0.02369033884291647
M4-1229Q,14,21,11,3234,1190,34297,1190,High Movement,1,0.8339622641509432,High Priority,233122,1187,ZONE_A,True,0.034824798099087215
M4-12489,1,1,1,1,431,9304,431,Medium Movement,0,0.4193207547169811,Medium Priority,234222,426,ZONE_B,True,1.0768335837689304e-05
M4-12865,17,22,14,5236,51,1493,51,Low Movement,0,0.4104339622641509,Medium Priority,231623,51,ZONE_B,True,0.0563830064461412
M4-13753,10,19,9,1710,4,40,4,Low Movement,0,0.2528301886792453,Low Priority,231422,4,ZONE_C,False,0.01841385428244871
M4-15541Q,11,13,8,1144,1336,67403,1336,High Movement,1,0.7783584905660376,Medium Priority,234822,1323,ZONE_B,True,0.012318976198316563
M4-15558,12,30,6,2160,3815,72811,3815,High Movement,3,0.9246037735849056,High Priority,234422,3809,ZONE_A,True,0.0232596054094089
M4-15565,12,29,6,2088,1931,80055,1931,High Movement,1,0.8719811320754717,High Priority,233222,1866,ZONE_A,True,0.022484285229095267
M4-15572,17,22,13,4862,1337,26290,1337,High Movement,1,0.8633962264150943,High Priority,233022,1321,ZONE_A,True,0.0523556488428454
M4-15572Q,11,13,8,1144,2,24,2,Low Movement,0,0.2042264150943396,Low Priority,231632,2,ZONE_C,False,0.012318976198316563
M4-15589,15,23,24,8280,1010,10181,1010,High Movement,0,0.83488679245283,High Priority,234322,999,ZONE_A,True,0.08916182073606745
M4-15596,12,23,30,8280,1326,11813,1326,High Movement,1,0.8727924528301887,High Priority,233722,1319,ZONE_A,True,0.08916182073606745
M4-15749Q,11,13,8,1144,862,38852,862,High Movement,0,0.7128490566037735,Medium Priority,234722,852,ZONE_B,True,0.012318976198316563
M4-15787,19,39,57,42237,1579,14240,1579,High Movement,1,0.9066792452830188,High Priority,233822,1554,ZONE_A,True,0.45482220077648317
M4-16463Q,11,13,8,1144,1121,59929,1121,High Movement,1,0.754320754716981,Medium Priority,234823,1096,ZONE_B,True,0.012318976198316563
M4-16470,13,33,6,2574,3651,77521,3651,High Movement,3,0.931811320754717,High Priority,234423,3633,ZONE_A,True,0.027717696446212272
M4-16487,17,32,6,3264,2109,71448,2109,High Movement,1,0.9030943396226414,High Priority,233123,2080,ZONE_A,True,0.03514784817421789
M4-16494,14,22,13,4004,1436,27894,1436,High Movement,1,0.8669056603773584,High Priority,233623,1429,ZONE_A,True,0.04311641669410798
M4-16753,1,1,1,1,704,7758,704,High Movement,0,0.5097924528301887,Medium Priority,233422,699,ZONE_B,True,1.0768335837689304e-05
M4-16821,1,1,1,1,183,1231,183,Medium Movement,0,0.2909433962264151,Low Priority,231322,180,ZONE_C,False,1.0768335837689304e-05
M4-19136,12,10,52,6240,683,4191,683,High Movement,0,0.7647169811320755,Medium Priority,233523,665,ZONE_B,True,0.06719441562718126
M4-19172,28,14,8,3136,403,4362,403,Medium Movement,0,0.6441320754716982,Medium Priority,224622,403,ZONE_B,True,0.033769501186993664
M4-19182,28,14,8,3136,648,7605,648,High Movement,0,0.7318301886792453,Medium Priority,224723,648,ZONE_B,True,0.033769501186993664
M4-19199,28,14,8,3136,858,9593,858,High Movement,0,0.7796415094339622,Medium Priority,224722,858,ZONE_B,True,0.033769501186993664
M4-19472,28,14,8,3136,658,6956,658,High Movement,0,0.7351320754716981,Medium Priority,224623,658,ZONE_B,True,0.033769501186993664
M4-19489,33,10,17,5610,480,5156,480,Medium Movement,0,0.6990188679245283,Medium Priority,224322,478,ZONE_B,True,0.060410364049437004
M4-19496A,23,6,8,1104,433,12266,433,Medium Movement,0,0.5808867924528301,Medium Priority,225122,433,ZONE_B,True,0.011888242764808992
M4-19403,36,25,14,12600,540,2586,540,Medium Movement,0,0.7325471698113207,Medium Priority,224223,539,ZONE_B,True,0.13568103155488523
M4-25244,1,1,1,1,282,4084,282,Medium Movement,0,0.3526226415094339,Low Priority,212522,170,ZONE_C,False,1.0768335837689304e-05
M4-26531,1,1,1,1,94,568,94,Low Movement,0,0.208132075471698,Low Priority,224922,94,ZONE_C,False,1.0768335837689304e-05
M4-2608576,33,10,17,5610,537,6823,537,Medium Movement,0,0.7189622641509433,Medium Priority,224323,533,ZONE_B,True,0.060410364049437004
M4-2608577,33,10,17,5610,332,3682,332,Medium Movement,0,0.6319245283018867,Medium Priority,224523,331,ZONE_B,True,0.060410364049437004
M4-2608581,33,10,17,5610,462,6033,462,Medium Movement,0,0.6901698113207546,Medium Priority,224522,462,ZONE_B,True,0.060410364049437004
M4-2719121,9,3,4,108,12,1282,12,Low Movement,0,0.0981132075471698,Low Priority,225322,10,ZONE_C,False,0.001162980270470445
M4-2719861,16,29,6,2784,2006,71716,2006,High Movement,1,0.8900377358490565,High Priority,233322,1987,ZONE_A,True,0.029979046972127027
M4-2719867,23,3,8,552,741,20726,741,High Movement,0,0.6029056603773585,Medium Priority,224022,741,ZONE_B,True,0.005944121382404496
M4-2719868,37,26,21,20202,676,3477,676,High Movement,0,0.7762075471698113,Medium Priority,224222,676,ZONE_B,True,0.21754192059299932
M4-2719872,13,46,28,16744,317,1355,317,Medium Movement,0,0.6404905660377358,Medium Priority,234323,316,ZONE_B,True,0.1803050152662697
M4-2719873,12,41,14,6888,1263,12261,1263,High Movement,1,0.8639811320754716,High Priority,233522,1257,ZONE_A,True,0.07417229725000393
M4-31295,23,13,13,3887,254,4490,254,Medium Movement,0,0.580622641509434,Medium Priority,231423,253,ZONE_B,True,0.04185652140109833
M4-31202,24,11,9,2376,399,7192,399,Medium Movement,0,0.6295283018867923,Medium Priority,231523,398,ZONE_B,True,0.025585565950349786
M4-33522,1,1,1,1,57,1890,57,Low Movement,0,0.1630943396226415,Low Priority,224823,45,ZONE_C,False,1.0768335837689304e-05
M4-33529,36,26,14,13104,4,30,4,Low Movement,0,0.3144150943396226,Low Priority,224423,4,ZONE_C,False,0.14110827281708066
M4-33532,1,1,1,1,146,1201,146,Low Movement,0,0.2567358490566038,Low Priority,224122,144,ZONE_C,False,1.0768335837689304e-05
M4-33534,22,10,11,2420,12,4200,12,Low Movement,0,0.2963962264150943,Low Priority,221373,2,ZONE_C,False,0.02605937272720812
M4-51117Q,13,10,9,1170,1484,75163,1484,High Movement,1,0.795566037735849,Medium Priority,234023,1469,ZONE_B,True,0.012598952930096486
M4-51110,15,24,11,3960,581,26983,581,Medium Movement,0,0.7207169811320755,Medium Priority,234922,577,ZONE_B,True,0.04264260991724965
M4-51166,10,11,7,770,6,90,6,Low Movement,0,0.1692264150943396,Low Priority,231232,6,ZONE_C,False,0.008291618595020764
M4-51167,19,38,10,7220,568,7417,568,Medium Movement,0,0.7336415094339622,Medium Priority,233823,560,ZONE_B,True,0.07774738474811678
M4-51168,1,1,1,1,648,25816,648,High Movement,0,0.495,Medium Priority,232922,636,ZONE_B,True,1.0768335837689304e-05
M4-515542,22,6,8,1056,33,616,33,Low Movement,0,0.2768867924528301,Low Priority,224023,33,ZONE_C,False,0.011371362644599906
M4-51777,6,10,20,1200,1033,48529,1033,High Movement,1,0.7519622641509434,Medium Priority,214524,1030,ZONE_B,True,0.012922003005227167
M4-51770,11,30,20,6600,351,2933,351,Medium Movement,0,0.644566037735849,Medium Priority,214323,351,ZONE_B,True,0.0710710165287494
M4-51781,12,30,40,14400,94,415,94,Low Movement,0,0.478754716981132,Medium Priority,214122,94,ZONE_B,True,0.15506403606272598
M4-51785,28,14,8,3136,378,4200,378,Medium Movement,0,0.6321132075471698,Medium Priority,214123,377,ZONE_B,True,0.033769501186993664
M4-51786,33,10,16,5280,264,3056,264,Medium Movement,0,0.5977924528301886,Medium Priority,213922,262,ZONE_B,True,0.05685681322299953
M4-51704,1,1,1,1,524,18220,524,Medium Movement,0,0.4568301886792452,Medium Priority,214322,520,ZONE_B,True,1.0768335837689304e-05
M4-51860,1,1,1,1,7,246,7,Low Movement,0,0.0555849056603773,Low Priority,214522,7,ZONE_C,False,1.0768335837689304e-05
M4-519748,36,26,14,13104,4,33,4,Low Movement,0,0.3144150943396226,Low Priority,223023,4,ZONE_C,False,0.14110827281708066
M4-510110,36,26,14,13104,300,1362,300,Medium Movement,0,0.6308679245283019,Medium Priority,223022,300,ZONE_B,True,0.14110827281708066
M4-52122,17,13,4,884,333,4578,333,Medium Movement,0,0.5116415094339622,Medium Priority,212923,310,ZONE_B,True,0.009519208880517346
M4-52123,19,14,4,1064,325,4403,325,Medium Movement,0,0.5266981132075471,Medium Priority,212922,314,ZONE_B,True,0.01145750933130142
M4-52124,17,13,4,884,328,4324,328,Medium Movement,0,0.5096603773584906,Medium Priority,212722,312,ZONE_B,True,0.009519208880517346
M4-52300,9,13,30,3510,382,3803,382,Medium Movement,0,0.6383207547169811,Medium Priority,225323,381,ZONE_B,True,0.03779685879028946
M4-52419,3,25,10,750,182,4078,182,Medium Movement,0,0.4029622641509434,Medium Priority,214523,182,ZONE_B,True,0.00807625187826698
M4-52448,33,10,17,5610,144,1605,144,Low Movement,0,0.5116037735849056,Medium Priority,224923,104,ZONE_B,True,0.060410364049437004
M4-52449,10,34,37,12580,42,1827,42,Low Movement,0,0.4105094339622641,Medium Priority,224923,9,ZONE_B,True,0.13546566483813144
M4-5206,11,22,33,7986,731,5433,731,High Movement,0,0.7782075471698113,Medium Priority,232023,717,ZONE_B,True,0.0859959299997868
M4-5312565,24,6,7,1008,1449,23133,1449,High Movement,1,0.7733396226415093,Medium Priority,231622,1449,ZONE_B,True,0.01085448252439082
M4-5312568,20,7,6,840,1016,30226,1016,High Movement,0,0.7023207547169811,Medium Priority,231722,1015,ZONE_B,True,0.009045402103659016
M4-5312575,23,7,7,1127,1015,16359,1015,High Movement,0,0.733811320754717,Medium Priority,231723,1015,ZONE_B,True,0.012135914489075847
M4-5312582,12,12,12,1728,1954,35509,1954,High Movement,1,0.8644339622641509,High Priority,232222,1935,ZONE_A,True,0.01860768432752712
M4-5312599,12,12,13,1872,717,12531,717,High Movement,0,0.7242830188679243,Medium Priority,232623,717,ZONE_B,True,0.020158324688154376
M4-5312506,11,8,18,1584,942,16243,942,High Movement,0,0.7638301886792452,Medium Priority,232223,941,ZONE_B,True,0.01705704396689986
M4-5312612,7,13,12,1092,2110,66463,2110,High Movement,1,0.8231132075471699,High Priority,232122,2107,ZONE_A,True,0.011759022734756722
M4-5312629,17,12,12,2448,773,25848,773,High Movement,0,0.752,Medium Priority,232123,771,ZONE_B,True,0.026360886130663418
M4-5312636,7,12,12,1008,1016,35093,1016,High Movement,0,0.723943396226415,Medium Priority,231022,1016,ZONE_B,True,0.01085448252439082
M4-5312643,6,11,10,660,2819,78403,2819,High Movement,1,0.7879056603773584,Medium Priority,231023,2814,ZONE_B,True,0.007107101652874941
M4-5312664,6,11,11,726,1018,24149,1018,High Movement,0,0.6817358490566037,Medium Priority,231923,1016,ZONE_B,True,0.007817811818162435
M4-5312674,5,8,8,320,2832,122887,2832,High Movement,1,0.7359811320754716,Medium Priority,231822,2827,ZONE_B,True,0.0034458674680605777
M4-5312698,5,8,8,320,15,399,15,Low Movement,0,0.1286981132075471,Low Priority,231823,15,ZONE_C,False,0.0034458674680605777
M4-531023,22,6,8,1056,783,24170,783,High Movement,0,0.6836792452830188,Medium Priority,225123,782,ZONE_B,True,0.011371362644599906
M4-72447,11,31,6,2046,2076,38326,2076,High Movement,1,0.8778490566037735,High Priority,234622,2073,ZONE_A,True,0.022032015123912316
M474121157,5,9,8,360,4,180,4,Low Movement,0,0.1001698113207547,Low Priority,231432,4,ZONE_C,False,0.00387660090156815
M4-75116,23,6,8,1104,217,5737,217,Medium Movement,0,0.4754905660377359,Medium Priority,232322,217,ZONE_B,True,0.011888242764808992
M4-052448,1,1,1,1,2,36,2,Low Movement,0,0.0357735849056603,Low Priority,224923,2,ZONE_C,False,1.0768335837689304e-05
M0-77614,11,6,4,264,2613,165848,2613,High Movement,1,0.7244150943396226,Medium Priority,155422,1685,ZONE_B,True,0.0028428406611499765
M0-77615,11,6,4,264,3334,266083,3334,High Movement,3,0.7386792452830189,Medium Priority,154022,2205,ZONE_B,True,0.0028428406611499765
M0-77616,11,6,4,264,2331,136580,2331,High Movement,1,0.7146415094339622,Medium Priority,154023,1612,ZONE_B,True,0.0028428406611499765
M0-77617,11,6,4,264,1548,90808,1548,High Movement,1,0.6736981132075471,Medium Priority,155223,1078,ZONE_B,True,0.0028428406611499765
M0-77618,11,6,4,264,1509,88467,1509,High Movement,1,0.67,Medium Priority,155222,1081,ZONE_B,True,0.0028428406611499765
M0-77619,21,10,6,1260,879,79757,879,High Movement,0,0.7327735849056604,Medium Priority,154623,594,ZONE_B,True,0.013568103155488525
M0-77610,21,10,6,1260,852,68238,852,High Movement,0,0.7245849056603773,Medium Priority,154823,517,ZONE_B,True,0.013568103155488525
M0-77621,22,10,6,1320,212,9547,212,Medium Movement,0,0.4995849056603773,Medium Priority,174022,113,ZONE_B,True,0.014214203305749882
M0-77622,22,10,6,1320,226,15440,226,Medium Movement,0,0.5069811320754717,Medium Priority,175123,128,ZONE_B,True,0.014214203305749882
M0-77624,11,18,9,1782,187,9883,187,Medium Movement,0,0.5033773584905661,Medium Priority,155423,103,ZONE_B,True,0.019189174462762342
M0-77671,1,1,1,1,411,16929,411,Medium Movement,0,0.4115283018867924,Medium Priority,154822,287,ZONE_B,True,1.0768335837689304e-05
MF-2111,29,8,8,1856,34,900,34,Low Movement,0,0.3356226415094339,Low Priority,163523,34,ZONE_C,False,0.019986031314751348
MO-28820,24,7,7,1176,441,10196,441,Medium Movement,0,0.5956415094339622,Medium Priority,N35322,440,ZONE_B,True,0.012663562945122622
MO-20553,34,11,11,4114,46,531,46,Low Movement,0,0.3965283018867924,Low Priority,N35622,46,ZONE_C,False,0.0443009336362538
MO-34879,24,9,14,3024,12,106,12,Low Movement,0,0.3046603773584905,Low Priority,N35433,12,ZONE_C,False,0.032563447573172456
MO-44533,24,7,7,1176,273,3457,273,Medium Movement,0,0.5216792452830188,Medium Priority,N35423,273,ZONE_B,True,0.012663562945122622
MO-47530,24,7,7,1176,33,514,33,Low Movement,0,0.2947735849056603,Low Priority,N35332,33,ZONE_C,False,0.012663562945122622
MO-56987,24,7,7,1176,143,2345,143,Low Movement,0,0.426320754716981,Medium Priority,N35522,143,ZONE_B,True,0.012663562945122622
MO-61134,24,9,14,3024,58,560,58,Low Movement,0,0.3977735849056604,Low Priority,N35723,58,ZONE_C,False,0.032563447573172456
MO-66361,34,11,11,4114,15,51,15,Low Movement,0,0.3277169811320755,Low Priority,N35432,15,ZONE_C,False,0.0443009336362538
MO-70137,34,11,11,4114,66,830,66,Low Movement,0,0.4226792452830188,Medium Priority,N35523,66,ZONE_B,True,0.0443009336362538
MO-83740,24,7,7,1176,42,815,42,Low Movement,0,0.3144528301886792,Low Priority,N35733,42,ZONE_C,False,0.012663562945122622
MO-88199,34,11,11,4114,22,142,22,Low Movement,0,0.3429056603773585,Low Priority,N35722,22,ZONE_C,False,0.0443009336362538
MO-93407,24,7,7,1176,93,648,93,Low Movement,0,0.3794339622641509,Low Priority,N35623,93,ZONE_C,False,0.012663562945122622
MO-93584,24,8,7,1344,23,417,23,Low Movement,0,0.2869811320754717,Low Priority,N35732,23,ZONE_C,False,0.014472643365854427
MO-93685,24,7,7,1176,349,3485,349,Medium Movement,0,0.5549622641509434,Medium Priority,N35323,349,ZONE_B,True,0.012663562945122622
MO-01530,28,9,9,2268,309,5578,309,Medium Movement,0,0.5878301886792452,Medium Priority,N35422,309,ZONE_B,True,0.02442258567987934
MU-11217,21,7,7,1029,7120,743076,7120,High Movement,3,0.8790377358490565,High Priority,144322,6963,ZONE_A,True,0.011080617576982294
MU-11218,22,6,7,924,5539,373867,5539,High Movement,3,0.8637358490566037,High Priority,145122,5504,ZONE_A,True,0.009949942314024917
MU-17539,1,1,1,1,1309,15395,1309,High Movement,1,0.6073962264150944,Medium Priority,144523,1303,ZONE_B,True,1.0768335837689304e-05
MU-17546,1,1,1,1,1023,11512,1023,High Movement,0,0.5737169811320755,Medium Priority,144522,1017,ZONE_B,True,1.0768335837689304e-05
MU-45326,25,9,8,1800,445,9051,445,Medium Movement,0,0.6362830188679245,Medium Priority,143722,445,ZONE_B,True,0.019383004507840747
MU-49263,23,7,7,1127,2086,114886,2086,High Movement,1,0.8250754716981132,High Priority,145522,2079,ZONE_A,True,0.012135914489075847
MU-49207,1,1,1,1,1005,46625,1005,High Movement,0,0.5690943396226416,Medium Priority,145322,986,ZONE_B,True,1.0768335837689304e-05
MU-49208,12,7,7,588,782,31929,782,High Movement,0,0.6204528301886792,Medium Priority,145523,777,ZONE_B,True,0.006331781472561311
MU-49325,25,9,8,1800,1077,27606,1077,High Movement,1,0.7913396226415095,Medium Priority,143723,1072,ZONE_B,True,0.019383004507840747
MU-49320,13,6,4,312,2438,110638,2438,High Movement,1,0.7242452830188679,Medium Priority,144923,2423,ZONE_B,True,0.0033597207813590635
MU-49331,14,6,4,336,3436,224234,3436,High Movement,3,0.7496603773584904,Medium Priority,145323,3412,ZONE_B,True,0.0036181608414636067
MU-49332,13,6,4,312,2364,108680,2364,High Movement,1,0.7210754716981131,Medium Priority,144922,2348,ZONE_B,True,0.0033597207813590635
MU-92564,21,7,7,1029,5035,302499,5035,High Movement,3,0.8711132075471697,High Priority,144722,5002,ZONE_A,True,0.011080617576982294
N292921124,22,14,13,4004,612,6615,612,Medium Movement,0,0.7319245283018867,Medium Priority,152422,612,ZONE_B,True,0.04311641669410798
N292921140,10,8,8,640,481,18660,481,Medium Movement,0,0.5419245283018868,Medium Priority,152622,481,ZONE_B,True,0.0068917349361211555
N292921107,13,27,35,12285,306,5091,306,Medium Movement,0,0.6328301886792453,Medium Priority,152423,306,ZONE_B,True,0.1322890057660131
N3-16832,1,1,1,1,3,12,3,Low Movement,0,0.0401320754716981,Low Priority,192222,2,ZONE_C,False,1.0768335837689304e-05
N3-18329,24,12,18,5184,370,4944,370,Medium Movement,0,0.6455849056603773,Medium Priority,191423,370,ZONE_B,True,0.05582305298258136
N3-18350,24,12,37,10656,220,1607,220,Medium Movement,0,0.5826415094339622,Medium Priority,191033,137,ZONE_B,True,0.11474738668641722
N3-18367,22,11,44,10648,262,1988,262,Medium Movement,0,0.6086792452830188,Medium Priority,191032,167,ZONE_B,True,0.11466123999971571
N3-18374,21,12,43,10836,255,1851,255,Medium Movement,0,0.604,Medium Priority,191933,166,ZONE_B,True,0.11668568713720132
N3-18381,6,12,16,1152,430,11205,430,Medium Movement,0,0.5881509433962264,Medium Priority,191633,227,ZONE_B,True,0.01240512288501808
N3-18398,6,13,18,1404,1949,69429,1949,High Movement,1,0.848566037735849,High Priority,191323,1158,ZONE_A,True,0.015118743516115784
N3-18305,5,12,21,1260,1984,90688,1984,High Movement,1,0.839754716981132,High Priority,191722,1178,ZONE_A,True,0.013568103155488525
N3-18411,5,13,23,1495,2604,129686,2604,High Movement,1,0.8805094339622641,High Priority,191422,1566,ZONE_A,True,0.01609866207734551
N3-18435,18,12,19,4104,668,8091,668,High Movement,0,0.748754716981132,Medium Priority,191723,668,ZONE_B,True,0.044193250277876905
N3-18442,17,12,21,4284,917,12879,917,High Movement,0,0.8052641509433962,High Priority,191522,917,ZONE_A,True,0.04613155072866098
N3-18459,17,24,11,4488,1047,14106,1047,High Movement,1,0.8272830188679245,High Priority,191523,1041,ZONE_A,True,0.0483282912395496
N3-18466,24,24,19,10944,252,1769,252,Medium Movement,0,0.6021320754716981,Medium Priority,191833,139,ZONE_B,True,0.11784866740767175
N3-18480,21,12,45,11340,359,2482,359,Medium Movement,0,0.6547735849056604,Medium Priority,191922,223,ZONE_B,True,0.1221129283993967
N3-32287,17,12,18,3672,28,222,28,Low Movement,0,0.3535094339622642,Low Priority,192222,16,ZONE_C,False,0.03954132919599513
N3-32548,1,1,1,1,1841,67167,1841,High Movement,1,0.6471509433962264,Medium Priority,191732,1835,ZONE_B,True,1.0768335837689304e-05
N3-32549,1,1,1,1,2180,91397,2180,High Movement,1,0.665377358490566,Medium Priority,191333,1945,ZONE_B,True,1.0768335837689304e-05
N3-52374,1,1,1,1,14,52,14,Low Movement,0,0.0775094339622641,Low Priority,191432,14,ZONE_C,False,1.0768335837689304e-05
N3-5496,23,12,37,10212,183,1553,183,Medium Movement,0,0.5572641509433962,Medium Priority,192723,177,ZONE_B,True,0.10996624557448317
N3-5403,21,12,44,11088,229,1964,229,Medium Movement,0,0.5881698113207547,Medium Priority,192132,228,ZONE_B,True,0.119399307768299
N3-5519,43,12,23,11868,121,911,121,Low Movement,0,0.5037169811320754,Medium Priority,192622,100,ZONE_B,True,0.12779860972169668
N3-5533,21,12,44,11088,40,348,40,Low Movement,0,0.4033962264150943,Medium Priority,192722,29,ZONE_B,True,0.119399307768299
N3-8246-3,5,13,23,1495,3,38,3,Low Movement,0,0.2391509433962264,Low Priority,191433,3,ZONE_C,False,0.01609866207734551
N3-91554,1,1,1,1,19,792,19,Low Movement,0,0.0882075471698113,Low Priority,191023,6,ZONE_C,False,1.0768335837689304e-05
N3-918336,21,24,11,5544,554,7580,554,Medium Movement,0,0.7238867924528302,Medium Priority,191932,325,ZONE_B,True,0.0596996538841495
N3-918343,21,12,23,5796,650,8892,650,High Movement,0,0.7537735849056604,Medium Priority,191823,646,ZONE_B,True,0.062413274515247204
N3-918473,22,12,43,11352,583,4251,583,Medium Movement,0,0.7440377358490565,Medium Priority,191332,376,ZONE_B,True,0.122242148429449
N3-91925,18,11,19,3762,2,88,2,Low Movement,0,0.2793396226415094,Low Priority,191623,2,ZONE_C,False,0.04051047942138716
N3-91927,17,12,21,4284,120,1060,120,Low Movement,0,0.484188679245283,Medium Priority,192023,65,ZONE_B,True,0.04613155072866098
N3-91933,26,21,11,6006,345,6233,345,Medium Movement,0,0.6384716981132075,Medium Priority,191832,337,ZONE_B,True,0.06467462504116196
N3-91934,25,22,11,6050,587,9365,587,Medium Movement,0,0.7364339622641509,Medium Priority,191623,359,ZONE_B,True,0.0651484318180203
N3-91935,25,49,12,14700,930,13048,930,High Movement,0,0.8290943396226415,High Priority,191022,597,ZONE_A,True,0.15829453681403277
N3-98239,6,12,17,1224,306,10351,306,Medium Movement,0,0.5443584905660377,Medium Priority,191632,193,ZONE_B,True,0.013180443065331709
N3-98246,6,12,20,1440,1413,56943,1413,High Movement,1,0.8130754716981132,High Priority,191222,1402,ZONE_A,True,0.0155064036062726
N3-98253,5,12,22,1320,1376,66562,1376,High Movement,1,0.8012452830188679,High Priority,191322,1367,ZONE_A,True,0.014214203305749882
N3-98260,5,13,22,1430,1893,96386,1893,High Movement,1,0.8458867924528302,High Priority,191223,1882,ZONE_A,True,0.015398720247895707
N6N1221125,12,7,7,588,4237,1099819,4237,High Movement,3,0.8017924528301887,High Priority,275522,3457,ZONE_A,True,0.006331781472561311
N6N1221133,12,7,7,588,6348,1611147,6348,High Movement,3,0.8152641509433962,High Priority,281422,5717,ZONE_A,True,0.006331781472561311
N6N1321131,12,7,7,588,3197,691154,3197,High Movement,1,0.7864716981132076,Medium Priority,282622,3164,ZONE_B,True,0.006331781472561311
N6N1321157,12,7,7,588,4921,1172664,4921,High Movement,3,0.8083962264150943,High Priority,281022,4879,ZONE_A,True,0.006331781472561311
N6N1323178,11,7,7,539,1668,172286,1668,High Movement,1,0.718943396226415,Medium Priority,142224,1657,ZONE_B,True,0.005804133016514536
NA-397112,24,7,7,1176,25,78,25,Low Movement,0,0.2750943396226415,Low Priority,N350D3,24,ZONE_C,False,0.012663562945122622
NA-402526,4,9,15,540,2,3,2,Low Movement,0,0.1185283018867924,Low Priority,N362D6,2,ZONE_C,False,0.005814901352352225
NA-710775,4,9,15,540,18,122,18,Low Movement,0,0.168188679245283,Low Priority,N350D5,16,ZONE_C,False,0.005814901352352225
NA-710881,9,14,3,378,39,271,39,Low Movement,0,0.1912641509433962,Low Priority,N364D2,37,ZONE_C,False,0.004070430946646557
NA-710898,14,7,7,686,13,69,13,Low Movement,0,0.1784905660377358,Low Priority,N364D5,12,ZONE_C,False,0.0073870783846548636
NA-710805,21,8,8,1344,48,258,48,Low Movement,0,0.3407358490566037,Low Priority,N350D2,47,ZONE_C,False,0.014472643365854427
NA-743223,4,9,15,540,13,66,13,Low Movement,0,0.1570943396226415,Low Priority,N362D3,11,ZONE_C,False,0.005814901352352225
NA-743230,4,9,15,540,12,68,12,Low Movement,0,0.1535283018867924,Low Priority,N362D5,10,ZONE_C,False,0.005814901352352225
NA-743247,10,15,3,450,45,273,45,Low Movement,0,0.2166792452830188,Low Priority,N364D3,42,ZONE_C,False,0.004845751126960187
NA-743254,10,16,4,640,32,207,32,Low Movement,0,0.2191320754716981,Low Priority,N362D4,30,ZONE_C,False,0.0068917349361211555
NA-743261,21,7,7,1029,4,8,4,Low Movement,0,0.1983207547169811,Low Priority,N358D3,4,ZONE_C,False,0.011080617576982294
NA-743278,4,9,15,540,29,180,29,Low Movement,0,0.1956603773584905,Low Priority,N364D4,27,ZONE_C,False,0.005814901352352225
NA-743346,4,9,15,540,1,6,1,Low Movement,0,0.1128490566037735,Low Priority,121202,1,ZONE_C,False,0.005814901352352225
NA-743384,9,13,4,468,35,235,35,Low Movement,0,0.198188679245283,Low Priority,N358D6,33,ZONE_C,False,0.005039581172038594
NA-743391,11,7,8,616,10,80,10,Low Movement,0,0.1609245283018867,Low Priority,N358D4,8,ZONE_C,False,0.006633294876016612
NA-740123,4,9,15,540,17,118,17,Low Movement,0,0.1656792452830188,Low Priority,N362D2,16,ZONE_C,False,0.005814901352352225
NO-8158715,16,8,4,512,710,7070,710,High Movement,0,0.5890377358490566,Medium Priority,N423C5,710,ZONE_B,True,0.0055133879488969235
NO-92074,10,5,2,100,320,4288,320,Medium Movement,0,0.3968301886792452,Low Priority,N423C2,320,ZONE_C,False,0.0010768335837689305
NO-93642,19,10,5,950,1480,18165,1480,High Movement,1,0.7696603773584905,Medium Priority,N421C5,1478,ZONE_B,True,0.01022991904580484
NO-98151,19,10,5,950,415,4529,415,Medium Movement,0,0.5595283018867924,Medium Priority,N423C4,413,ZONE_B,True,0.01022991904580484
NO-99264,19,10,5,950,313,3308,313,Medium Movement,0,0.513433962264151,Medium Priority,N423A5,313,ZONE_B,True,0.01022991904580484
O2-15413,10,13,3,390,950,44417,950,High Movement,0,0.6206603773584907,Medium Priority,184222,950,ZONE_B,True,0.004199650976698829
O2-15414,10,13,3,390,2169,108455,2169,High Movement,1,0.7242075471698113,Medium Priority,184223,2171,ZONE_B,True,0.004199650976698829
O2-15421,10,13,3,390,1746,88186,1746,High Movement,1,0.701754716981132,Medium Priority,184623,1746,ZONE_B,True,0.004199650976698829
O2-3252330,11,10,9,990,1592,37905,1592,High Movement,1,0.7840566037735849,Medium Priority,184523,1592,ZONE_B,True,0.010660652479312412
O2-3252347,11,10,10,1100,1408,32446,1408,High Movement,1,0.7763018867924527,Medium Priority,184322,1408,ZONE_B,True,0.011845169421458236
O2-3252392,11,10,10,1100,1524,36088,1524,High Movement,1,0.7889811320754716,Medium Priority,184323,1524,ZONE_B,True,0.011845169421458236
O2-35122,12,10,10,1200,480,8929,480,Medium Movement,0,0.6186981132075472,Medium Priority,184122,480,ZONE_B,True,0.012922003005227167
O2-35123,12,10,10,1200,482,9956,482,Medium Movement,0,0.6210754716981132,Medium Priority,184123,482,ZONE_B,True,0.012922003005227167
O2-35124,12,10,10,1200,493,9603,493,Medium Movement,0,0.6239811320754717,Medium Priority,184622,493,ZONE_B,True,0.012922003005227167
O2-35312,11,10,10,1100,3849,159477,3849,High Movement,3,0.865320754716981,High Priority,184722,2453,ZONE_A,True,0.011845169421458236
O2-35313,11,10,10,1100,3129,128851,3129,High Movement,1,0.8529056603773584,High Priority,184522,3107,ZONE_A,True,0.011845169421458236
O2-35314,11,10,10,1100,3575,131764,3575,High Movement,3,0.8616226415094339,High Priority,184723,2417,ZONE_A,True,0.011845169421458236
O271325121,11,10,10,1100,7331,539020,7331,High Movement,3,0.885132075471698,High Priority,185122,7258,ZONE_A,True,0.011845169421458236
O271325139,11,10,10,1100,7857,565114,7857,High Movement,3,0.8853962264150943,High Priority,185322,7808,ZONE_A,True,0.011845169421458236
O271325196,11,10,9,990,5234,275868,5234,High Movement,3,0.8688490566037735,High Priority,184923,3373,ZONE_A,True,0.010660652479312412
O271325104,11,10,10,1100,3367,140238,3367,High Movement,3,0.857132075471698,High Priority,184922,2372,ZONE_A,True,0.011845169421458236
O271325220,11,10,9,990,8211,701205,8211,High Movement,3,0.8755849056603773,High Priority,185522,8152,ZONE_A,True,0.010660652479312412
PT-111724,16,7,7,784,2044,74746,2044,High Movement,1,0.780132075471698,Medium Priority,142422,2037,ZONE_B,True,0.008442375296748416
PT-31142,26,12,10,3120,595,9109,595,Medium Movement,0,0.7156603773584904,Medium Priority,152523,594,ZONE_B,True,0.03359720781359063
PT-31411,28,16,13,5824,1034,14991,1034,High Movement,1,0.8338301886792452,High Priority,152323,1029,ZONE_A,True,0.06271478791870251
PT-3631137,24,13,11,3432,694,7940,694,High Movement,0,0.7486792452830189,Medium Priority,152322,694,ZONE_B,True,0.036956928594949694
PT-44138,26,12,10,3120,240,3193,240,Medium Movement,0,0.5624528301886792,Medium Priority,152522,131,ZONE_B,True,0.03359720781359063
PT-45114,23,12,11,3036,222,2492,222,Medium Movement,0,0.550622641509434,Medium Priority,153522,222,ZONE_B,True,0.03269266760322473
PT-72148,25,9,8,1800,3487,183788,3487,High Movement,3,0.9106037735849056,High Priority,144622,3377,ZONE_A,True,0.019383004507840747
PT-72149,25,26,30,19500,564,10300,564,Medium Movement,0,0.7420188679245283,Medium Priority,144822,564,ZONE_B,True,0.20998254883494144
PT-72140,22,10,10,2200,764,18346,764,High Movement,0,0.7448679245283019,Medium Priority,144423,764,ZONE_B,True,0.02369033884291647
PT93621131,26,12,9,2808,1305,19231,1305,High Movement,1,0.8389622641509434,High Priority,152123,1305,ZONE_A,True,0.03023748703223157
PT93621141,26,12,10,3120,398,4539,398,Medium Movement,0,0.6401132075471697,Medium Priority,152122,398,ZONE_B,True,0.03359720781359063
PT93621143,26,12,10,3120,496,5971,496,Medium Movement,0,0.684622641509434,Medium Priority,151922,495,ZONE_B,True,0.03359720781359063
PT93621144,26,12,10,3120,367,4422,367,Medium Movement,0,0.6262452830188678,Medium Priority,151723,367,ZONE_B,True,0.03359720781359063
PT93621151,20,10,10,2000,810,12409,810,High Movement,0,0.7495660377358491,Medium Priority,151722,810,ZONE_B,True,0.021536671675378607
PT93621180,26,12,10,3120,567,6803,567,Medium Movement,0,0.7070754716981131,Medium Priority,151522,566,ZONE_B,True,0.03359720781359063
Q2-21227,13,7,7,637,36,1044,36,Low Movement,0,0.2255283018867924,Low Priority,1520A6,36,ZONE_C,False,0.006859429928608087
Q2H1216133,10,7,7,490,41,666,41,Low Movement,0,0.2146415094339622,Low Priority,1520A4,41,ZONE_C,False,0.0052764845604677596
Q2H1216159,9,7,7,441,36,882,36,Low Movement,0,0.1947924528301886,Low Priority,1532A4,36,ZONE_C,False,0.004748836104420983
Q2H1216166,12,7,7,588,25,512,25,Low Movement,0,0.194377358490566,Low Priority,1532A6,25,ZONE_C,False,0.006331781472561311
Q2H1216174,13,7,7,637,21,546,21,Low Movement,0,0.1914528301886792,Low Priority,1520A5,21,ZONE_C,False,0.006859429928608087
Q2H1316149,8,7,7,392,146,4644,146,Low Movement,0,0.316566037735849,Low Priority,1534A6,146,ZONE_C,False,0.004221187648374208
Q2H1416121,11,8,8,704,136,4574,136,Low Movement,0,0.3535471698113207,Low Priority,1532A2,136,ZONE_C,False,0.007580908429733271
Q2H1416139,8,7,7,392,196,7404,196,Medium Movement,0,0.3602830188679245,Low Priority,1534A2,196,ZONE_C,False,0.004221187648374208
Q2H1416170,8,7,7,392,143,6108,143,Low Movement,0,0.3133962264150943,Low Priority,1534A3,143,ZONE_C,False,0.004221187648374208
Q2H1421564,9,8,8,576,80,1306,80,Low Movement,0,0.2836792452830188,Low Priority,1532A5,80,ZONE_C,False,0.00620256144250904
Q2H1516137,14,7,7,686,41,936,41,Low Movement,0,0.2429433962264151,Low Priority,1520A2,41,ZONE_C,False,0.0073870783846548636
Q2H1616134,11,8,8,704,59,1644,59,Low Movement,0,0.2711320754716981,Low Priority,1528C5,59,ZONE_C,False,0.007580908429733271
Q7-9213,24,7,7,1176,764,15727,764,High Movement,0,0.6964150943396226,Medium Priority,213123,761,ZONE_B,True,0.012663562945122622
Q7-9222,1,1,1,1,234,2346,234,Medium Movement,0,0.3234339622641509,Low Priority,213723,233,ZONE_C,False,1.0768335837689304e-05
Q7-9231,24,7,7,1176,1992,53236,1992,High Movement,1,0.8302075471698114,High Priority,213122,1988,ZONE_A,True,0.012663562945122622
Q7-9236,1,1,1,1,513,8995,513,Medium Movement,0,0.4543207547169811,Medium Priority,213522,513,ZONE_B,True,1.0768335837689304e-05
Q7-9261,25,7,7,1225,327,8753,327,Medium Movement,0,0.5532264150943396,Medium Priority,213823,258,ZONE_B,True,0.013191211401169398
Q7-9203,24,7,7,1176,352,6383,352,Medium Movement,0,0.5574716981132075,Medium Priority,213822,225,ZONE_B,True,0.012663562945122622
Q7-9691,1,1,1,1,420,4439,420,Medium Movement,0,0.4149622641509434,Medium Priority,213523,420,ZONE_B,True,1.0768335837689304e-05
Q7-9697,1,1,1,1,511,7191,511,Medium Movement,0,0.4533962264150943,Medium Priority,213722,509,ZONE_B,True,1.0768335837689304e-05
Q7-9721,24,7,7,1176,158,2800,158,Medium Movement,0,0.4415094339622641,Medium Priority,213923,158,ZONE_B,True,0.012663562945122622
Q8-41582,1,1,1,1,1,9,1,Low Movement,0,0.0300943396226415,Low Priority,421432U,1,ZONE_C,False,1.0768335837689304e-05
Q8-45043,1,1,1,1,34,37,34,Low Movement,0,0.1238679245283018,Low Priority,421322,34,ZONE_C,False,1.0768335837689304e-05
Q8-40394,1,1,1,1,271,2262,271,Medium Movement,0,0.3469433962264151,Low Priority,432423,233,ZONE_C,False,1.0768335837689304e-05
Q9-52103,10,9,9,810,374,3261,374,Medium Movement,0,0.5176603773584906,Medium Priority,431532,367,ZONE_B,True,0.008722352028528337
Q9-52104,9,9,9,729,360,3062,360,Medium Movement,0,0.4988679245283018,Medium Priority,431733,357,ZONE_B,True,0.007850116825675503
Q9-53202,9,9,9,729,345,3158,345,Medium Movement,0,0.4910754716981131,Medium Priority,431533,338,ZONE_B,True,0.007850116825675503
Q9-59462,19,4,15,1140,508,6597,508,Medium Movement,0,0.6192264150943396,Medium Priority,431232,502,ZONE_B,True,0.012275902854965806
Q9-59463,19,4,15,1140,558,7254,558,Medium Movement,0,0.6354716981132075,Medium Priority,431233,550,ZONE_B,True,0.012275902854965806
Q9-59464,19,4,15,1140,370,5017,370,Medium Movement,0,0.5576792452830188,Medium Priority,431432,362,ZONE_B,True,0.012275902854965806
Q9-59465,19,4,15,1140,459,6122,459,Medium Movement,0,0.5982264150943396,Medium Priority,431433,453,ZONE_B,True,0.012275902854965806
Q9-59466,19,4,15,1140,479,6239,479,Medium Movement,0,0.6074716981132076,Medium Priority,431632,471,ZONE_B,True,0.012275902854965806
Q9-59467,19,4,15,1140,260,3405,260,Medium Movement,0,0.5074905660377358,Medium Priority,431633,256,ZONE_B,True,0.012275902854965806
Q9-59468,19,4,15,1140,532,7649,532,Medium Movement,0,0.6266226415094339,Medium Priority,431832,520,ZONE_B,True,0.012275902854965806
Q9-59472,19,4,15,1140,527,7006,527,Medium Movement,0,0.624377358490566,Medium Priority,431032,518,ZONE_B,True,0.012275902854965806
QH-115061,1,1,1,1,254,4378,254,Medium Movement,0,0.336377358490566,Low Priority,N25822,254,ZONE_C,False,1.0768335837689304e-05
QH-115078,1,1,1,1,253,4220,253,Medium Movement,0,0.3357169811320755,Low Priority,N26623,253,ZONE_C,False,1.0768335837689304e-05
QH-117349,16,29,6,2784,528,6607,528,Medium Movement,0,0.6900754716981132,Medium Priority,523923,527,ZONE_B,True,0.029979046972127027
QH-117479,16,29,6,2784,2038,33814,2038,High Movement,1,0.8916226415094339,High Priority,533222,2021,ZONE_A,True,0.029979046972127027
QH-119978,24,10,6,1440,60,766,60,Low Movement,0,0.3623018867924528,Low Priority,512533,60,ZONE_C,False,0.0155064036062726
QH-119015,4,8,28,896,3848,98939,3848,High Movement,3,0.8422452830188679,High Priority,512823,3836,ZONE_A,True,0.009648428910569617
QH-123579,5,6,6,180,2198,108696,2198,High Movement,1,0.6972264150943396,Medium Priority,N23523,2206,ZONE_B,True,0.001938300450784075
QH-123586,9,6,5,270,663,19266,663,High Movement,0,0.5427924528301886,Medium Priority,N26232,664,ZONE_B,True,0.0029074506761761123
QH-120595,1,1,1,1,1548,31272,1548,High Movement,1,0.6313018867924528,Medium Priority,512523,1548,ZONE_B,True,1.0768335837689304e-05
QH-120502,1,1,1,1,708,12851,708,High Movement,0,0.5103207547169811,Medium Priority,512723,708,ZONE_B,True,1.0768335837689304e-05
QH-120632,1,1,1,1,1028,23554,1028,High Movement,0,0.5742452830188679,Medium Priority,512232,1027,ZONE_B,True,1.0768335837689304e-05
QH-120656,1,1,1,1,641,11758,641,High Movement,0,0.4939433962264151,Medium Priority,511222,641,ZONE_B,True,1.0768335837689304e-05
QH-120669,1,1,1,1,1867,34873,1867,High Movement,1,0.6497924528301886,Medium Priority,521022,1866,ZONE_B,True,1.0768335837689304e-05
QH-120694,1,1,1,1,372,6720,372,Medium Movement,0,0.3918490566037736,Low Priority,513622,372,ZONE_C,False,1.0768335837689304e-05
QH-120780,1,1,1,1,540,12270,540,Medium Movement,0,0.4631698113207547,Medium Priority,514723,525,ZONE_B,True,1.0768335837689304e-05
QH-120816,1,1,1,1,2040,42514,2040,High Movement,1,0.6600943396226415,Medium Priority,513322,2040,ZONE_B,True,1.0768335837689304e-05
QH-120823,1,1,1,1,1009,19461,1009,High Movement,0,0.5700188679245283,Medium Priority,513222,1008,ZONE_B,True,1.0768335837689304e-05
QH-120830,1,1,1,1,611,9642,611,Medium Movement,0,0.4848301886792452,Medium Priority,513823,611,ZONE_B,True,1.0768335837689304e-05
QH-120922,1,1,1,1,3463,84033,3463,High Movement,3,0.699188679245283,Medium Priority,513522,3460,ZONE_B,True,1.0768335837689304e-05
QH-120939,1,1,1,1,1445,31535,1445,High Movement,1,0.6212641509433962,Medium Priority,521023,1441,ZONE_B,True,1.0768335837689304e-05
QH-120984,1,1,1,1,1686,33199,1686,High Movement,1,0.6394905660377358,Medium Priority,514422,1686,ZONE_B,True,1.0768335837689304e-05
QH-120991,1,1,1,1,752,14757,752,High Movement,0,0.5207547169811321,Medium Priority,514423,752,ZONE_B,True,1.0768335837689304e-05
QH-120014,1,1,1,1,590,9443,590,Medium Movement,0,0.4784905660377359,Medium Priority,513633,590,ZONE_B,True,1.0768335837689304e-05
QH-131119,1,1,1,1,532,9997,532,Medium Movement,0,0.4598679245283019,Medium Priority,513822,532,ZONE_B,True,1.0768335837689304e-05
QH-131188,1,1,1,1,1136,23716,1136,High Movement,1,0.5879811320754718,Medium Priority,513422,1136,ZONE_B,True,1.0768335837689304e-05
QH-131195,1,1,1,1,451,7866,451,Medium Movement,0,0.4280377358490566,Medium Priority,513023,451,ZONE_B,True,1.0768335837689304e-05
QH-131270,1,1,1,1,536,9301,536,Medium Movement,0,0.461188679245283,Medium Priority,522322,536,ZONE_B,True,1.0768335837689304e-05
QH-131775,1,1,1,1,1857,28814,1857,High Movement,1,0.6486037735849056,Medium Priority,513423,1856,ZONE_B,True,1.0768335837689304e-05
QH-131782,1,1,1,1,672,10328,672,High Movement,0,0.5029245283018867,Medium Priority,512022,672,ZONE_B,True,1.0768335837689304e-05
QH-140484,20,8,7,1120,137,2724,137,Low Movement,0,0.4106792452830188,Medium Priority,N26832,137,ZONE_B,True,0.01206053613821202
QH-140484D,19,8,16,2432,33,2982,33,Low Movement,0,0.3479245283018867,Low Priority,723042,9,ZONE_C,False,0.02618859275726039
QH-151114,29,7,10,2030,1815,25328,1815,High Movement,1,0.8617169811320754,High Priority,532322,1815,ZONE_A,True,0.02185972175050929
QH-175980,14,8,4,448,21,177,21,Low Movement,0,0.1614528301886792,Low Priority,N252C4,21,ZONE_C,False,0.004824214455284808
QH-107264,16,8,5,640,406,6044,406,Medium Movement,0,0.508245283018868,Medium Priority,N25833,405,ZONE_B,True,0.0068917349361211555
QH-215182,1,1,1,1,4,26,4,Low Movement,0,0.0443584905660377,Low Priority,534223,4,ZONE_C,False,1.0768335837689304e-05
QH-217493,1,1,1,1,372,10832,372,Medium Movement,0,0.3918490566037736,Low Priority,512423,371,ZONE_C,False,1.0768335837689304e-05
QH-217400,1,1,1,1,302,8243,302,Medium Movement,0,0.3622641509433962,Low Priority,512522,302,ZONE_C,False,1.0768335837689304e-05
QH-217516,1,1,1,1,313,8151,313,Medium Movement,0,0.3676792452830189,Low Priority,512923,313,ZONE_C,False,1.0768335837689304e-05
QH-217523,1,1,1,1,272,10063,272,Medium Movement,0,0.3477358490566037,Low Priority,512123,272,ZONE_C,False,1.0768335837689304e-05
QH-210283,29,7,10,2030,2589,38850,2589,High Movement,1,0.8971132075471698,High Priority,532122,2588,ZONE_A,True,0.02185972175050929
QH-210207,1,1,1,1,1128,8520,1128,High Movement,1,0.5871886792452831,Medium Priority,533622,1128,ZONE_B,True,1.0768335837689304e-05
QH-210982,4,8,28,896,986,5581,986,High Movement,0,0.7033018867924528,Medium Priority,513433,986,ZONE_B,True,0.009648428910569617
QH-221282,22,7,4,616,400,4883,400,Medium Movement,0,0.5014150943396226,Medium Priority,5151C6,399,ZONE_B,True,0.006633294876016612
QH-221206,23,6,6,828,392,5220,392,Medium Movement,0,0.5263962264150943,Medium Priority,515122,392,ZONE_B,True,0.008916182073606744
QH-222343,1,1,1,1,3339,449757,3339,High Movement,3,0.6965471698113208,Medium Priority,522522,3335,ZONE_B,True,1.0768335837689304e-05
QH-223579,1,1,1,1,152,3710,152,Medium Movement,0,0.2624150943396226,Low Priority,522822,152,ZONE_C,False,1.0768335837689304e-05
QH-226420,15,4,6,360,2544,9381,2544,High Movement,1,0.7357169811320754,Medium Priority,N23722,2544,ZONE_B,True,0.00387660090156815
QH-226420C,15,4,6,360,657,1378,657,High Movement,0,0.5533207547169812,Medium Priority,N24123,656,ZONE_B,True,0.00387660090156815
QH-226792,2,13,28,728,344,8843,344,Medium Movement,0,0.4892830188679244,Medium Priority,513922,344,ZONE_B,True,0.007839348489837814
QH-226709,2,13,28,728,171,3963,171,Medium Movement,0,0.389566037735849,Low Priority,513122,170,ZONE_C,False,0.007839348489837814
QH-226822,2,13,28,728,22,949,22,Low Movement,0,0.205188679245283,Low Priority,522622,22,ZONE_C,False,0.007839348489837814
QH-226839,2,13,28,728,81,2360,81,Low Movement,0,0.3053018867924528,Low Priority,522623,81,ZONE_C,False,0.007839348489837814
QH-226846,2,13,28,728,128,2258,128,Low Movement,0,0.348754716981132,Low Priority,511022,128,ZONE_C,False,0.007839348489837814
QH-226853,2,13,28,728,175,2868,175,Medium Movement,0,0.3928679245283018,Low Priority,511723,175,ZONE_C,False,0.007839348489837814
QH-226877,2,13,28,728,474,9112,474,Medium Movement,0,0.5472641509433962,Medium Priority,514223,474,ZONE_B,True,0.007839348489837814
QH-227311,15,4,6,360,809,7793,809,High Movement,0,0.5900377358490565,Medium Priority,N256C3,809,ZONE_B,True,0.00387660090156815
QH-228857,1,1,1,1,28,306,28,Low Movement,0,0.1103962264150943,Low Priority,N256C5,28,ZONE_C,False,1.0768335837689304e-05
QH-228864,1,1,1,1,48,654,48,Low Movement,0,0.1517358490566037,Low Priority,N256A5,48,ZONE_C,False,1.0768335837689304e-05
QH-231144,2,13,28,728,210,1056,210,Medium Movement,0,0.4199433962264151,Medium Priority,514233,210,ZONE_B,True,0.007839348489837814
QH-231168,18,4,7,504,189,4362,189,Medium Movement,0,0.3724716981132075,Low Priority,513022,189,ZONE_C,False,0.00542724126219541
QH-231182,22,5,5,550,130,1515,130,Low Movement,0,0.3273207547169811,Low Priority,513833,130,ZONE_C,False,0.005922584710729118
QH-231199,24,10,6,1440,183,1709,183,Medium Movement,0,0.4864528301886792,Medium Priority,513032,182,ZONE_B,True,0.0155064036062726
QH-231458,23,4,8,736,42,453,42,Low Movement,0,0.2544528301886792,Low Priority,514432,42,ZONE_C,False,0.00792549517653933
QH-232502,23,12,6,1656,21,1215,21,Low Movement,0,0.2993396226415094,Low Priority,522923,21,ZONE_C,False,0.017832364147213488
QH-232618,1,1,1,1,24,482,24,Low Movement,0,0.1003584905660377,Low Priority,513933,24,ZONE_C,False,1.0768335837689304e-05
QH-232625,24,12,11,3168,20,558,20,Low Movement,0,0.3287924528301886,Low Priority,511022,20,ZONE_C,False,0.03411408793379972
QH-232632,1,1,1,1,22,372,22,Low Movement,0,0.0952075471698113,Low Priority,514632,22,ZONE_C,False,1.0768335837689304e-05
QH-232649,1,1,1,1,21,446,21,Low Movement,0,0.0929622641509433,Low Priority,514633,21,ZONE_C,False,1.0768335837689304e-05
QH-232656,24,12,11,3168,19,393,19,Low Movement,0,0.3262830188679245,Low Priority,5143C6,19,ZONE_C,False,0.03411408793379972
QH-232663,24,12,11,3168,6,293,6,Low Movement,0,0.2899622641509434,Low Priority,514923,6,ZONE_C,False,0.03411408793379972
QH-232670,1,1,1,1,18,364,18,Low Movement,0,0.0854339622641509,Low Priority,515123,18,ZONE_C,False,1.0768335837689304e-05
QH-235530,13,7,4,364,95,2249,95,Low Movement,0,0.2663584905660377,Low Priority,N25022,95,ZONE_C,False,0.003919674244918907
QH-235561,13,7,4,364,79,1561,79,Low Movement,0,0.2505094339622641,Low Priority,N25023,79,ZONE_C,False,0.003919674244918907
QH-237436,22,6,7,924,32,473,32,Low Movement,0,0.2630566037735848,Low Priority,511522,32,ZONE_C,False,0.009949942314024917
QH-237443,29,7,9,1827,5,60,5,Low Movement,0,0.2594905660377358,Low Priority,514323,5,ZONE_C,False,0.01967374957545836
QH-237719,15,4,6,360,1548,5311,1548,High Movement,1,0.6871132075471698,Medium Priority,N23922,1548,ZONE_B,True,0.00387660090156815
QH-237719C,15,4,6,360,657,1734,657,High Movement,0,0.5533207547169812,Medium Priority,N23123,657,ZONE_B,True,0.00387660090156815
QH-237733,15,4,6,360,2704,9938,2704,High Movement,1,0.739943396226415,Medium Priority,N23723,2704,ZONE_B,True,0.00387660090156815
QH-237733C,15,4,6,360,545,1503,545,Medium Movement,0,0.5203018867924528,Medium Priority,N24122,545,ZONE_B,True,0.00387660090156815
QH-243436,21,10,13,2730,1191,11392,1191,High Movement,1,0.8262452830188678,High Priority,534122,1191,ZONE_A,True,0.029397556836891804
QH-243443,13,7,4,364,921,8948,921,High Movement,0,0.6138490566037735,Medium Priority,534123,921,ZONE_B,True,0.003919674244918907
QH-243467,18,37,10,6660,596,6378,596,Medium Movement,0,0.7413396226415094,Medium Priority,533723,587,ZONE_B,True,0.07171711667901078
QH-243542,1,1,1,1,380,3984,380,Medium Movement,0,0.3959433962264151,Low Priority,532522,312,ZONE_C,False,1.0768335837689304e-05
QH-243665,13,7,4,364,615,7523,615,Medium Movement,0,0.5435849056603773,Medium Priority,533022,613,ZONE_B,True,0.003919674244918907
QH-244387,23,5,8,920,41,378,41,Low Movement,0,0.2812075471698113,Low Priority,513233,41,ZONE_C,False,0.00990686897067416
QH-244394,23,5,8,920,481,6577,481,Medium Movement,0,0.5851132075471698,Medium Priority,512922,481,ZONE_B,True,0.00990686897067416
QH-244417,23,5,8,920,6,32,6,Low Movement,0,0.1943018867924528,Low Priority,512062,6,ZONE_C,False,0.00990686897067416
QH-244714,18,4,6,432,38,387,38,Low Movement,0,0.1968679245283018,Low Priority,512033,38,ZONE_C,False,0.00465192108188178
QH-244721,18,4,6,432,68,699,68,Low Movement,0,0.244943396226415,Low Priority,512832,68,ZONE_C,False,0.00465192108188178
QH-244745,18,4,6,432,9,152,9,Low Movement,0,0.128188679245283,Low Priority,512032,9,ZONE_C,False,0.00465192108188178
QH-244899,10,14,11,1540,1809,6010,1809,High Movement,1,0.8466226415094339,High Priority,N23923,1809,ZONE_A,True,0.01658323719004153
QH-253146,19,4,6,456,73,1096,73,Low Movement,0,0.2570377358490566,Low Priority,512833,73,ZONE_C,False,0.004910361141986322
QH-253153,23,5,8,920,35,214,35,Low Movement,0,0.2678679245283019,Low Priority,512932,35,ZONE_C,False,0.00990686897067416
QH-253160,24,9,6,1296,51,473,51,Low Movement,0,0.3414905660377358,Low Priority,512023,46,ZONE_C,False,0.01395576324564534
QH-253184,2,13,28,728,1501,6106,1501,High Movement,1,0.7362641509433961,Medium Priority,513232,1499,ZONE_B,True,0.007839348489837814
QH-258172,22,6,6,792,5760,269326,5760,High Movement,3,0.8425094339622642,High Priority,533223,5757,ZONE_A,True,0.00852852198344993
QH-258189,22,6,6,792,3735,97737,3735,High Movement,3,0.8253396226415094,High Priority,533322,3729,ZONE_A,True,0.00852852198344993
QH-259780,14,5,3,210,3569,74948,3569,High Movement,3,0.7338490566037735,Medium Priority,514623,3564,ZONE_B,True,0.002261350525914754
QH-259797,14,3,5,210,1757,20103,1757,High Movement,1,0.6757358490566038,Medium Priority,514622,1757,ZONE_B,True,0.002261350525914754
QH-266405,22,7,4,616,209,2561,209,Medium Movement,0,0.4049999999999999,Medium Priority,5151C2,209,ZONE_B,True,0.006633294876016612
QH-266528,22,6,6,792,327,4637,327,Medium Movement,0,0.493566037735849,Medium Priority,515322,327,ZONE_B,True,0.00852852198344993
QH-266945,25,7,8,1400,5878,439467,5878,High Movement,3,0.9151132075471698,High Priority,531322,5861,ZONE_A,True,0.015075670172765026
QH-266952,29,7,10,2030,4377,99653,4377,High Movement,3,0.927754716981132,High Priority,531522,4374,ZONE_A,True,0.02185972175050929
QH-260656,29,8,9,2088,26,430,26,Low Movement,0,0.3226792452830188,Low Priority,531423,26,ZONE_C,False,0.022484285229095267
QH-271546,14,3,5,210,1275,10878,1275,High Movement,1,0.6365094339622641,Medium Priority,512433,1275,ZONE_B,True,0.002261350525914754
QH-271577,14,5,3,210,1401,15302,1401,High Movement,1,0.6485283018867924,Medium Priority,513923,1401,ZONE_B,True,0.002261350525914754
QH-274094,13,7,3,273,795,10014,795,High Movement,0,0.5745471698113208,Medium Priority,N26823,795,ZONE_B,True,0.0029397556836891804
QH-275114,13,7,3,273,584,7920,584,Medium Movement,0,0.5205283018867924,Medium Priority,N26222,584,ZONE_B,True,0.0029397556836891804
QH-275749,4,9,29,1044,1582,17240,1582,High Movement,1,0.7884150943396225,Medium Priority,511232,1582,ZONE_B,True,0.011242142614547633
QH-275756,22,5,7,770,540,7733,540,Medium Movement,0,0.5805094339622642,Medium Priority,511622,540,ZONE_B,True,0.008291618595020764
QH-276319,5,6,28,840,742,2673,742,High Movement,0,0.6476415094339623,Medium Priority,511832,740,ZONE_B,True,0.009045402103659016
QH-276326,2,13,28,728,2262,16755,2262,High Movement,1,0.7790566037735849,Medium Priority,514123,2260,ZONE_B,True,0.007839348489837814
QH-276357,22,5,7,770,601,9334,601,Medium Movement,0,0.5991320754716981,Medium Priority,511233,599,ZONE_B,True,0.008291618595020764
QH-276364,22,5,7,770,473,7169,473,Medium Movement,0,0.5539622641509433,Medium Priority,511422,473,ZONE_B,True,0.008291618595020764
QH-276371,22,5,7,770,2,19,2,Low Movement,0,0.1531132075471698,Low Priority,511432,2,ZONE_C,False,0.008291618595020764
QH-276388,22,5,7,770,650,7990,650,High Movement,0,0.613,Medium Priority,511223,649,ZONE_B,True,0.008291618595020764
QH-276425,22,5,7,770,7,27,7,Low Movement,0,0.1729245283018868,Low Priority,511322,4,ZONE_C,False,0.008291618595020764
QH-276432,21,6,7,882,540,7682,540,Medium Movement,0,0.5986792452830189,Medium Priority,511623,540,ZONE_B,True,0.009497672208841967
QH-279006,21,5,7,735,598,7673,598,Medium Movement,0,0.5926981132075472,Medium Priority,511633,598,ZONE_B,True,0.007914726840701639
QH-270102,18,6,5,540,973,13302,973,High Movement,0,0.6474905660377358,Medium Priority,511833,973,ZONE_B,True,0.005814901352352225
QH-270218,18,6,5,540,928,13223,928,High Movement,0,0.6406226415094338,Medium Priority,511923,928,ZONE_B,True,0.005814901352352225
QH-281184,22,6,6,792,520,6807,520,Medium Movement,0,0.5773018867924529,Medium Priority,511722,520,ZONE_B,True,0.00852852198344993
QH-281191,22,5,6,660,1487,23982,1487,High Movement,1,0.7260943396226415,Medium Priority,511532,1486,ZONE_B,True,0.007107101652874941
QH-281399,18,6,4,432,1389,17046,1389,High Movement,1,0.6809245283018868,Medium Priority,511823,1389,ZONE_B,True,0.00465192108188178
QH-281429,24,7,10,1680,118,512,118,Low Movement,0,0.4402641509433962,Medium Priority,512732,118,ZONE_B,True,0.018090804207318033
QH-281436,23,10,7,1610,84,349,84,Low Movement,0,0.4055849056603773,Medium Priority,512722,84,ZONE_B,True,0.01733702069867978
QH-281498,29,7,9,1827,82,1322,82,Low Movement,0,0.4083396226415094,Medium Priority,514232,81,ZONE_B,True,0.01967374957545836
QH-281405,24,10,7,1680,49,767,49,Low Movement,0,0.3600943396226415,Low Priority,513932,49,ZONE_C,False,0.018090804207318033
QH-281634,25,10,6,1500,150,1145,150,Medium Movement,0,0.4598490566037735,Medium Priority,513732,150,ZONE_B,True,0.01615250375653396
QH-281641,24,10,6,1440,849,5627,849,High Movement,0,0.7364716981132076,Medium Priority,513223,849,ZONE_B,True,0.0155064036062726
QH-28888,1,1,1,1,23,288,23,Low Movement,0,0.0979811320754717,Low Priority,N254C4,23,ZONE_C,False,1.0768335837689304e-05
QH-206615,16,8,5,640,311,5003,311,Medium Movement,0,0.4657169811320754,Medium Priority,N240C2,310,ZONE_B,True,0.0068917349361211555
QH-207705,15,13,3,585,434,4854,434,Medium Movement,0,0.5109999999999999,Medium Priority,514132,434,ZONE_B,True,0.006299476465048243
QH-314815,1,1,1,1,280,4215,280,Medium Movement,0,0.3516981132075471,Low Priority,N25023,182,ZONE_C,False,1.0768335837689304e-05
QH-355359,2,12,28,672,2050,16098,2050,High Movement,1,0.7628867924528301,Medium Priority,513532,2047,ZONE_B,True,0.0072363216829272135
QH-355366,18,5,4,360,18,175,18,Low Movement,0,0.1412452830188679,Low Priority,512923,16,ZONE_C,False,0.00387660090156815
QH-355380,24,10,6,1440,177,1435,177,Medium Movement,0,0.4802452830188679,Medium Priority,513623,177,ZONE_B,True,0.0155064036062726
QH-355434,22,5,8,880,12,47,12,Low Movement,0,0.2044150943396226,Low Priority,513123,12,ZONE_C,False,0.009476135537166587
QH-378015,14,8,4,448,282,2633,282,Medium Movement,0,0.4211132075471698,Medium Priority,N26432,282,ZONE_B,True,0.004824214455284808
QH-391380,1,1,1,1,253,3940,253,Medium Movement,0,0.3357169811320755,Low Priority,N26022,253,ZONE_C,False,1.0768335837689304e-05
QH-396934,42,33,11,15246,129,4029,129,Low Movement,0,0.5115849056603773,Medium Priority,531622,94,ZONE_B,True,0.16417404818141115
QH-307961,21,23,11,5313,189,6002,189,Medium Movement,0,0.5508867924528302,Medium Priority,532223,180,ZONE_B,True,0.05721216830564328
QH-307982,21,33,11,7623,75,2918,75,Low Movement,0,0.4503584905660377,Medium Priority,532423,64,ZONE_B,True,0.08208702409070558
QH-413334,22,7,4,616,159,1895,159,Medium Movement,0,0.3661698113207546,Low Priority,5147C6,159,ZONE_C,False,0.006633294876016612
QH-413372,22,7,4,616,217,2617,217,Medium Movement,0,0.4102830188679245,Medium Priority,5147C5,217,ZONE_B,True,0.006633294876016612
QH-413389,22,7,4,616,194,2184,194,Medium Movement,0,0.3948301886792452,Low Priority,5147C3,194,ZONE_C,False,0.006633294876016612
QH-413303,22,7,4,616,270,3574,270,Medium Movement,0,0.4421132075471697,Medium Priority,5153C5,270,ZONE_B,True,0.006633294876016612
QH-413433,23,5,6,690,526,6306,526,Medium Movement,0,0.5617735849056603,Medium Priority,5153C6,526,ZONE_B,True,0.00743015172800562
QH-413471,23,8,4,736,108,1230,108,Low Movement,0,0.3350188679245283,Low Priority,5149C4,108,ZONE_C,False,0.00792549517653933
QH-413402,22,7,4,616,129,1659,129,Low Movement,0,0.3360566037735848,Low Priority,514722,129,ZONE_C,False,0.006633294876016612
QH-414407,19,6,5,570,1139,17929,1139,High Movement,1,0.6754905660377358,Medium Priority,511523,1139,ZONE_B,True,0.006137951427482903
QH-414575,22,5,7,770,780,11811,780,High Movement,0,0.6449622641509434,Medium Priority,511323,780,ZONE_B,True,0.008291618595020764
QH-414582,23,7,10,1610,88,1273,88,Low Movement,0,0.407566037735849,Medium Priority,512432,88,ZONE_B,True,0.01733702069867978
QH-414629,22,5,7,770,568,8258,568,Medium Movement,0,0.5889622641509433,Medium Priority,511933,568,ZONE_B,True,0.008291618595020764
QH-414643,23,10,7,1610,45,534,45,Low Movement,0,0.3519622641509434,Low Priority,512133,45,ZONE_C,False,0.01733702069867978
QH-414650,23,6,6,828,479,6829,479,Medium Movement,0,0.5661509433962264,Medium Priority,511032,479,ZONE_B,True,0.008916182073606744
QH-415451,13,7,3,273,212,2708,212,Medium Movement,0,0.3556981132075472,Low Priority,N256C4,212,ZONE_C,False,0.0029397556836891804
QH-418753,14,7,4,392,267,3615,267,Medium Movement,0,0.4050566037735849,Medium Priority,N254C5,256,ZONE_B,True,0.004221187648374208
QH-410171,13,7,3,273,428,5200,428,Medium Movement,0,0.461754716981132,Medium Priority,N240C5,427,ZONE_B,True,0.0029397556836891804
QH-421353,5,17,20,1700,514,16505,514,Medium Movement,0,0.6626603773584905,Medium Priority,521822,514,ZONE_B,True,0.018306170924071816
QH-421360,26,7,20,3640,412,8022,412,Medium Movement,0,0.655056603773585,Medium Priority,522422,412,ZONE_B,True,0.03919674244918907
QH-423591,4,8,29,928,373,893,373,Medium Movement,0,0.5368679245283019,Medium Priority,511733,373,ZONE_B,True,0.009993015657375674
QH-423508,4,8,29,928,2635,11321,2635,High Movement,1,0.826377358490566,High Priority,512233,2633,ZONE_A,True,0.009993015657375674
QH-420489,20,4,7,560,131,1696,131,Low Movement,0,0.3289622641509434,Low Priority,522222,131,ZONE_C,False,0.00603026806910601
QH-420936,7,30,26,5460,2080,62923,2080,High Movement,1,0.9182264150943396,High Priority,533422,2077,ZONE_A,True,0.05879511367378361
QH-431201,1,1,1,1,207,2886,207,Medium Movement,0,0.308377358490566,Low Priority,514032,207,ZONE_C,False,1.0768335837689304e-05
QH-431324,1,1,1,1,230,3078,230,Medium Movement,0,0.321188679245283,Low Priority,514033,230,ZONE_C,False,1.0768335837689304e-05
QH-431089,1,1,1,1,132,1734,132,Low Movement,0,0.2439245283018867,Low Priority,514833,132,ZONE_C,False,1.0768335837689304e-05
QH-431096,1,1,1,1,153,1979,153,Medium Movement,0,0.2638679245283019,Low Priority,514832,153,ZONE_C,False,1.0768335837689304e-05
QH-432888,1,1,1,1,242,3253,242,Medium Movement,0,0.3277924528301887,Low Priority,514022,242,ZONE_C,False,1.0768335837689304e-05
QH-432963,29,7,9,1827,2454,42299,2454,High Movement,1,0.8885660377358491,High Priority,532523,2449,ZONE_A,True,0.01967374957545836
QH-432970,1,1,1,1,1174,8786,1174,High Movement,1,0.591811320754717,Medium Priority,533623,1174,ZONE_B,True,1.0768335837689304e-05
QH-433837,14,3,5,210,1349,8713,1349,High Movement,1,0.6443018867924528,Medium Priority,513533,1348,ZONE_B,True,0.002261350525914754
QH-433847,1,1,1,1,350,1748,350,Medium Movement,0,0.3829999999999999,Low Priority,514523,350,ZONE_C,False,1.0768335837689304e-05
QH-456341,23,5,5,575,157,2232,157,Medium Movement,0,0.3545849056603773,Low Priority,522223,157,ZONE_C,False,0.00619179310667135
QH-456747,1,1,1,1,2046,14883,2046,High Movement,1,0.660622641509434,Medium Priority,533523,1806,ZONE_B,True,1.0768335837689304e-05
QH-457140,22,4,8,704,27,396,27,Low Movement,0,0.2135471698113207,Low Priority,513133,27,ZONE_C,False,0.007580908429733271
QH-457164,24,10,6,1440,65,1044,65,Low Movement,0,0.3681132075471698,Low Priority,512322,65,ZONE_C,False,0.0155064036062726
QH-450257,1,1,1,1,214,2425,214,Medium Movement,0,0.3133962264150943,Low Priority,N256A2,214,ZONE_C,False,1.0768335837689304e-05
QH-450943,1,1,1,1,129,1492,129,Low Movement,0,0.2402264150943396,Low Priority,N256A3,129,ZONE_C,False,1.0768335837689304e-05
QH-450950,1,1,1,1,152,1706,152,Medium Movement,0,0.2624150943396226,Low Priority,N256A4,151,ZONE_C,False,1.0768335837689304e-05
QH-462328,18,4,6,432,79,1437,79,Low Movement,0,0.2593396226415094,Low Priority,521922,79,ZONE_C,False,0.00465192108188178
QH-462441,22,5,7,770,206,3061,206,Medium Movement,0,0.4253207547169811,Medium Priority,511423,206,ZONE_B,True,0.008291618595020764
QH-462774,29,7,9,1827,2727,37383,2727,High Movement,1,0.8959622641509433,High Priority,531922,2727,ZONE_A,True,0.01967374957545836
QH-466163,28,13,2,728,113,835,113,Low Movement,0,0.3375283018867924,Low Priority,512623,113,ZONE_C,False,0.007839348489837814
QH-466170,18,5,5,450,37,408,37,Low Movement,0,0.1983207547169811,Low Priority,514633,37,ZONE_C,False,0.004845751126960187
QH-466101,24,10,6,1440,20,195,20,Low Movement,0,0.2862264150943396,Low Priority,512522,16,ZONE_C,False,0.0155064036062726
QH-466234,1,1,1,1,114,1721,114,Low Movement,0,0.2287358490566037,Low Priority,514222,114,ZONE_C,False,1.0768335837689304e-05
QH-466258,24,12,11,3168,83,1056,83,Low Movement,0,0.4372264150943395,Medium Priority,511432,81,ZONE_B,True,0.03411408793379972
QH-466659,2,13,28,728,444,1224,444,Medium Movement,0,0.5347169811320753,Medium Priority,513033,444,ZONE_B,True,0.007839348489837814
QH-472822,24,10,6,1440,22,239,22,Low Movement,0,0.2907169811320754,Low Priority,522123,22,ZONE_C,False,0.0155064036062726
QH-489810,2,13,28,728,1612,3938,1612,High Movement,1,0.7452452830188678,Medium Priority,512733,1610,ZONE_B,True,0.007839348489837814
QH-401348,1,1,1,1,6,150,6,Low Movement,0,0.0518867924528301,Low Priority,N26423,5,ZONE_C,False,1.0768335837689304e-05
QH-401389,1,1,1,1,6,150,6,Low Movement,0,0.0518867924528301,Low Priority,N26622,5,ZONE_C,False,1.0768335837689304e-05
QH-405023,22,7,4,616,483,6162,483,Medium Movement,0,0.5407735849056603,Medium Priority,5153C2,479,ZONE_B,True,0.006633294876016612
QH-407517,23,8,6,1104,105,1075,105,Low Movement,0,0.3803962264150943,Low Priority,5143C4,105,ZONE_C,False,0.011888242764808992
QH-407524,19,4,7,532,145,1358,145,Low Movement,0,0.3352452830188679,Low Priority,5145C6,145,ZONE_C,False,0.00572875466565071
QH-408210,1,1,1,1,1886,38440,1886,High Movement,1,0.6511132075471697,Medium Priority,532923,1881,ZONE_B,True,1.0768335837689304e-05
QH-408098,1,1,1,1,164,2075,164,Medium Movement,0,0.2737735849056603,Low Priority,511322,162,ZONE_C,False,1.0768335837689304e-05
QH-408005,1,1,1,1,158,1989,158,Medium Movement,0,0.268754716981132,Low Priority,514823,158,ZONE_C,False,1.0768335837689304e-05
QH-400986,1,1,1,1,673,23120,673,High Movement,0,0.5033207547169811,Medium Priority,524422,673,ZONE_B,True,1.0768335837689304e-05
QH-400993,23,7,14,2254,534,11049,534,Medium Movement,0,0.6822641509433962,Medium Priority,522022,533,ZONE_B,True,0.024271828978151694
QH-400900,1,1,1,1,56,1216,56,Low Movement,0,0.1617735849056603,Low Priority,523622,56,ZONE_C,False,1.0768335837689304e-05
QH-400016,13,32,20,8320,333,3440,333,Medium Movement,0,0.6398490566037736,Medium Priority,523722,332,ZONE_B,True,0.08959255416957501
QH-400023,1,1,1,1,823,27981,823,High Movement,0,0.537,Medium Priority,525123,822,ZONE_B,True,1.0768335837689304e-05
QH-400030,26,11,8,2288,588,12500,588,Medium Movement,0,0.7005471698113208,Medium Priority,522723,586,ZONE_B,True,0.024637952396633127
QH-400047,1,1,1,1,512,12715,512,Medium Movement,0,0.4539245283018868,Medium Priority,524322,510,ZONE_B,True,1.0768335837689304e-05
QH-400054,6,32,40,7680,607,5832,607,Medium Movement,0,0.7466981132075472,Medium Priority,525222,607,ZONE_B,True,0.08270081923345385
QH-527927,33,10,19,6270,2301,20770,2301,High Movement,1,0.930754716981132,High Priority,532922,2299,ZONE_A,True,0.06751746570231193
QH-566872,16,29,6,2784,3356,111049,3356,High Movement,3,0.928867924528302,High Priority,533423,3353,ZONE_A,True,0.029979046972127027
QH-568807,22,5,7,770,214,2610,214,Medium Movement,0,0.4307358490566038,Medium Priority,511922,214,ZONE_B,True,0.008291618595020764
QH-568937,21,5,7,735,131,1541,131,Low Movement,0,0.3548301886792452,Low Priority,512422,131,ZONE_C,False,0.007914726840701639
QH-506816,8,10,10,800,334,4123,334,Medium Movement,0,0.4983962264150943,Medium Priority,512222,334,ZONE_B,True,0.008614668670151444
QH-507509,23,5,8,920,6,60,6,Low Movement,0,0.1943018867924528,Low Priority,513432,6,ZONE_C,False,0.00990686897067416
QH-507057,15,8,5,600,143,2294,143,Low Movement,0,0.3473018867924528,Low Priority,N26433,143,ZONE_C,False,0.006461001502613584
QH-508153,1,1,1,1,153,2758,153,Medium Movement,0,0.2638679245283019,Low Priority,N25823,153,ZONE_C,False,1.0768335837689304e-05
QH-500463,1,1,1,1,29,477,29,Low Movement,0,0.1129056603773584,Low Priority,533823,29,ZONE_C,False,1.0768335837689304e-05
QH-500494,1,1,1,1,3,16,3,Low Movement,0,0.0401320754716981,Low Priority,532823,3,ZONE_C,False,1.0768335837689304e-05
QH-500531,16,29,6,2784,1857,50709,1857,High Movement,1,0.8803962264150943,High Priority,533122,1851,ZONE_A,True,0.029979046972127027
QH-610211,41,33,11,14883,11,84,11,Low Movement,0,0.3389433962264151,Low Priority,531623,11,ZONE_C,False,0.1602651422723299
QH-818798,18,4,6,432,33,386,33,Low Movement,0,0.1880188679245282,Low Priority,512023,32,ZONE_C,False,0.00465192108188178
QH-827905,22,6,6,792,139,4162,139,Low Movement,0,0.3719245283018867,Low Priority,524923,130,ZONE_C,False,0.00852852198344993
QH-832220,18,4,6,432,1353,19940,1353,High Movement,1,0.6784150943396225,Medium Priority,511332,1353,ZONE_B,True,0.00465192108188178
QH-832244,23,6,8,1104,805,12076,805,High Movement,0,0.6944716981132075,Medium Priority,511822,805,ZONE_B,True,0.011888242764808992
QH-832268,29,7,9,1827,128,1339,128,Low Movement,0,0.4500754716981132,Medium Priority,5145C2,128,ZONE_B,True,0.01967374957545836
QH-832305,18,6,5,540,1264,19046,1264,High Movement,1,0.6857924528301886,Medium Priority,513323,924,ZONE_B,True,0.005814901352352225
QH-832428,22,5,7,770,697,10673,697,High Movement,0,0.6258113207547169,Medium Priority,511023,697,ZONE_B,True,0.008291618595020764
QH-832442,23,10,6,1380,66,661,66,Low Movement,0,0.3677735849056603,Low Priority,512622,66,ZONE_C,False,0.01486030345601124
QH-833563,13,7,3,273,82,1249,82,Low Movement,0,0.2407924528301886,Low Priority,N240A3,55,ZONE_C,False,0.0029397556836891804
QH-847781,22,7,4,616,3,34,3,Low Movement,0,0.1359622641509433,Low Priority,5149C3,3,ZONE_C,False,0.006633294876016612
QH-851320,8,10,10,800,486,6541,486,Medium Movement,0,0.5677358490566038,Medium Priority,512122,486,ZONE_B,True,0.008614668670151444
QH-855666,1,1,1,1,882,17170,882,High Movement,0,0.5508679245283019,Medium Priority,524222,528,ZONE_B,True,1.0768335837689304e-05
QH-856684,1,1,1,1,5234,262171,5234,High Movement,3,0.7191320754716981,Medium Priority,532723,5225,ZONE_B,True,1.0768335837689304e-05
QH-864161,17,6,6,612,1188,55853,1188,High Movement,1,0.6895471698113207,Medium Priority,N23522,1184,ZONE_B,True,0.006590221532665854
QH-864178,14,5,5,350,4316,174237,4316,High Movement,3,0.7637169811320754,Medium Priority,N23322,4314,ZONE_B,True,0.0037689175431912564
QH-801364,11,7,7,539,46,590,46,Low Movement,0,0.2296037735849056,Low Priority,N240A5,44,ZONE_C,False,0.005804133016514536
QH-914772,2,12,29,696,865,7004,865,High Movement,0,0.6496981132075471,Medium Priority,513723,869,ZONE_B,True,0.007494761743031757
QH-914895,2,13,28,728,203,389,203,Medium Movement,0,0.416377358490566,Medium Priority,514322,203,ZONE_B,True,0.007839348489837814
QH-916691,24,10,6,1440,25,267,25,Low Movement,0,0.2978490566037736,Low Priority,513632,24,ZONE_C,False,0.0155064036062726
QH-916721,22,6,6,792,1,1,1,Low Movement,0,0.1512264150943396,Low Priority,512062,1,ZONE_C,False,0.00852852198344993
QH-919164,1,1,1,1,200,3396,200,Medium Movement,0,0.3038867924528302,Low Priority,N26822,200,ZONE_C,False,1.0768335837689304e-05
QH-921195,21,32,11,7392,68,2332,68,Low Movement,0,0.4415283018867924,Medium Priority,532622,63,ZONE_B,True,0.07959953851219934
QH-934150,10,12,14,1680,70,548,70,Low Movement,0,0.3884905660377358,Low Priority,534323,70,ZONE_C,False,0.018090804207318033
QH-945385,22,6,13,1716,112,1001,112,Low Movement,0,0.4349245283018867,Medium Priority,533333,112,ZONE_B,True,0.018478464297474847
QH-945736,25,9,8,1800,52,400,52,Low Movement,0,0.3679056603773585,Low Priority,533133,52,ZONE_C,False,0.019383004507840747
QH-948357,23,5,6,690,556,8029,556,Medium Movement,0,0.5720754716981131,Medium Priority,513333,556,ZONE_B,True,0.00743015172800562
QH-948364,19,5,5,475,1,12,1,Low Movement,0,0.103566037735849,Low Priority,512333,1,ZONE_C,False,0.00511495952290242
QH-940252,1,1,1,1,183,2130,183,Medium Movement,0,0.2909433962264151,Low Priority,N254A2,183,ZONE_C,False,1.0768335837689304e-05
QH-940283,13,6,5,390,682,8751,682,High Movement,0,0.5641320754716981,Medium Priority,N254C3,680,ZONE_B,True,0.004199650976698829
QH-940313,13,7,3,273,362,4903,362,Medium Movement,0,0.4325660377358491,Medium Priority,N252C2,361,ZONE_B,True,0.0029397556836891804
QH-940320,13,5,5,325,561,6895,561,Medium Movement,0,0.5197547169811321,Medium Priority,N25033,561,ZONE_B,True,0.003499709147249024
QH-940344,13,7,3,273,637,8442,637,High Movement,0,0.5359811320754717,Medium Priority,N256C2,637,ZONE_B,True,0.0029397556836891804
QH-940009,14,25,2,700,428,1055,428,Medium Movement,0,0.5228867924528302,Medium Priority,512633,426,ZONE_B,True,0.007537835086382513
QH-951111,19,4,6,456,831,12012,831,High Movement,0,0.6098113207547169,Medium Priority,512323,831,ZONE_B,True,0.004910361141986322
QH-951135,22,5,7,770,494,6838,494,Medium Movement,0,0.5653207547169811,Medium Priority,513523,494,ZONE_B,True,0.008291618595020764
QH-951159,23,7,10,1610,117,1668,117,Low Movement,0,0.4372830188679245,Medium Priority,511932,116,ZONE_B,True,0.01733702069867978
QH-951678,18,4,6,432,743,11088,743,High Movement,0,0.5841132075471698,Medium Priority,511433,743,ZONE_B,True,0.00465192108188178
QH-951692,22,5,7,770,384,5398,384,Medium Movement,0,0.5155283018867924,Medium Priority,511033,384,ZONE_B,True,0.008291618595020764
QH-951715,23,10,7,1610,52,918,52,Low Movement,0,0.3621320754716981,Low Priority,511632,52,ZONE_C,False,0.01733702069867978
QH-951722,3,9,30,810,40,371,40,Low Movement,0,0.2594528301886792,Low Priority,511533,30,ZONE_C,False,0.008722352028528337
QH-951739,23,5,6,690,413,5640,413,Medium Movement,0,0.5172641509433962,Medium Priority,512532,413,ZONE_B,True,0.00743015172800562
QH-953397,21,24,14,7056,20,271,20,Low Movement,0,0.3523962264150943,Low Priority,531822,20,ZONE_C,False,0.07598137767073573
QH-956888,13,7,4,364,22,139,22,Low Movement,0,0.152377358490566,Low Priority,533522,22,ZONE_C,False,0.003919674244918907
QH-975858,19,5,5,475,147,1525,147,Low Movement,0,0.3319245283018868,Low Priority,N252A5,147,ZONE_C,False,0.00511495952290242
QH-975865,19,5,5,475,141,1989,141,Low Movement,0,0.3257169811320755,Low Priority,N254A3,140,ZONE_C,False,0.00511495952290242
QH-975889,19,5,5,475,183,2336,183,Medium Movement,0,0.3644150943396226,Low Priority,N254A4,182,ZONE_C,False,0.00511495952290242
QH-977418,24,12,11,3168,91,1039,91,Low Movement,0,0.4430377358490566,Medium Priority,5151C4,91,ZONE_B,True,0.03411408793379972
QH-977401,24,12,11,3168,68,884,68,Low Movement,0,0.4170188679245282,Medium Priority,5149C6,68,ZONE_B,True,0.03411408793379972
QH-984294,12,12,4,576,3,18,3,Low Movement,0,0.1292830188679245,Low Priority,522232,3,ZONE_C,False,0.00620256144250904
QH-984416,17,5,5,425,112,1091,112,Low Movement,0,0.2909245283018868,Low Priority,522233,112,ZONE_C,False,0.004576542731017954
QH-984812,1,1,1,1,464,2106,464,Medium Movement,0,0.4342452830188679,Medium Priority,514522,464,ZONE_B,True,1.0768335837689304e-05
QH-985404,21,29,13,7917,8,42,8,Low Movement,0,0.3221698113207547,Low Priority,532823,8,ZONE_C,False,0.08525291482698623
QH-993685,1,1,1,1,218,1128,218,Medium Movement,0,0.3151132075471698,Low Priority,514133,218,ZONE_C,False,1.0768335837689304e-05
QH-994536,1,1,1,1,106,1618,106,Low Movement,0,0.2204150943396226,Low Priority,N252A2,106,ZONE_C,False,1.0768335837689304e-05
QH-995465,1,1,1,1,161,2523,161,Medium Movement,0,0.2715283018867924,Low Priority,N26023,161,ZONE_C,False,1.0768335837689304e-05
QH-996226,1,1,1,1,101,1632,101,Low Movement,0,0.2159245283018867,Low Priority,N26833,101,ZONE_C,False,1.0768335837689304e-05
QH-996264,1,1,1,1,184,2717,184,Medium Movement,0,0.292,Low Priority,N26033,183,ZONE_C,False,1.0768335837689304e-05
QH-996202,1,1,1,1,173,2391,173,Medium Movement,0,0.2819622641509434,Low Priority,N25832,172,ZONE_C,False,1.0768335837689304e-05
QH-996363,1,1,1,1,186,3083,186,Medium Movement,0,0.2926603773584905,Low Priority,N26422,186,ZONE_C,False,1.0768335837689304e-05
QH-996967,1,1,1,1,166,2290,166,Medium Movement,0,0.2752264150943396,Low Priority,533023,166,ZONE_C,False,1.0768335837689304e-05
QH-904599,24,13,11,3432,6,66,6,Low Movement,0,0.2926226415094339,Low Priority,534223,6,ZONE_C,False,0.036956928594949694
QH-905572,2,13,28,728,734,2428,734,High Movement,0,0.6255849056603773,Medium Priority,513733,726,ZONE_B,True,0.007839348489837814
QH-905596,19,4,7,532,14,360,14,Low Movement,0,0.1576037735849056,Low Priority,512822,14,ZONE_C,False,0.00572875466565071
QH-905503,23,5,24,2760,107,1458,107,Low Movement,0,0.4526792452830189,Medium Priority,512223,107,ZONE_B,True,0.02972060691202248
QH-905626,24,10,6,1440,116,1178,116,Low Movement,0,0.4266226415094339,Medium Priority,511732,116,ZONE_B,True,0.0155064036062726
QH-909990,1,1,1,1,328,3773,328,Medium Movement,0,0.3733584905660377,Low Priority,N25032,182,ZONE_C,False,1.0768335837689304e-05
QH-900140,1,1,1,1,575,7677,575,Medium Movement,0,0.474,Medium Priority,N26032,574,ZONE_B,True,1.0768335837689304e-05
QH-015194,42,33,11,15246,180,2654,180,Medium Movement,0,0.5599245283018868,Medium Priority,531222,166,ZONE_B,True,0.16417404818141115
QH-015107,22,7,4,616,177,2145,177,Medium Movement,0,0.380566037735849,Low Priority,514922,177,ZONE_C,False,0.006633294876016612
QH-015220,23,6,6,828,131,1348,131,Low Movement,0,0.3683018867924528,Low Priority,515323,131,ZONE_C,False,0.008916182073606744
QH-015466,22,7,4,616,1,12,1,Low Movement,0,0.1259245283018867,Low Priority,5151C3,1,ZONE_C,False,0.006633294876016612
QH-015633,23,6,6,828,226,3067,226,Medium Movement,0,0.4447735849056603,Medium Priority,5151C5,226,ZONE_B,True,0.008916182073606744
QH-017583,29,7,10,2030,2902,39447,2902,High Movement,1,0.9053018867924528,High Priority,531722,2902,ZONE_A,True,0.02185972175050929
QH-010007,31,21,13,8463,180,3027,180,Medium Movement,0,0.5533018867924528,Medium Priority,532822,172,ZONE_B,True,0.09113242619436458
QH-027676,9,6,10,540,4838,54255,4838,High Movement,3,0.7980566037735848,Medium Priority,N23122,3107,ZONE_B,True,0.005814901352352225
QH-044604,1,1,1,1,227,3359,227,Medium Movement,0,0.3201320754716981,Low Priority,534222,227,ZONE_C,False,1.0768335837689304e-05
QH-044606,1,1,1,1,151,1519,151,Medium Movement,0,0.2610943396226415,Low Priority,534423,151,ZONE_C,False,1.0768335837689304e-05
QH-052175,21,11,21,4851,130,3852,130,Low Movement,0,0.4944150943396226,Medium Priority,531023,129,ZONE_B,True,0.052237197148630815
QH-052267,42,31,11,14322,137,2534,137,Low Movement,0,0.5195849056603774,Medium Priority,531223,124,ZONE_B,True,0.15422410586738622
QH-067148,10,11,11,1210,95,15110,95,Low Movement,0,0.3882830188679245,Low Priority,532222,81,ZONE_C,False,0.01302968636360406
QH-003213,13,7,3,273,318,3538,318,Medium Movement,0,0.4127547169811321,Medium Priority,N240C3,318,ZONE_B,True,0.0029397556836891804
QH-003244,19,5,5,475,257,2753,257,Medium Movement,0,0.4119622641509433,Medium Priority,N26633,257,ZONE_B,True,0.00511495952290242
QH-003275,19,5,5,475,217,2475,217,Medium Movement,0,0.3879245283018868,Low Priority,N254C2,217,ZONE_C,False,0.00511495952290242
QH-003206,19,5,5,475,294,3445,294,Medium Movement,0,0.4319056603773584,Medium Priority,N252C3,294,ZONE_B,True,0.00511495952290242
S2-116915,13,8,8,832,18,197,18,Low Movement,0,0.2130754716981132,Low Priority,151427,18,ZONE_C,False,0.008959255416957503
S2-124798,17,9,9,1377,2,6,2,Low Movement,0,0.2282830188679245,Low Priority,154827,2,ZONE_C,False,0.014827998448498173
S2-149111,1,1,1,1,3,30,3,Low Movement,0,0.0401320754716981,Low Priority,155426,3,ZONE_C,False,1.0768335837689304e-05
S2-320305,115,8,8,7360,40,616,40,Low Movement,0,0.3983584905660377,Low Priority,151426,40,ZONE_C,False,0.07925495176539328
S2-320411,15,8,8,960,39,770,39,Low Movement,0,0.2797358490566037,Low Priority,151425,38,ZONE_C,False,0.010337602404181731
S2-320428,17,9,9,1377,23,307,23,Low Movement,0,0.2904905660377358,Low Priority,154826,23,ZONE_C,False,0.014827998448498173
S2-320442,17,9,9,1377,19,309,19,Low Movement,0,0.2807169811320755,Low Priority,155423,19,ZONE_C,False,0.014827998448498173
S8-11276,28,4,7,784,85,1906,85,Low Movement,0,0.3214339622641509,Low Priority,392233,85,ZONE_C,False,0.008442375296748416
S8-21661,4,18,6,432,45,3029,45,Low Movement,0,0.2131132075471697,Low Priority,391822,45,ZONE_C,False,0.00465192108188178
S8-21785,4,24,14,1344,201,9255,201,Medium Movement,0,0.4932830188679244,Medium Priority,391922,201,ZONE_B,True,0.014472643365854427
S8-21780,4,24,14,1344,102,5083,102,Low Movement,0,0.4059811320754717,Medium Priority,391923,102,ZONE_B,True,0.014472643365854427
S8-21918,5,31,14,2170,102,3617,102,Low Movement,0,0.4376792452830188,Medium Priority,391022,101,ZONE_B,True,0.02336728876778579
S8-22160,22,6,6,792,276,10250,276,Medium Movement,0,0.4717735849056603,Medium Priority,391023,241,ZONE_B,True,0.00852852198344993
S8-22171,7,22,40,6160,116,1224,116,Low Movement,0,0.490188679245283,Medium Priority,392122,116,ZONE_B,True,0.06633294876016611
S8-22979,5,31,14,2170,6,60,6,Low Movement,0,0.2725849056603773,Low Priority,3019C3,6,ZONE_C,False,0.02336728876778579
S8-22981,5,31,14,2170,4,60,4,Low Movement,0,0.2650566037735849,Low Priority,3019C5,4,ZONE_C,False,0.02336728876778579
S8-81139,29,5,6,870,67,1804,67,Low Movement,0,0.3095094339622641,Low Priority,392433,67,ZONE_C,False,0.009368452178789696
S8-81146,29,4,8,928,39,1032,39,Low Movement,0,0.2770754716981132,Low Priority,392532,39,ZONE_C,False,0.009993015657375674
S8-81160,29,4,7,812,70,1837,70,Low Movement,0,0.3057924528301886,Low Priority,392632,70,ZONE_C,False,0.008743888700203716
S8A7121165,6,17,37,3774,282,4415,282,Medium Movement,0,0.5963018867924528,Medium Priority,392123,282,ZONE_B,True,0.040639699451439436
S8A7121173,6,18,36,3888,333,7201,333,Medium Movement,0,0.6196981132075472,Medium Priority,392222,328,ZONE_B,True,0.041867289736936014
T2-13126,8,15,6,720,554,15898,554,Medium Movement,0,0.5749622641509433,Medium Priority,392322,554,ZONE_B,True,0.0077532018031363
T2-13565,14,4,11,616,356,11154,356,Medium Movement,0,0.4822641509433962,Medium Priority,391622,356,ZONE_B,True,0.006633294876016612
T2-13570,16,7,7,784,256,7914,256,Medium Movement,0,0.4573396226415094,Medium Priority,391423,256,ZONE_B,True,0.008442375296748416
T2-3801,15,10,10,1500,188,3094,188,Medium Movement,0,0.4936603773584905,Medium Priority,392522,187,ZONE_B,True,0.01615250375653396
T2-44475,4,20,11,880,46,353,46,Low Movement,0,0.2824716981132075,Low Priority,3021A2,46,ZONE_C,False,0.009476135537166587
T2-44775,4,20,11,880,42,298,42,Low Movement,0,0.2753396226415094,Low Priority,3021A3,42,ZONE_C,False,0.009476135537166587
T2-5413681,17,11,7,1309,392,9899,392,Medium Movement,0,0.5879245283018868,Medium Priority,392323,392,ZONE_B,True,0.0140957516115353
T2-64775,4,20,11,880,4,27,4,Low Movement,0,0.178,Low Priority,3021A4,4,ZONE_C,False,0.009476135537166587
T2-99545,4,20,11,880,6,28,6,Low Movement,0,0.1855283018867924,Low Priority,3021A5,6,ZONE_C,False,0.009476135537166587
T2-99945,6,21,7,882,23,162,23,Low Movement,0,0.2334905660377358,Low Priority,3021C2,23,ZONE_C,False,0.009497672208841967
T2-99045,1,1,1,1,17,127,17,Low Movement,0,0.0829245283018867,Low Priority,3021C3,17,ZONE_C,False,1.0768335837689304e-05
T202441190,5,6,15,450,714,27092,714,High Movement,0,0.5814716981132075,Medium Priority,392223,713,ZONE_B,True,0.004845751126960187
T2-04175,4,20,11,880,9,68,9,Low Movement,0,0.1958301886792453,Low Priority,3021C4,9,ZONE_C,False,0.009476135537166587
T2-04475,4,20,11,880,3,15,3,Low Movement,0,0.1737735849056603,Low Priority,3019A2,3,ZONE_C,False,0.009476135537166587
T2-04485,1,1,1,1,2,14,2,Low Movement,0,0.0357735849056603,Low Priority,3021C5,2,ZONE_C,False,1.0768335837689304e-05
T7-15411,16,7,7,784,363,5724,363,Medium Movement,0,0.5088490566037736,Medium Priority,145223,363,ZONE_B,True,0.008442375296748416
T7-18864,1,1,1,1,4630,481119,4630,High Movement,3,0.713188679245283,Medium Priority,145422,4586,ZONE_B,True,1.0768335837689304e-05
T7-22155,17,7,7,833,686,12852,686,High Movement,0,0.6357169811320753,Medium Priority,145222,685,ZONE_B,True,0.008970023752795191
T7-22157,16,7,7,784,859,14871,859,High Movement,0,0.6632452830188679,Medium Priority,144022,857,ZONE_B,True,0.008442375296748416
T7-99672,16,7,7,784,3631,185349,3631,High Movement,3,0.8223962264150942,High Priority,144823,3600,ZONE_A,True,0.008442375296748416
T8-14729,15,7,7,735,2311,72584,2311,High Movement,1,0.7836792452830188,Medium Priority,142822,2304,ZONE_B,True,0.007914726840701639
T8-14743,15,7,7,735,1879,53031,1879,High Movement,1,0.7620188679245282,Medium Priority,142623,1876,ZONE_B,True,0.007914726840701639
T8-15115,15,7,7,735,1901,52514,1901,High Movement,1,0.764132075471698,Medium Priority,142823,1900,ZONE_B,True,0.007914726840701639
T8-62113,1,1,1,1,79,1965,79,Low Movement,0,0.1933396226415094,Low Priority,151222,79,ZONE_C,False,1.0768335837689304e-05
T8-62114,1,1,1,1,78,1964,78,Low Movement,0,0.191754716981132,Low Priority,151223,78,ZONE_C,False,1.0768335837689304e-05
T9-14328,1,1,1,1,10,80,10,Low Movement,0,0.0650943396226415,Low Priority,194633,6,ZONE_C,False,1.0768335837689304e-05
T9-143528,10,8,5,400,772,11510,772,High Movement,0,0.5865283018867925,Medium Priority,195422,421,ZONE_B,True,0.004307334335075722
T9-143535,10,5,11,550,878,14891,878,High Movement,0,0.635320754716981,Medium Priority,193832,465,ZONE_B,True,0.005922584710729118
T9-14355,1,1,1,1,45,1630,45,Low Movement,0,0.1471132075471698,Low Priority,193323,42,ZONE_C,False,1.0768335837689304e-05
T9-143566,14,8,3,336,538,26978,538,Medium Movement,0,0.513245283018868,Medium Priority,193833,275,ZONE_B,True,0.0036181608414636067
T9-14302,14,13,7,1274,435,11271,435,Medium Movement,0,0.6049245283018868,Medium Priority,193533,277,ZONE_B,True,0.013718859857216175
T9-143030,19,19,6,2166,83,1725,83,Low Movement,0,0.4196226415094339,Medium Priority,194323,77,ZONE_B,True,0.023324215424435035
T9-144389,17,8,29,3944,129,8736,129,Low Movement,0,0.4854905660377358,Medium Priority,781332,61,ZONE_B,True,0.042470316543846615
T9-145294,8,7,6,336,3433,165214,3433,High Movement,3,0.7493962264150943,Medium Priority,194022,2120,ZONE_B,True,0.0036181608414636067
T9-145379,26,6,16,2496,129,1328,129,Low Movement,0,0.4669811320754716,Medium Priority,194422,105,ZONE_B,True,0.026877766250872508
T9-14670,18,5,6,540,1138,20610,1138,High Movement,1,0.6712641509433962,Medium Priority,194023,599,ZONE_B,True,0.005814901352352225
T9-14686,17,12,8,1632,730,174449,730,High Movement,0,0.7201698113207546,Medium Priority,193422,611,ZONE_B,True,0.017573924087108946
T9-14724,9,9,10,810,1,0,1,Low Movement,0,0.1536603773584905,Low Priority,194232,1,ZONE_C,False,0.008722352028528337
T9-14746,33,9,10,2970,9,56,9,Low Movement,0,0.2957358490566038,Low Priority,194534,6,ZONE_C,False,0.03198195743793723
T9-14765,15,7,6,630,874,35250,874,High Movement,0,0.646433962264151,Medium Priority,195322,467,ZONE_B,True,0.006784051577744262
T9-14771,13,6,16,1248,402,19284,402,Medium Movement,0,0.5883018867924528,Medium Priority,193832,239,ZONE_B,True,0.013438883125436254
T9-14772,1,1,1,1,359,14227,359,Medium Movement,0,0.3870943396226415,Low Priority,194432,338,ZONE_C,False,1.0768335837689304e-05
T9-14776,13,12,6,936,560,17873,560,Medium Movement,0,0.6141320754716981,Medium Priority,193633,291,ZONE_B,True,0.010079162344077188
T9-14779,1,1,1,1,405,17494,405,Medium Movement,0,0.4080943396226414,Medium Priority,193033,249,ZONE_B,True,1.0768335837689304e-05
T9-14882,1,1,1,1,42,1823,42,Low Movement,0,0.1416981132075471,Low Priority,191492,5,ZONE_C,False,1.0768335837689304e-05
T9-17962,1,1,1,1,44,1958,44,Low Movement,0,0.1452641509433962,Low Priority,193222,44,ZONE_C,False,1.0768335837689304e-05
T9-17902,1,1,1,1,52,2048,52,Low Movement,0,0.1572830188679245,Low Priority,194532,45,ZONE_C,False,1.0768335837689304e-05
T9-23745,21,14,25,7350,33,4480,33,Low Movement,0,0.384377358490566,Low Priority,712133,2,ZONE_C,False,0.07914726840701639
T9-32338,14,7,8,784,14,787,14,Low Movement,0,0.1972830188679245,Low Priority,195523,14,ZONE_C,False,0.008442375296748416
T9-32353,10,11,5,550,20,1056,20,Low Movement,0,0.1763584905660377,Low Priority,193833,20,ZONE_C,False,0.005922584710729118
T9-32416,12,7,4,336,3151,108696,3151,High Movement,1,0.744377358490566,Medium Priority,194123,1851,ZONE_B,True,0.0036181608414636067
T9-32434,19,7,14,1862,55,32736,55,Low Movement,0,0.3719245283018867,Low Priority,193432,3,ZONE_C,False,0.020050641329777488
T9-32461,15,12,17,3060,55,2992,55,Low Movement,0,0.3945660377358491,Low Priority,781732,39,ZONE_C,False,0.03295110766332927
T9-32460,14,1,1,14,113,6090,113,Low Movement,0,0.2542075471698113,Low Priority,781333,55,ZONE_C,False,0.00015075670172765026
T9-32489,1,1,1,1,298,12603,298,Medium Movement,0,0.3597547169811321,Low Priority,194132,186,ZONE_C,False,1.0768335837689304e-05
T9-32552,1,1,1,1,13,3170,13,Low Movement,0,0.0743396226415094,Low Priority,711993,2,ZONE_C,False,1.0768335837689304e-05
T9-32584,1,1,1,1,82,1552,82,Low Movement,0,0.1970377358490566,Low Priority,195433,59,ZONE_C,False,1.0768335837689304e-05
T9-32678,1,1,1,1,18,2497,18,Low Movement,0,0.0854339622641509,Low Priority,192153,1,ZONE_C,False,1.0768335837689304e-05
T9-37420,17,8,8,1088,2424,105191,2424,High Movement,1,0.8335471698113207,High Priority,193723,2046,ZONE_A,True,0.011715949391405963
T9-37431,16,9,7,1008,23,915,23,Low Movement,0,0.2497924528301886,Low Priority,194133,14,ZONE_C,False,0.01085448252439082
T9-37819,15,8,7,840,5264,358944,5264,High Movement,3,0.8499811320754717,High Priority,194522,2549,ZONE_A,True,0.009045402103659016
T9-37810,16,8,8,1024,1513,53715,1513,High Movement,1,0.7813207547169811,Medium Priority,194922,872,ZONE_B,True,0.011026775897793847
T9-41241,14,7,6,588,860,41067,860,High Movement,0,0.6361698113207547,Medium Priority,195223,523,ZONE_B,True,0.006331781472561311
T9-45645,17,9,8,1224,1068,19318,1068,High Movement,1,0.7591132075471697,Medium Priority,195122,617,ZONE_B,True,0.013180443065331709
T9-45652,15,4,10,600,414,9505,414,Medium Movement,0,0.5069811320754717,Medium Priority,193933,230,ZONE_B,True,0.006461001502613584
T9-45669,16,5,11,880,474,11115,474,Medium Movement,0,0.5709245283018868,Medium Priority,193932,265,ZONE_B,True,0.009476135537166587
T9-45843,21,10,9,1890,825,15793,825,High Movement,0,0.7497924528301887,Medium Priority,195222,468,ZONE_B,True,0.020352154733232788
T9-45850,11,18,48,9504,3465,70886,3465,High Movement,3,0.9653207547169812,High Priority,193823,2057,ZONE_A,True,0.10234226380139914
T9-45966,13,9,8,936,1364,21233,1364,High Movement,1,0.7580943396226414,Medium Priority,194923,813,ZONE_B,True,0.010079162344077188
T9-46765,17,8,8,1088,1683,41070,1683,High Movement,1,0.7968301886792453,Medium Priority,194723,1201,ZONE_B,True,0.011715949391405963
T9-47601,24,20,8,3840,2077,83569,2077,High Movement,1,0.9059056603773584,High Priority,194822,1283,ZONE_A,True,0.041350409616726924
T9-47731,11,14,8,1232,3039,106382,3039,High Movement,1,0.8716603773584906,High Priority,194122,1835,ZONE_A,True,0.013266589752033224
T9-48127,1,1,1,1,261,5630,261,Medium Movement,0,0.3412641509433962,Low Priority,193322,261,ZONE_C,False,1.0768335837689304e-05
T9-52411,1,1,1,1,29,847,29,Low Movement,0,0.1129056603773584,Low Priority,194332,17,ZONE_C,False,1.0768335837689304e-05
T9-52412,1,1,1,1,66,1247,66,Low Movement,0,0.1749811320754716,Low Priority,195323,42,ZONE_C,False,1.0768335837689304e-05
T9-52417,1,1,1,1,242,4474,242,Medium Movement,0,0.3277924528301887,Low Priority,194433,166,ZONE_C,False,1.0768335837689304e-05
T9-74143,13,12,6,936,599,15488,599,Medium Movement,0,0.6262830188679245,Medium Priority,193532,390,ZONE_B,True,0.010079162344077188
T9-741461,9,15,8,1080,4765,89267,4765,High Movement,3,0.8707735849056604,High Priority,193623,2877,ZONE_A,True,0.01162980270470445
T9-741521,10,7,6,420,2363,64003,2363,High Movement,1,0.7370566037735848,Medium Priority,194623,1426,ZONE_B,True,0.004522701051829508
T9-741531,10,7,6,420,2101,83473,2101,High Movement,1,0.7278113207547169,Medium Priority,194722,1297,ZONE_B,True,0.004522701051829508
T9-74172,11,9,8,792,2221,35149,2221,High Movement,1,0.7884905660377358,Medium Priority,193523,1357,ZONE_B,True,0.00852852198344993
T9-77022,20,10,7,1400,1184,39586,1184,High Movement,1,0.7873962264150943,Medium Priority,195123,733,ZONE_B,True,0.015075670172765026
T9-78196-3,10,8,5,400,59,542,59,Low Movement,0,0.2267547169811321,Low Priority,194524,51,ZONE_C,False,0.004307334335075722
T979221412,10,9,8,720,3818,91029,3818,High Movement,3,0.812566037735849,High Priority,193922,2353,ZONE_A,True,0.0077532018031363
T979221403,24,20,8,3840,872,2261,872,High Movement,0,0.7920566037735849,Medium Priority,195423,523,ZONE_B,True,0.041350409616726924
T979221511,14,11,8,1232,6681,931908,6681,High Movement,3,0.9057358490566038,High Priority,194422,3071,ZONE_A,True,0.013266589752033224
T979221537,12,10,10,1200,4777,131824,4777,High Movement,3,0.8913018867924528,High Priority,193622,2951,ZONE_A,True,0.012922003005227167
T979221545,11,10,10,1100,2757,70680,2757,High Movement,1,0.8452452830188678,High Priority,194222,1722,ZONE_A,True,0.011845169421458236
T979221578,10,9,9,810,3426,85690,3426,High Movement,3,0.8216981132075472,High Priority,193023,2134,ZONE_A,True,0.008722352028528337
T979221586,15,6,6,540,2588,101342,2588,High Movement,1,0.7637169811320754,Medium Priority,193822,1609,ZONE_B,True,0.005814901352352225
T979221700,19,6,10,1140,350,10586,350,Medium Movement,0,0.549754716981132,Medium Priority,193733,211,ZONE_B,True,0.012275902854965806
T979221826,9,8,8,576,3056,57998,3056,High Movement,1,0.7801509433962264,Medium Priority,193022,1785,ZONE_B,True,0.00620256144250904
T979221834,10,9,9,810,3124,61044,3124,High Movement,1,0.8164150943396227,High Priority,193923,1913,ZONE_A,True,0.008722352028528337
T979221842,11,10,10,1100,4491,99270,4491,High Movement,3,0.8727169811320754,High Priority,193722,2743,ZONE_A,True,0.011845169421458236
T979221891,13,9,8,936,1538,52159,1538,High Movement,1,0.7752641509433962,Medium Priority,194823,928,ZONE_B,True,0.010079162344077188
T979221809,19,12,8,1824,3292,171715,3292,High Movement,3,0.9064528301886792,High Priority,193522,2065,ZONE_A,True,0.01964144456794529
T979221925,23,21,8,3864,1840,27420,1840,High Movement,1,0.8910188679245283,High Priority,194322,1139,ZONE_A,True,0.041608849676831476
T979221959,15,4,10,600,1924,43398,1924,High Movement,1,0.7469622641509435,Medium Priority,194622,1135,ZONE_B,True,0.006461001502613584
T979221950,14,10,8,1120,2375,43121,2375,High Movement,1,0.8351698113207546,High Priority,194223,1402,ZONE_A,True,0.01206053613821202
TU-10329,1,1,1,1,44,1404,44,Low Movement,0,0.1452641509433962,Low Priority,392722,25,ZONE_C,False,1.0768335837689304e-05
TU-10320,1,1,1,1,39,894,39,Low Movement,0,0.1332452830188679,Low Priority,392023,23,ZONE_C,False,1.0768335837689304e-05
TU-10559,17,5,11,935,30,1669,30,Low Movement,0,0.2599433962264151,Low Priority,391833,30,ZONE_C,False,0.010068394008239499
TU-10550,17,5,11,935,27,1088,27,Low Movement,0,0.2521509433962264,Low Priority,392833,15,ZONE_C,False,0.010068394008239499
TU-10562,17,5,11,935,40,1992,40,Low Movement,0,0.2802830188679245,Low Priority,393223,40,ZONE_C,False,0.010068394008239499
U2-11135,10,6,6,360,116,6228,116,Low Movement,0,0.2869245283018867,Low Priority,152922,68,ZONE_C,False,0.00387660090156815
U2-11233,12,7,7,588,63,2814,63,Low Movement,0,0.2617358490566037,Low Priority,152923,44,ZONE_C,False,0.006331781472561311
U2-21155,12,6,4,288,175,8453,175,Medium Movement,0,0.327943396226415,Low Priority,151022,96,ZONE_C,False,0.00310128072125452
U2-22228,9,9,24,1944,111,1379,111,Low Movement,0,0.4387169811320754,Medium Priority,153322,101,ZONE_B,True,0.020933644868468007
U2-22229,9,8,24,1728,109,2329,109,Low Movement,0,0.4324150943396226,Medium Priority,153122,101,ZONE_B,True,0.01860768432752712
U2-22233,9,8,24,1728,146,1953,146,Low Movement,0,0.4658301886792453,Medium Priority,153323,133,ZONE_B,True,0.01860768432752712
U2-22256,15,9,9,1215,79,1724,79,Low Movement,0,0.3726603773584905,Low Priority,153523,49,ZONE_C,False,0.013083528042792504
U2-2520,27,12,9,2916,1352,19123,1352,High Movement,1,0.8451698113207546,High Priority,152222,1351,ZONE_A,True,0.03140046730270201
U293681159,11,6,7,462,6931,365477,6931,High Movement,3,0.7970943396226415,Medium Priority,142423,6926,ZONE_B,True,0.0049749711570124585
U293681174,25,10,11,2750,1965,26882,1965,High Movement,1,0.8873584905660378,High Priority,142222,1964,ZONE_A,True,0.029612923553645587
U293681224,30,13,16,6240,680,4903,680,High Movement,0,0.764188679245283,Medium Priority,154323,644,ZONE_B,True,0.06719441562718126
U293681497,12,6,4,288,378,20736,378,Medium Movement,0,0.4403396226415094,Medium Priority,151823,232,ZONE_B,True,0.00310128072125452
U293681405,12,6,4,288,147,8816,147,Low Movement,0,0.3035094339622641,Low Priority,151023,72,ZONE_C,False,0.00310128072125452
U9-16275,1,1,1,1,33,332,33,Low Movement,0,0.1220188679245282,Low Priority,192633,28,ZONE_C,False,1.0768335837689304e-05
U9-16340,19,22,16,6688,780,5925,780,High Movement,0,0.7887358490566037,Medium Priority,193122,428,ZONE_B,True,0.07201863008246608
U9-16367,3,21,20,1260,162,5391,162,Medium Movement,0,0.4551509433962264,Medium Priority,192032,111,ZONE_B,True,0.013568103155488525
U9-16371,4,22,19,1672,171,5267,171,Medium Movement,0,0.486188679245283,Medium Priority,192033,116,ZONE_B,True,0.01800465752061652
U9-32491,18,35,24,15120,122,8640,122,Low Movement,0,0.507188679245283,Medium Priority,NARVJMA,4,ZONE_B,True,0.1628172378658623
U9-32492,37,18,28,18648,242,13560,242,Medium Movement,0,0.5996603773584905,Medium Priority,NARVJMA,8,ZONE_B,True,0.20080792670123015
U9-32687,1,1,1,1,13,144,13,Low Movement,0,0.0743396226415094,Low Priority,193232,9,ZONE_C,False,1.0768335837689304e-05
U9-39615,20,28,5,2800,135,8040,135,Low Movement,0,0.4790188679245283,Medium Priority,124043,2,ZONE_B,True,0.03015134034553005
U9-39616,39,29,19,21489,48,2522,48,Low Movement,0,0.4241698113207547,Medium Priority,7230Y3,2,ZONE_B,True,0.23140076881610544
U9-39617,20,28,39,21840,139,7710,139,Low Movement,0,0.5233396226415093,Medium Priority,192432,10,ZONE_B,True,0.23518045469513443
U9-39618,19,26,41,20254,42,2416,42,Low Movement,0,0.4139056603773584,Medium Priority,192632,2,ZONE_B,True,0.21810187405655918
U9-61584,13,5,26,1690,1572,32433,1572,High Movement,1,0.8410188679245283,High Priority,192523,928,ZONE_A,True,0.018198487565694924
U9-62109,7,17,7,833,804,18758,804,High Movement,0,0.6626603773584906,Medium Priority,192733,463,ZONE_B,True,0.008970023752795191
U9-62260,19,21,30,11970,1572,15197,1572,High Movement,1,0.9016415094339624,High Priority,192423,893,ZONE_A,True,0.12889697997714097
U9-62277,26,22,18,10296,1762,17572,1762,High Movement,1,0.9102075471698112,High Priority,192422,1055,ZONE_A,True,0.11087078578484909
U9-62512,29,9,51,13311,859,6902,859,High Movement,0,0.813754716981132,High Priority,192022,448,ZONE_A,True,0.14333731833548236
U9-62628,22,26,18,10296,1178,10459,1178,High Movement,1,0.8592264150943396,High Priority,192823,707,ZONE_A,True,0.11087078578484909
U9-62635,20,25,18,9000,1202,10558,1202,High Movement,1,0.8615094339622641,High Priority,192922,738,ZONE_A,True,0.09691502253920374
U9-741151,18,36,24,15552,1237,10062,1237,High Movement,1,0.8708679245283018,High Priority,192623,681,ZONE_A,True,0.16746915894774406
U9-761131,19,9,9,1539,1327,24589,1327,High Movement,1,0.8104528301886792,High Priority,192723,772,ZONE_A,True,0.01657246885420384
U9-76159AA,16,9,19,2736,935,8886,935,High Movement,0,0.7898679245283018,Medium Priority,192822,546,ZONE_B,True,0.029462166851917937
U9-7621AA,28,29,18,14616,1710,14948,1710,High Movement,1,0.9113962264150944,High Priority,192522,985,ZONE_A,True,0.15738999660366687
U9-76221AA,15,14,19,3990,1141,13148,1141,High Movement,1,0.8354339622641509,High Priority,192722,675,ZONE_A,True,0.04296565999238032
U979321228,36,24,30,25920,548,3002,548,Medium Movement,0,0.7380754716981132,Medium Priority,193123,310,ZONE_B,True,0.2791152649129068
U979321236,37,29,30,32190,969,5551,969,High Movement,0,0.8368301886792453,High Priority,192923,561,ZONE_A,True,0.3466327306152187
U979321252,10,9,8,720,880,18181,880,High Movement,0,0.6580377358490566,Medium Priority,192023,562,ZONE_B,True,0.0077532018031363
U979321269,22,11,14,3388,1429,17042,1429,High Movement,1,0.8595849056603773,High Priority,192622,848,ZONE_A,True,0.036483121818091366
U9-01627,1,1,1,1,27,332,27,Low Movement,0,0.107754716981132,Low Priority,192833,25,ZONE_C,False,1.0768335837689304e-05
U9-01651,20,22,16,7040,685,4980,685,High Movement,0,0.7673962264150943,Medium Priority,192832,418,ZONE_B,True,0.0758090842973327
X2-11211,1,1,1,1,84,11174,84,Low Movement,0,0.2007358490566037,Low Priority,576242,15,ZONE_C,False,1.0768335837689304e-05
X2-31190,28,12,12,4032,407,4996,407,Medium Movement,0,0.6567735849056603,Medium Priority,154122,377,ZONE_B,True,0.04341793009756328
X2-313367,1,1,1,1,192,2268,192,Medium Movement,0,0.2974150943396226,Low Priority,153722,192,ZONE_C,False,1.0768335837689304e-05
X2-313398,1,1,1,1,265,3059,265,Medium Movement,0,0.343377358490566,Low Priority,153723,265,ZONE_C,False,1.0768335837689304e-05
X2-42611,27,12,8,2592,572,6634,572,Medium Movement,0,0.7020754716981131,Medium Priority,154123,534,ZONE_B,True,0.02791152649129068
X2-43411,16,7,7,784,2910,94249,2910,High Movement,1,0.8094528301886792,High Priority,144222,2909,ZONE_A,True,0.008442375296748416
X2-46561,19,8,8,1216,2395,45723,2395,High Movement,1,0.853377358490566,High Priority,143422,2394,ZONE_A,True,0.013094296378630195
X2-54311,18,8,8,1152,470,7764,470,Medium Movement,0,0.6049245283018868,Medium Priority,143023,470,ZONE_B,True,0.01240512288501808
X2-58911,15,6,6,540,237,3894,237,Medium Movement,0,0.4083018867924528,Medium Priority,143822,237,ZONE_B,True,0.005814901352352225
X2-59211,17,8,8,1088,1438,26817,1438,High Movement,1,0.7786037735849056,Medium Priority,143022,1437,ZONE_B,True,0.011715949391405963
X292226164,15,6,6,540,3371,132624,3371,High Movement,3,0.7803584905660377,Medium Priority,143222,3370,ZONE_B,True,0.005814901352352225
X292626264,15,6,6,540,4067,142539,4067,High Movement,3,0.7906603773584905,Medium Priority,143423,4066,ZONE_B,True,0.005814901352352225
X292626272,15,6,7,630,2961,95014,2961,High Movement,1,0.7880188679245282,Medium Priority,142223,2960,ZONE_B,True,0.006784051577744262
X293696259,24,9,9,1944,44,600,44,Low Movement,0,0.358943396226415,Low Priority,143223,44,ZONE_C,False,0.020933644868468007
X293696208,15,6,6,540,4899,210906,4899,High Movement,3,0.7988490566037735,Medium Priority,143623,4898,ZONE_B,True,0.005814901352352225
X293696415,27,12,10,3240,1176,15055,1176,High Movement,1,0.8311509433962263,High Priority,153922,1093,ZONE_A,True,0.03488940811411335
X293696563,27,12,8,2592,1416,18932,1416,High Movement,1,0.8470943396226415,High Priority,153923,1332,ZONE_A,True,0.02791152649129068
X293896354,10,6,6,360,971,37955,971,High Movement,0,0.6202830188679245,Medium Priority,144223,971,ZONE_B,True,0.00387660090156815
X6-11214,4,23,9,828,1097,3166,1097,High Movement,1,0.7083962264150943,Medium Priority,392732,1097,ZONE_B,True,0.008916182073606744
X6-12328,17,7,8,952,312,1500,312,Medium Movement,0,0.513,Medium Priority,392933,312,ZONE_B,True,0.010251455717480217
X6-12320,18,5,10,900,352,1454,352,Medium Movement,0,0.5239622641509433,Medium Priority,391433,352,ZONE_B,True,0.009691502253920374
X6-12335,18,7,8,1008,396,1638,396,Medium Movement,0,0.5548867924528301,Medium Priority,392832,396,ZONE_B,True,0.01085448252439082
X6-12336,3,17,10,510,451,1822,451,Medium Movement,0,0.5058679245283019,Medium Priority,391232,451,ZONE_B,True,0.005491851277221545
X6-12338,1,1,1,1,504,1920,504,Medium Movement,0,0.4512830188679245,Medium Priority,391333,504,ZONE_B,True,1.0768335837689304e-05
X6-12339,3,17,10,510,567,2049,567,Medium Movement,0,0.5489245283018868,Medium Priority,391332,566,ZONE_B,True,0.005491851277221545
X6-124205,9,10,10,900,1147,5516,1147,High Movement,1,0.7288113207547169,Medium Priority,392932,1147,ZONE_B,True,0.009691502253920374
X6-124311,14,8,10,1120,1127,5346,1127,High Movement,1,0.7485283018867924,Medium Priority,391733,1127,ZONE_B,True,0.01206053613821202
X6-124427,14,8,9,1008,1070,5066,1070,High Movement,1,0.7310754716981132,Medium Priority,392733,1070,ZONE_B,True,0.01085448252439082
X6-124403,14,8,9,1008,1454,6536,1454,High Movement,1,0.7739999999999999,Medium Priority,391732,1454,ZONE_B,True,0.01085448252439082
X6-124540,14,8,10,1120,1054,4400,1054,High Movement,1,0.7392830188679245,Medium Priority,392032,1054,ZONE_B,True,0.01206053613821202
X6-124588,14,8,9,1008,1409,6286,1409,High Movement,1,0.7688490566037736,Medium Priority,393233,1409,ZONE_B,True,0.01085448252439082
X6-129521,1,1,1,1,178,1474,178,Medium Movement,0,0.286188679245283,Low Priority,391533,178,ZONE_C,False,1.0768335837689304e-05
X6-12988,1,1,1,1,865,3384,865,High Movement,0,0.5449245283018868,Medium Priority,393133,865,ZONE_B,True,1.0768335837689304e-05
X6-187163,1,1,1,1,190,1575,190,Medium Movement,0,0.2962264150943396,Low Priority,391632,190,ZONE_C,False,1.0768335837689304e-05
X6-227135,1,1,1,1,256,2095,256,Medium Movement,0,0.337566037735849,Low Priority,391633,256,ZONE_C,False,1.0768335837689304e-05
X623014122,11,2,16,352,4028,25072,4028,High Movement,3,0.7616415094339622,Medium Priority,392022,4027,ZONE_B,True,0.0037904542148666353
X623014130,11,3,16,528,6576,43562,6576,High Movement,3,0.8038679245283019,High Priority,392823,6576,ZONE_A,True,0.005685681322299953
X623014148,11,2,16,352,4123,22909,4123,High Movement,3,0.7629622641509434,Medium Priority,392822,4123,ZONE_B,True,0.0037904542148666353
X623014163,12,2,16,384,6138,40437,6138,High Movement,3,0.7805283018867925,Medium Priority,392623,6135,ZONE_B,True,0.004135040961672693
X6-32174,22,4,9,792,2433,13574,2433,High Movement,1,0.7970754716981132,Medium Priority,392423,2432,ZONE_B,True,0.00852852198344993
X6-32378,11,2,16,352,1216,5149,1216,High Movement,1,0.6514905660377357,Medium Priority,393332,1216,ZONE_B,True,0.0037904542148666353
X6-328317,1,1,1,1,552,1487,552,Medium Movement,0,0.4662075471698113,Medium Priority,392023,487,ZONE_B,True,1.0768335837689304e-05
X6-32846,22,4,9,792,1667,7533,1667,High Movement,1,0.7590377358490565,Medium Priority,392033,1667,ZONE_B,True,0.00852852198344993
X6-32849,11,2,16,352,954,2881,954,High Movement,0,0.6162264150943395,Medium Priority,393132,954,ZONE_B,True,0.0037904542148666353
X6-33135,9,10,10,900,797,2945,797,High Movement,0,0.6709622641509433,Medium Priority,393333,797,ZONE_B,True,0.009691502253920374
X6-33145,9,10,10,900,1124,4825,1124,High Movement,1,0.7256415094339622,Medium Priority,393232,1124,ZONE_B,True,0.009691502253920374
X6-390217,1,1,1,1,113,701,113,Low Movement,0,0.2275471698113207,Low Priority,391832,109,ZONE_C,False,1.0768335837689304e-05
X6-390013,1,1,1,1,104,910,104,Low Movement,0,0.218566037735849,Low Priority,392833,103,ZONE_C,False,1.0768335837689304e-05
XF-118390,18,7,10,1260,187,1287,187,Medium Movement,0,0.4761509433962264,Medium Priority,N236C4,187,ZONE_B,True,0.013568103155488525
XF-118468,18,7,9,1134,372,2394,372,Medium Movement,0,0.5559433962264151,Medium Priority,N222C3,205,ZONE_B,True,0.01221129283993967
XF-118475,19,8,10,1520,606,5295,606,Medium Movement,0,0.6838490566037735,Medium Priority,N228A4,394,ZONE_B,True,0.016367870473287745
XF-118499,18,7,9,1134,450,3119,450,Medium Movement,0,0.5913396226415094,Medium Priority,N228C3,447,ZONE_B,True,0.01221129283993967
XF-118406,18,7,9,1134,628,4445,628,High Movement,0,0.6544716981132075,Medium Priority,N24822,626,ZONE_B,True,0.01221129283993967
XF-118581,18,7,9,1134,320,1842,320,Medium Movement,0,0.5337547169811321,Medium Priority,N248C3,169,ZONE_B,True,0.01221129283993967
XF-122328,17,3,5,255,63,376,63,Low Movement,0,0.2097169811320754,Low Priority,N224A3,63,ZONE_C,False,0.0027459256386107725
XF-122380,17,3,5,255,28,180,28,Low Movement,0,0.1504150943396226,Low Priority,N224A4,28,ZONE_C,False,0.0027459256386107725
XF-123363,17,3,5,255,373,2923,373,Medium Movement,0,0.4330566037735849,Medium Priority,N224A2,373,ZONE_B,True,0.0027459256386107725
XF-123301,17,3,5,255,188,1228,188,Medium Movement,0,0.3342641509433962,Low Priority,N236A4,95,ZONE_C,False,0.0027459256386107725
XF-190402,17,3,5,255,549,3973,549,Medium Movement,0,0.5056981132075471,Medium Priority,N220C2,549,ZONE_B,True,0.0027459256386107725
XF-190525,17,3,5,255,114,880,114,Low Movement,0,0.268754716981132,Low Priority,N234A5,60,ZONE_C,False,0.0027459256386107725
XF-190532,17,3,5,255,475,3980,475,Medium Movement,0,0.4782264150943396,Medium Priority,N228C5,475,ZONE_B,True,0.0027459256386107725
XF-190549,17,3,5,255,101,595,101,Low Movement,0,0.255943396226415,Low Priority,N242C2,101,ZONE_C,False,0.0027459256386107725
XF-190556,17,3,5,255,303,2475,303,Medium Movement,0,0.402943396226415,Medium Priority,N238C3,303,ZONE_B,True,0.0027459256386107725
XF-190563,17,3,5,255,287,2302,287,Medium Movement,0,0.3951509433962263,Low Priority,N236C5,287,ZONE_C,False,0.0027459256386107725
XF-190587,17,3,5,255,157,1525,157,Medium Movement,0,0.3069245283018867,Low Priority,N232A4,80,ZONE_C,False,0.0027459256386107725
XF-190594,17,3,5,255,626,5000,626,High Movement,0,0.53,Medium Priority,N226C2,626,ZONE_B,True,0.0027459256386107725
XF-190501,17,3,5,255,347,2698,347,Medium Movement,0,0.421433962264151,Medium Priority,N232C3,346,ZONE_B,True,0.0027459256386107725
XF-190617,17,3,5,255,91,658,91,Low Movement,0,0.2449811320754716,Low Priority,N224A5,91,ZONE_C,False,0.0027459256386107725
XF-190631,17,4,4,272,415,3425,415,Medium Movement,0,0.4568490566037735,Medium Priority,N236C2,415,ZONE_B,True,0.0029289873478514908
XF-190648,17,3,5,255,518,3372,518,Medium Movement,0,0.4957924528301887,Medium Priority,N228C4,517,ZONE_B,True,0.0027459256386107725
XF-190655,17,3,5,255,538,4105,538,Medium Movement,0,0.5022641509433963,Medium Priority,N232C5,537,ZONE_B,True,0.0027459256386107725
XF-190679,17,3,5,255,352,2430,352,Medium Movement,0,0.4247358490566036,Medium Priority,N238A3,352,ZONE_B,True,0.0027459256386107725
XF-190686,17,3,5,255,82,535,82,Low Movement,0,0.2370566037735849,Low Priority,N226A5,82,ZONE_C,False,0.0027459256386107725
XF-190693,17,3,5,255,181,1438,181,Medium Movement,0,0.3292452830188679,Low Priority,N238A5,181,ZONE_C,False,0.0027459256386107725
XF-190600,17,3,5,255,273,2049,273,Medium Movement,0,0.388943396226415,Low Priority,N242C5,273,ZONE_C,False,0.0027459256386107725
XF-190716,17,3,5,255,88,521,88,Low Movement,0,0.2427358490566037,Low Priority,N226A2,88,ZONE_C,False,0.0027459256386107725
XF-190730,17,3,5,255,171,1389,171,Medium Movement,0,0.3196037735849056,Low Priority,N242C4,171,ZONE_C,False,0.0027459256386107725
XF-190754,17,3,5,255,99,682,99,Low Movement,0,0.2526415094339622,Low Priority,N228A5,83,ZONE_C,False,0.0027459256386107725
XF-190778,17,3,5,255,102,622,102,Low Movement,0,0.257,Low Priority,N240A3,72,ZONE_C,False,0.0027459256386107725
XF-190785,17,3,5,255,257,2076,257,Medium Movement,0,0.3785094339622641,Low Priority,N242C3,257,ZONE_C,False,0.0027459256386107725
XF-190792,17,3,5,255,172,1170,172,Medium Movement,0,0.3210566037735849,Low Priority,N234A4,172,ZONE_C,False,0.0027459256386107725
XF-341729,18,7,9,1134,273,1741,273,Medium Movement,0,0.5130188679245282,Medium Priority,N220C5,273,ZONE_B,True,0.01221129283993967
XF-342122,18,7,10,1260,398,2853,398,Medium Movement,0,0.5869622641509433,Medium Priority,N236A5,397,ZONE_B,True,0.013568103155488525
XF-342146,18,6,10,1080,293,1757,293,Medium Movement,0,0.514433962264151,Medium Priority,N224C4,293,ZONE_B,True,0.01162980270470445
XF-342153,18,6,10,1080,436,2929,436,Medium Movement,0,0.5784905660377357,Medium Priority,N210C2,244,ZONE_B,True,0.01162980270470445
XF-342184,18,7,10,1260,302,1920,302,Medium Movement,0,0.5450943396226415,Medium Priority,N236A2,301,ZONE_B,True,0.013568103155488525
XF-342108,19,8,10,1520,463,3030,463,Medium Movement,0,0.6344528301886793,Medium Priority,N24422,463,ZONE_B,True,0.016367870473287745
XF-342214,18,7,9,1134,396,2524,396,Medium Movement,0,0.5671698113207546,Medium Priority,N234C2,396,ZONE_B,True,0.01221129283993967
XF-342221,18,7,9,1134,293,1770,293,Medium Movement,0,0.5217358490566038,Medium Priority,N226C3,293,ZONE_B,True,0.01221129283993967
XF-342238,17,6,10,1020,481,3118,481,Medium Movement,0,0.5959811320754717,Medium Priority,N24433,481,ZONE_B,True,0.01098370255444309
XF-342245,18,6,9,972,447,2572,447,Medium Movement,0,0.5745094339622641,Medium Priority,N236A3,446,ZONE_B,True,0.010466822434234004
XF-342269,18,7,10,1260,528,3489,528,Medium Movement,0,0.6411132075471698,Medium Priority,N210C4,281,ZONE_B,True,0.013568103155488525
XF-342276,18,7,9,1134,400,3082,400,Medium Movement,0,0.5696792452830188,Medium Priority,N230A5,209,ZONE_B,True,0.01221129283993967
XF-342290,18,7,10,1260,215,1326,215,Medium Movement,0,0.4966226415094339,Medium Priority,N234C5,215,ZONE_B,True,0.013568103155488525
XF-342313,18,6,9,972,306,1823,306,Medium Movement,0,0.5124339622641509,Medium Priority,N248C4,208,ZONE_B,True,0.010466822434234004
XF-342320,18,7,9,1134,202,1231,202,Medium Movement,0,0.4691698113207546,Medium Priority,N228C2,202,ZONE_B,True,0.01221129283993967
XF-342344,18,7,9,1134,304,1851,304,Medium Movement,0,0.5275471698113208,Medium Priority,N234A3,303,ZONE_B,True,0.01221129283993967
XF-342351,19,8,10,1520,110,562,110,Low Movement,0,0.4248490566037736,Medium Priority,N230C4,110,ZONE_B,True,0.016367870473287745
XF-342368,18,7,10,1260,142,881,142,Low Movement,0,0.4357358490566038,Medium Priority,N238A4,142,ZONE_B,True,0.013568103155488525
XF-342382,18,7,10,1260,120,961,120,Low Movement,0,0.4175094339622641,Medium Priority,N238C4,120,ZONE_B,True,0.013568103155488525
XF-342399,17,7,10,1190,382,2392,382,Medium Movement,0,0.5720943396226416,Medium Priority,N224C3,377,ZONE_B,True,0.012814319646850272
XF-342306,18,6,9,972,436,2952,436,Medium Movement,0,0.5698867924528301,Medium Priority,N24432,435,ZONE_B,True,0.010466822434234004
XF-342412,18,6,10,1080,543,3452,543,Medium Movement,0,0.6208867924528302,Medium Priority,N232A3,541,ZONE_B,True,0.01162980270470445
XF-377124,19,8,10,1520,324,2237,324,Medium Movement,0,0.5714528301886792,Medium Priority,N220A4,323,ZONE_B,True,0.016367870473287745
XF-370354,18,6,10,1080,242,1764,242,Medium Movement,0,0.4845849056603774,Medium Priority,N242A2,241,ZONE_B,True,0.01162980270470445
XF-370361,18,6,9,972,282,2034,282,Medium Movement,0,0.5008113207547169,Medium Priority,N224C5,282,ZONE_B,True,0.010466822434234004
XF-381725,18,6,10,1080,518,3390,518,Medium Movement,0,0.6125660377358491,Medium Priority,N230A3,515,ZONE_B,True,0.01162980270470445
XF-381749,18,6,10,1080,623,4384,623,High Movement,0,0.6459811320754717,Medium Priority,N220A3,620,ZONE_B,True,0.01162980270470445
XF-381770,18,6,9,972,361,2181,361,Medium Movement,0,0.5364716981132075,Medium Priority,N210C5,194,ZONE_B,True,0.010466822434234004
XF-381787,18,6,10,1080,583,4093,583,Medium Movement,0,0.6330377358490565,Medium Priority,N24423,583,ZONE_B,True,0.01162980270470445
XF-381794,19,8,10,1520,412,2968,412,Medium Movement,0,0.6126603773584905,Medium Priority,N234A2,411,ZONE_B,True,0.016367870473287745
XF-381817,19,8,10,1520,493,3394,493,Medium Movement,0,0.6475283018867924,Medium Priority,N232A5,490,ZONE_B,True,0.016367870473287745
XF-381831,18,6,10,1080,300,1952,300,Medium Movement,0,0.5176037735849057,Medium Priority,N222C2,154,ZONE_B,True,0.01162980270470445
XF-381848,18,6,10,1080,833,6216,833,High Movement,0,0.6959056603773583,Medium Priority,N22922,833,ZONE_B,True,0.01162980270470445
XF-381862,18,7,9,1134,629,4148,629,High Movement,0,0.6548679245283019,Medium Priority,N24823,629,ZONE_B,True,0.01221129283993967
XF-385860,18,7,9,1134,398,2749,398,Medium Movement,0,0.5682264150943395,Medium Priority,N220A2,398,ZONE_B,True,0.01221129283993967
XF-388441,14,5,5,350,865,20757,865,High Movement,0,0.5979622641509433,Medium Priority,N22723,865,ZONE_B,True,0.0037689175431912564
XF-388458,14,5,5,350,1092,28158,1092,High Movement,1,0.6357358490566037,Medium Priority,N22722,1092,ZONE_B,True,0.0037689175431912564
XF-380223,18,7,9,1134,295,2292,295,Medium Movement,0,0.5230566037735849,Medium Priority,N224C2,295,ZONE_B,True,0.01221129283993967
XF-380377,18,7,10,1260,111,684,111,Low Movement,0,0.4078679245283019,Medium Priority,N232C2,111,ZONE_B,True,0.013568103155488525
XF-380384,18,7,10,1260,158,916,158,Medium Movement,0,0.4515849056603773,Medium Priority,N220C3,158,ZONE_B,True,0.013568103155488525
XF-380520,18,7,9,1134,419,2663,419,Medium Movement,0,0.5786603773584905,Medium Priority,N230A4,417,ZONE_B,True,0.01221129283993967
XF-380537,18,6,9,972,398,2580,398,Medium Movement,0,0.552320754716981,Medium Priority,N228A3,397,ZONE_B,True,0.010466822434234004
XF-395050,19,8,10,1520,619,4216,619,Medium Movement,0,0.6888679245283018,Medium Priority,N22923,619,ZONE_B,True,0.016367870473287745
XF-511946,18,7,10,1260,91,779,91,Low Movement,0,0.3877924528301887,Low Priority,N238C2,91,ZONE_C,False,0.013568103155488525
XF-511953,19,8,10,1520,105,585,105,Low Movement,0,0.4199622641509434,Medium Priority,N228A2,105,ZONE_B,True,0.016367870473287745
XF-562584,19,8,10,1520,71,385,71,Low Movement,0,0.3839056603773585,Low Priority,N230C5,71,ZONE_C,False,0.016367870473287745
XF-562591,18,6,10,1080,73,362,73,Low Movement,0,0.3427358490566037,Low Priority,N220C4,73,ZONE_C,False,0.01162980270470445
XF-562508,18,7,10,1260,24,95,24,Low Movement,0,0.283188679245283,Low Priority,N232A2,17,ZONE_C,False,0.013568103155488525
XF-562614,18,6,10,1080,62,363,62,Low Movement,0,0.3253018867924528,Low Priority,N226C4,62,ZONE_C,False,0.01162980270470445
XF-562621,18,6,9,972,26,146,26,Low Movement,0,0.2531698113207547,Low Priority,N238A2,14,ZONE_C,False,0.010466822434234004
XF-562638,18,6,10,1080,19,114,19,Low Movement,0,0.245,Low Priority,N226A3,10,ZONE_C,False,0.01162980270470445
XF-562669,18,6,9,972,23,105,23,Low Movement,0,0.2461698113207547,Low Priority,N230C2,23,ZONE_C,False,0.010466822434234004
XF-562690,18,7,10,1260,20,112,20,Low Movement,0,0.2735471698113207,Low Priority,N226A4,20,ZONE_C,False,0.013568103155488525
XF-562713,18,7,10,1260,23,114,23,Low Movement,0,0.280811320754717,Low Priority,N234C3,23,ZONE_C,False,0.013568103155488525
XF-562737,18,6,9,972,65,411,65,Low Movement,0,0.3207924528301886,Low Priority,N234C4,65,ZONE_C,False,0.010466822434234004
XF-562744,18,7,9,1134,79,456,79,Low Movement,0,0.3574339622641509,Low Priority,N232C4,79,ZONE_C,False,0.01221129283993967
XF-562829,18,7,10,1260,55,358,55,Low Movement,0,0.3428867924528301,Low Priority,N230C3,55,ZONE_C,False,0.013568103155488525
XF-566261,18,7,9,1134,165,975,165,Medium Movement,0,0.4383962264150943,Medium Priority,N226C5,163,ZONE_B,True,0.01221129283993967
XF-574181,17,3,5,255,26,181,26,Low Movement,0,0.145,Low Priority,N238C5,25,ZONE_C,False,0.0027459256386107725
XF-574198,17,3,5,255,43,270,43,Low Movement,0,0.1836981132075471,Low Priority,N220A5,43,ZONE_C,False,0.0027459256386107725
XF-574105,17,3,5,255,1,0,1,Low Movement,0,0.0701132075471698,Low Priority,N236C3,1,ZONE_C,False,0.0027459256386107725
XF-022754,17,3,5,255,29,173,29,Low Movement,0,0.1529245283018867,Low Priority,N248C5,19,ZONE_C,False,0.0027459256386107725
XQ-1196,3,21,8,504,137,3109,137,Low Movement,0,0.3261132075471698,Low Priority,422822,136,ZONE_C,False,0.00542724126219541
XQ-1247,16,19,14,4256,203,359,203,Medium Movement,0,0.5557358490566038,Medium Priority,422824,200,ZONE_B,True,0.04583003732520568
XQ-1417,13,21,18,4914,1,1,1,Low Movement,0,0.2836792452830188,Low Priority,423225,1,ZONE_C,False,0.05291560230640524
XQ-1418,12,21,18,4536,159,454,159,Medium Movement,0,0.5207547169811321,Medium Priority,422823,159,ZONE_B,True,0.04884517135975868
XQ-1470,22,15,11,3630,687,1145,687,High Movement,0,0.7490188679245282,Medium Priority,422022,680,ZONE_B,True,0.03908905909081218
XQ-1623,22,5,13,1430,173,1950,173,Medium Movement,0,0.4763396226415094,Medium Priority,422023,172,ZONE_B,True,0.015398720247895707
XQ-2063,22,12,6,1584,205,2445,205,Medium Movement,0,0.5113018867924528,Medium Priority,423224,205,ZONE_B,True,0.01705704396689986
XQ-4364,22,12,6,1584,157,1925,157,Medium Movement,0,0.4706226415094339,Medium Priority,422825,157,ZONE_B,True,0.01705704396689986
XQ-4371,22,12,6,1584,96,1301,96,Low Movement,0,0.4138301886792452,Medium Priority,422025,96,ZONE_B,True,0.01705704396689986
XQ-4425,22,15,11,3630,569,948,569,Medium Movement,0,0.7148113207547169,Medium Priority,423222,565,ZONE_B,True,0.03908905909081218
XQ-4449,22,15,11,3630,400,671,400,Medium Movement,0,0.6482452830188679,Medium Priority,423223,400,ZONE_B,True,0.03908905909081218
XQ-4470,13,21,18,4914,178,463,178,Medium Movement,0,0.5397735849056604,Medium Priority,423232,177,ZONE_B,True,0.05291560230640524
XQ-4562,22,15,11,3630,729,1280,729,High Movement,0,0.7566792452830189,Medium Priority,422024,720,ZONE_B,True,0.03908905909081218
