SKU,UOM1,UOM2,UOM3,HGT1,WID1,DPTH1,product_volume,pick_count,total_quantity_picked,movement_frequency,movement_category,cluster
128047,UN,CJ,PT,12,6,17,1224,474,11548,474,Medium Movement,0
129119,EX,CJ,PT,34,11,18,6732,1011,3919,1011,High Movement,0
129110,EX,CJ,PT,30,12,18,6480,2298,7019,2298,High Movement,1
129124,EX,CJ,PT,30,12,17,6120,3441,10565,3441,High Movement,3
51360,UN,CJ,PT,11,8,8,704,14,180,14,Low Movement,0
51371,UN,CJ,PT,11,8,8,704,3,36,3,Low Movement,0
51373,UN,CJ,PT,11,8,8,704,10,104,10,Low Movement,0
21-3845,UN,CJ,PT,27,10,10,2700,272,3868,272,Medium Movement,0
21-4687,UN,CJ,PT,24,3,11,792,459,12765,459,Medium Movement,0
21-0059,UN,CJ,PT,18,3,12,648,139,2139,139,Low Movement,0
2172314644,UN,CJ,PT,4,9,16,576,1847,50707,1847,High Movement,1
2172314685,UN,CJ,PT,4,8,16,512,1633,42274,1633,High Movement,1
2173116410,UN,CJ,PT,15,6,5,450,1483,33053,1483,High Movement,1
2173116428,UN,CJ,PT,9,13,5,585,892,13973,892,High Movement,0
2173116576,UN,CJ,PT,24,6,6,864,1987,39628,1987,High Movement,1
2173116592,UN,CJ,PT,25,6,6,900,1334,40626,1334,High Movement,1
2173116500,UN,CJ,PT,24,6,6,864,4083,121498,4083,High Movement,3
2174227323,UN,CJ,PT,17,9,2,306,691,20032,691,High Movement,0
2174227661,UN,CJ,PT,9,10,4,360,893,24210,893,High Movement,0
2175119180,UN,CJ,PT,19,6,6,684,994,18621,994,High Movement,0
2175119388,UN,CJ,PT,19,6,6,684,2069,32713,2069,High Movement,1
2176487412,UN,CJ,PT,21,8,8,1344,1181,28989,1181,High Movement,1
2544321616,UN,CJ,PT,10,6,9,540,425,8892,425,Medium Movement,0
2544321624,UN,CJ,PT,10,6,9,540,444,8017,444,Medium Movement,0
2544325618,UN,CJ,PT,10,6,9,540,387,12167,387,Medium Movement,0
2544325634,UN,CJ,PT,10,6,9,540,425,8194,425,Medium Movement,0
2544825617,UN,CJ,PT,19,6,6,684,179,2877,179,Medium Movement,0
2572370211,UN,CJ,PT,13,8,8,832,717,14869,717,High Movement,0
2572370253,UN,CJ,PT,19,5,8,760,373,5507,373,Medium Movement,0
2572370260,UN,CJ,PT,13,8,8,832,772,12142,772,High Movement,0
2573524487,UN,CJ,PT,27,13,13,4563,1553,30292,1553,High Movement,1
2952391318,UN,CJ,PT,9,16,9,1296,312,3118,312,Medium Movement,0
2953485251,EX,CJ,PT,21,9,2,378,2023,10743,2023,High Movement,1
2953091940,UN,CJ,PT,7,11,2,154,1468,29417,1468,High Movement,1
2954491249,UN,CJ,PT,21,6,6,756,387,4838,387,Medium Movement,0
2954776210,UN,CJ,PT,11,2,20,440,1607,42577,1607,High Movement,1
2954776222,UN,CJ,PT,22,12,2,528,718,19412,718,High Movement,0
2954788157,UN,CJ,PT,14,5,5,350,669,13391,669,High Movement,0
2954788198,UN,CJ,PT,24,3,28,2016,1535,33178,1535,High Movement,1
2954793230,UN,CJ,PT,31,19,4,2356,4073,164858,4073,High Movement,3
2954793248,UN,CJ,PT,2,23,9,414,914,17673,914,High Movement,0
2954793256,UN,CJ,PT,2,10,25,500,792,15550,792,High Movement,0
2954793304,UN,CJ,PT,15,16,12,2880,2650,175793,2650,High Movement,1
2954793487,UN,CJ,PT,2,23,9,414,815,16722,815,High Movement,0
3575421127,UN,CJ,PT,33,5,4,660,1454,106829,1454,High Movement,1
3575423123,UN,CJ,PT,34,4,4,544,4316,273178,4316,High Movement,3
3575423214,UN,CJ,PT,33,5,5,825,1809,65850,1809,High Movement,1
3575423313,UN,CJ,PT,34,6,6,1224,671,11337,671,High Movement,0
3575423412,UN,CJ,PT,48,5,5,1200,351,12224,351,Medium Movement,0
3575524517,UN,CJ,PT,34,6,6,1224,17,591,17,Low Movement,0
3575625140,UN,CJ,PT,33,6,6,1188,748,24353,748,High Movement,0
3575721120,UN,CJ,PT,40,6,6,1440,77,1552,77,Low Movement,0
3575821136,UN,CJ,PT,17,3,11,561,67,2460,67,Low Movement,0
3575926125,UN,CJ,PT,6,9,9,486,109,4063,109,Low Movement,0
3575026123,UN,CJ,PT,8,7,7,392,132,4323,132,Low Movement,0
3576526123,UN,PT, ,24,6,12,1728,28,40,28,Low Movement,0
3576526157,UN,PT, ,15,16,36,8640,42,109,42,Low Movement,0
3576526297,UN,PT, ,125,120,125,1875000,166,586,166,Medium Movement,2
3576526313,UN,PT, ,125,120,125,1875000,94,159,94,Low Movement,2
3576526362,UN,PT, ,120,100,120,1440000,11,13,11,Low Movement,2
3576721137,UN,CJ,PT,21,8,8,1344,616,13420,616,Medium Movement,0
3576721145,UN,CJ,PT,30,7,8,1680,463,10392,463,Medium Movement,0
3576721153,UN,CJ,PT,21,8,8,1344,625,14072,625,High Movement,0
3576721160,UN,CJ,PT,22,8,7,1232,746,18707,746,High Movement,0
3576721178,UN,CJ,PT,30,6,8,1440,553,12465,553,Medium Movement,0
3682129241,T2,CJ,PT,2,18,9,324,882,66138,882,High Movement,0
3682167316,UN,CJ,PT,12,8,7,672,34,335,34,Low Movement,0
3682187216,EX,CJ,PT,1,16,10,160,1883,23182,1883,High Movement,1
3682187249,T4,CJ,PT,3,21,10,630,742,58147,742,High Movement,0
3682476254,T2,CJ,PT,13,1,14,182,658,37926,658,High Movement,0
3682476353,UN,CJ,PT,1,10,15,150,169,5074,169,Medium Movement,0
3782414121,UN,CJ,PT,4,13,11,572,1732,47490,1732,High Movement,1
3782414147,UN,CJ,PT,2,11,19,418,909,24235,909,High Movement,0
3782414162,UN,CJ,PT,2,10,8,160,1784,91833,1784,High Movement,1
3782414196,UN,CJ,PT,12,2,9,216,1549,40205,1549,High Movement,1
3782414212,UN,CJ,PT,2,9,7,126,1626,72718,1626,High Movement,1
4141722469,UN,CJ,PT,1,1,1,1,98,1446,98,Low Movement,0
4141722477,UN,CJ,PT,27,4,12,1296,18,110,18,Low Movement,0
4141722485,UN,CJ,PT,27,4,12,1296,68,1207,68,Low Movement,0
4141722493,UN,CJ,PT,22,4,4,352,5,18,5,Low Movement,0
4141722401,UN,CJ,PT,22,4,4,352,93,1320,93,Low Movement,0
4141722519,UN,CJ,PT,19,4,3,228,731,9574,731,High Movement,0
4141722535,UN,CJ,PT,22,4,9,792,766,9204,766,High Movement,0
4141722592,UN,CJ,PT,27,3,3,243,421,7000,421,Medium Movement,0
4141722626,UN,CJ,PT,2,4,22,176,1116,19620,1116,High Movement,1
4141722733,UN,CJ,PT,19,4,3,228,468,6335,468,Medium Movement,0
4141722840,UN,CJ,PT,27,3,3,243,444,6017,444,Medium Movement,0
4141722858,UN,CJ,PT,26,7,2,364,655,9095,655,High Movement,0
4141722865,UN,CJ,PT,24,5,2,240,642,8847,642,High Movement,0
4141722873,UN,CJ,PT,24,5,2,240,462,6915,462,Medium Movement,0
9918517167,EX,CJ,PT,20,12,40,9600,17,63,17,Low Movement,0
9918517201,UN,CJ,PT,17,14,14,3332,758,3767,758,High Movement,0
9918517720,UN,CJ,PT,13,11,11,1573,2083,18152,2083,High Movement,1
9918517738,UN,CJ,PT,17,14,14,3332,1659,12831,1659,High Movement,1
9918517754,UN,CJ,PT,13,11,11,1573,1765,14074,1765,High Movement,1
9918517761,UN,CJ,PT,17,14,14,3332,2290,25795,2290,High Movement,1
9918517774,UN,CJ,PT,13,11,11,1573,612,4539,612,Medium Movement,0
9918521425,UN,CJ,PT,12,11,11,1452,339,3217,339,Medium Movement,0
9918521433,UN,CJ,PT,12,11,11,1452,194,1918,194,Medium Movement,0
9918522153,UN,CJ,PT,17,14,14,3332,252,2907,252,Medium Movement,0
16-26016,UN,CJ,PT,20,6,6,720,301,3396,301,Medium Movement,0
16-394342,UN,CJ,PT,2,14,4,112,336,4856,336,Medium Movement,0
16-394373,UN,CJ,PT,3,17,13,663,394,5966,394,Medium Movement,0
16-441237,UN,CJ,PT,22,7,11,1694,63,560,63,Low Movement,0
16-459332,UN,CJ,PT,21,6,6,756,245,3169,245,Medium Movement,0
16-405806,UN,CJ,PT,1,1,1,1,166,2182,166,Medium Movement,0
21-111937,UN,CJ,PT,15,10,1,150,212,5062,212,Medium Movement,0
21-113616,UN,CJ,PT,19,6,6,684,3865,107675,3865,High Movement,3
21-114427,UN,CJ,PT,17,6,5,510,820,8569,820,High Movement,0
21-114420,UN,CJ,PT,19,13,2,494,503,8043,503,Medium Movement,0
21-121212,UN,CJ,PT,19,10,9,1710,867,12987,867,High Movement,0
21-213653,UN,CJ,PT,24,6,6,864,493,7490,493,Medium Movement,0
21-213656,UN,CJ,PT,24,6,6,864,246,3223,246,Medium Movement,0
21-22217,UN,CJ,PT,16,1,11,176,191,3047,191,Medium Movement,0
21-241672,UN,CJ,PT,25,6,6,900,4250,69252,4250,High Movement,3
21-241736,UN,CJ,PT,27,7,6,1134,3062,62109,3062,High Movement,1
21-241730,UN,CJ,PT,9,9,9,729,147,2655,147,Low Movement,0
21-241741,UN,CJ,PT,25,6,6,900,4178,89396,4178,High Movement,3
21-244941,UN,CJ,PT,25,6,6,900,4336,80521,4336,High Movement,3
21-244947,UN,CJ,PT,25,6,6,900,2301,38114,2301,High Movement,1
21-25999,UN,CJ,PT,30,8,7,1680,796,15735,796,High Movement,0
21-25905,UN,CJ,PT,31,9,7,1953,1061,22387,1061,High Movement,1
21-262433,UN,CJ,PT,26,6,6,936,275,5717,275,Medium Movement,0
21-263978,UN,CJ,PT,25,6,6,900,222,4411,222,Medium Movement,0
21-264430,UN,CJ,PT,17,13,2,442,39,310,39,Low Movement,0
21-266440,UN,CJ,PT,8,25,6,1200,2257,49386,2257,High Movement,1
21-28459,UN,CJ,PT,21,8,8,1344,946,18752,946,High Movement,0
21-28450,UN,CJ,PT,21,9,8,1512,892,18425,892,High Movement,0
21-28796,UN,CJ,PT,15,22,19,6270,1,1,1,Low Movement,0
21-35418,UN,CJ,PT,21,7,7,1029,608,12632,608,Medium Movement,0
21-38444,UN,CJ,PT,21,8,11,1848,342,6393,342,Medium Movement,0
21-39147,UN,CJ,PT,21,8,8,1344,157,4672,157,Medium Movement,0
21-522670,UN,CJ,PT,17,3,10,510,26,7872,26,Low Movement,0
21-523547,UN,PT, ,24,6,12,1728,3,18,3,Low Movement,0
21-523509,UN,PT, ,20,12,6,1440,1341,5234,1341,High Movement,1
21-614607,UN,CJ,PT,20,11,6,1320,581,19242,581,Medium Movement,0
21-614608,UN,CJ,PT,17,3,10,510,754,28978,754,High Movement,0
21-614609,UN,CJ,PT,17,7,5,595,10,197,10,Low Movement,0
21-624678,UN,CJ,PT,8,9,3,216,28,966,28,Low Movement,0
21-631080,UN,CJ,PT,16,5,19,1520,242,3330,242,Medium Movement,0
21-633532,UN,CJ,PT,24,6,9,1296,572,9186,572,Medium Movement,0
21-633701,UN,CJ,PT,4,13,13,676,2482,80801,2482,High Movement,1
21-644382,UN,CJ,PT,4,9,16,576,1881,55769,1881,High Movement,1
21-661921,UN,CJ,PT,27,7,8,1512,346,5070,346,Medium Movement,0
21-662624,UN,PT, ,24,6,12,1728,47,9072,47,Low Movement,0
21-713803,UN,CJ,PT,19,7,4,532,314,4969,314,Medium Movement,0
21-714633,UN,CJ,PT,13,6,3,234,1732,57450,1732,High Movement,1
21-714636,UN,CJ,PT,12,6,3,216,1522,47739,1522,High Movement,1
21-715188,UN,CJ,PT,19,13,2,494,231,3613,231,Medium Movement,0
21-715194,UN,CJ,PT,20,10,5,1000,104,1624,104,Low Movement,0
21-715109,UN,CJ,PT,19,3,10,570,5,48,5,Low Movement,0
21-715467,UN,PT, ,19,6,17,1938,88,17388,88,Low Movement,0
21-715783,UN,CJ,PT,20,4,16,1280,6,48,6,Low Movement,0
21-715920,UN,CJ,PT,24,6,9,1296,511,7449,511,Medium Movement,0
21-717398,UN,CJ,PT,18,12,1,216,10,183,10,Low Movement,0
21-710692,UN,CJ,PT,25,6,6,900,869,16882,869,High Movement,0
21-722354,UN,CJ,PT,18,14,5,1260,8,30,8,Low Movement,0
21-722592,UN,CJ,PT,8,25,6,1200,346,5384,346,Medium Movement,0
21-723011,UN,CJ,PT,27,10,6,1620,195,2466,195,Medium Movement,0
21-724564,UN,CJ,PT,19,5,5,475,707,14142,707,High Movement,0
21-726162,UN,CJ,PT,13,7,6,546,1203,38125,1203,High Movement,1
21-726167,UN,CJ,PT,13,4,11,572,1011,31607,1011,High Movement,0
21-726628,UN,CJ,PT,13,10,5,650,61,1426,61,Low Movement,0
21-726055,UN,CJ,PT,27,15,8,3240,8,84,8,Low Movement,0
21-726058,UN,CJ,PT,14,8,8,896,635,12710,635,High Movement,0
21-726062,UN,CJ,PT,14,8,8,896,995,18793,995,High Movement,0
21-7275281,UN,CJ,PT,15,7,7,735,801,7462,801,High Movement,0
21-7275291,UN,CJ,PT,15,7,7,735,505,4661,505,Medium Movement,0
21-7275201,UN,CJ,PT,15,7,7,735,402,3701,402,Medium Movement,0
21-729761,UN,CJ,PT,18,7,4,504,744,11960,744,High Movement,0
21-720902,UN,PT, ,1,1,1,1,1,1,1,Low Movement,0
217316507H,UN,CJ,PT,24,6,6,864,18,287,18,Low Movement,0
21-732269,UN,CJ,PT,17,5,5,425,883,12996,883,High Movement,0
21-733213,UN,CJ,PT,32,12,27,10368,287,5480,287,Medium Movement,0
21-733362,UN,CJ,PT,24,15,11,3960,59,360,59,Low Movement,0
21-733363,UN,CJ,PT,16,7,7,784,41,406,41,Low Movement,0
21-734681,UN,CJ,PT,19,15,6,1710,1,5,1,Low Movement,0
21-734682,UN,CJ,PT,11,18,2,396,172,2578,172,Medium Movement,0
21-734716,UN,CJ,PT,25,6,6,900,2462,53618,2462,High Movement,1
21-735996,UN,CJ,PT,28,18,5,2520,772,4580,772,High Movement,0
21-735999,UN,CJ,PT,7,2,32,448,137,2061,137,Low Movement,0
21-735990,UN,CJ,PT,7,17,3,357,808,13190,808,High Movement,0
21-738609,UN,CJ,PT,24,6,6,864,3496,105501,3496,High Movement,3
21-738600,UN,CJ,PT,19,6,6,684,3900,133200,3900,High Movement,3
21-738768,UN,CJ,PT,26,1,16,416,100,1248,100,Low Movement,0
21-741133,UN,CJ,PT,19,6,6,684,455,6310,455,Medium Movement,0
21-741271,UN,PT, ,18,13,4,936,75,13777,75,Low Movement,0
21-743699,UN,CJ,PT,25,6,6,900,3635,63962,3635,High Movement,3
21-743690,UN,CJ,PT,11,18,2,396,172,2511,172,Medium Movement,0
21-743602,UN,CJ,PT,19,4,12,912,529,8130,529,Medium Movement,0
21-745474,UN,CJ,PT,18,12,1,216,31,391,31,Low Movement,0
21-748818,UN,CJ,PT,25,6,6,900,747,15235,747,High Movement,0
21-748819,UN,CJ,PT,1,1,1,1,192,3812,192,Medium Movement,0
21-748810,UN,CJ,PT,24,6,6,864,1337,39414,1337,High Movement,1
21-749293,UN,CJ,PT,24,6,6,864,266,4588,266,Medium Movement,0
21-749296,UN,CJ,PT,1,1,1,1,5,900,5,Low Movement,0
21-740506,UN,CJ,PT,19,3,12,684,66,586,66,Low Movement,0
21-752114,UN,CJ,PT,17,13,4,884,614,5951,614,Medium Movement,0
21-752132,UN,CJ,PT,26,6,6,936,116,3810,116,Low Movement,0
21-753419,UN,CJ,PT,25,6,6,900,158,1332,158,Medium Movement,0
21-753937,UN,CJ,PT,15,7,7,735,891,8326,891,High Movement,0
21-753077,UN,CJ,PT,21,8,8,1344,44,498,44,Low Movement,0
21-753079,UN,CJ,PT,1,1,1,1,391,7940,391,Medium Movement,0
21-753007,UN,CJ,PT,1,1,1,1,307,5654,307,Medium Movement,0
21-754919,UN,CJ,PT,20,4,16,1280,576,9073,576,Medium Movement,0
21-754910,UN,CJ,PT,19,13,2,494,372,6008,372,Medium Movement,0
21-755172,UN,CJ,PT,29,7,12,2436,177,2439,177,Medium Movement,0
21-755225,UN,CJ,PT,1,1,1,1,23,443,23,Low Movement,0
21-755322,UN,CJ,PT,29,9,9,2349,1158,14522,1158,High Movement,1
21-755324,UN,CJ,PT,29,9,9,2349,1224,15477,1224,High Movement,1
21-755329,UN,CJ,PT,29,9,9,2349,1246,16785,1246,High Movement,1
21-755458,UN,CJ,PT,1,1,1,1,68,786,68,Low Movement,0
21-755509,UN,PT, ,23,6,12,1656,116,23859,116,Low Movement,0
21-756028,UN,CJ,PT,1,1,1,1,188,3625,188,Medium Movement,0
21-757756,UN,CJ,PT,4,25,12,1200,482,9267,482,Medium Movement,0
21-757784,UN,CJ,PT,12,5,6,360,831,16847,831,High Movement,0
21-757707,UN,CJ,PT,29,7,12,2436,534,7447,534,Medium Movement,0
21-757856,UN,CJ,PT,8,25,6,1200,130,1895,130,Low Movement,0
21-757879,UN,CJ,PT,17,5,4,340,30,287,30,Low Movement,0
21-757895,UN,CJ,PT,2,9,8,144,2290,74979,2290,High Movement,1
21-757896,UN,CJ,PT,2,9,8,144,961,21028,961,High Movement,0
21-757957,UN,CJ,PT,3,10,10,300,1066,35308,1066,High Movement,1
21-757958,UN,CJ,PT,3,10,10,300,337,10086,337,Medium Movement,0
21-757961,UN,CJ,PT,3,10,10,300,299,7779,299,Medium Movement,0
21-758791,UN,CJ,PT,17,4,6,408,1300,24464,1300,High Movement,1
21-758703,UN,CJ,PT,17,5,4,340,596,7051,596,Medium Movement,0
21-758707,UN,CJ,PT,6,12,7,504,228,3298,228,Medium Movement,0
21-758709,UN,CJ,PT,5,13,9,585,293,4035,293,Medium Movement,0
21-758812,UN,CJ,PT,6,13,7,546,571,9953,571,Medium Movement,0
21-758869,UN,CJ,PT,17,4,6,408,385,4953,385,Medium Movement,0
21-759434,UN,CJ,PT,25,6,6,900,250,1908,250,Medium Movement,0
21-759437,UN,CJ,PT,25,6,6,900,405,3470,405,Medium Movement,0
21-750182,UN,CJ,PT,4,8,7,224,1039,28262,1039,High Movement,1
21-750193,UN,CJ,PT,18,4,8,576,795,9593,795,High Movement,0
21-750194,UN,CJ,PT,5,7,8,280,859,20506,859,High Movement,0
21-750196,UN,CJ,PT,19,8,11,1672,595,8607,595,Medium Movement,0
21-750197,UN,CJ,PT,4,7,7,196,1411,37870,1411,High Movement,1
21-750214,UN,CJ,PT,1,12,18,216,736,11224,736,High Movement,0
21-750215,UN,CJ,PT,4,8,7,224,2660,93048,2660,High Movement,1
21-750217,UN,CJ,PT,5,7,7,245,2467,90322,2467,High Movement,1
21-750218,UN,CJ,PT,18,14,4,1008,719,8005,719,High Movement,0
21-762949,UN,CJ,PT,26,10,6,1560,638,8542,638,High Movement,0
21-762951,UN,CJ,PT,30,7,10,2100,674,8124,674,High Movement,0
21-764441,UN,CJ,PT,31,17,9,4743,3,6,3,Low Movement,0
21-764476,UN,CJ,PT,19,6,6,684,230,2164,230,Medium Movement,0
21-764923,UN,CJ,PT,28,23,9,5796,836,5566,836,High Movement,0
21-765334,UN,CJ,PT,15,7,7,735,76,607,76,Low Movement,0
21-766781,UN,CJ,PT,17,6,5,510,408,7045,408,Medium Movement,0
21-766828,UN,CJ,PT,4,26,12,1248,435,6443,435,Medium Movement,0
21-766829,UN,CJ,PT,4,25,12,1200,939,15831,939,High Movement,0
21-766820,UN,CJ,PT,12,17,1,204,1016,17661,1016,High Movement,0
21-766832,UN,CJ,PT,17,3,15,765,992,17769,992,High Movement,0
21-767210,UN,CJ,PT,12,6,3,216,738,26260,738,High Movement,0
21-767823,UN,CJ,PT,13,8,8,832,692,12228,692,High Movement,0
21-771761,UN,CJ,PT,25,6,6,900,1675,38771,1675,High Movement,1
21-775226,UN,CJ,PT,18,6,5,540,703,5742,703,High Movement,0
21-775229,UN,CJ,PT,17,13,2,442,498,6436,498,Medium Movement,0
21-775220,UN,CJ,PT,17,4,5,340,303,3676,303,Medium Movement,0
21-775231,UN,CJ,PT,1,1,1,1,662,10620,662,High Movement,0
21-775252,UN,CJ,PT,17,6,5,510,447,3481,447,Medium Movement,0
21-775253,UN,CJ,PT,17,7,4,476,602,8121,602,Medium Movement,0
21-775255,UN,CJ,PT,1,1,1,1,502,4548,502,Medium Movement,0
21-775262,UN,CJ,PT,17,8,1,136,545,7674,545,Medium Movement,0
21-775266,UN,CJ,PT,17,13,2,442,877,7299,877,High Movement,0
21-775267,UN,CJ,PT,19,17,4,1292,582,4781,582,Medium Movement,0
21-775316,UN,CJ,PT,1,1,1,1,401,6111,401,Medium Movement,0
21-775488,UN,CJ,PT,21,18,3,1134,907,15826,907,High Movement,0
21-775097,UN,CJ,PT,21,4,16,1344,1,60,1,Low Movement,0
21-779299,UN,CJ,PT,8,25,6,1200,713,14048,713,High Movement,0
21-779205,UN,CJ,PT,22,10,16,3520,758,4946,758,High Movement,0
21-779737,UN,CJ,PT,1,1,1,1,24,473,24,Low Movement,0
21-770020,UN,CJ,PT,1,1,1,1,451,9874,451,Medium Movement,0
21-785633,UN,CJ,PT,1,1,1,1,94,2214,94,Low Movement,0
21-785635,UN,CJ,PT,1,1,1,1,106,2448,106,Low Movement,0
21-785948,UN,CJ,PT,1,1,1,1,20,366,20,Low Movement,0
21-785975,UN,CJ,PT,1,1,1,1,294,3194,294,Medium Movement,0
21-785977,UN,CJ,PT,1,1,1,1,83,951,83,Low Movement,0
21-786674,UN,CJ,PT,1,1,1,1,233,2971,233,Medium Movement,0
21-787156,UN,CJ,PT,1,1,1,1,2,810,2,Low Movement,0
21-787105,UN,CJ,PT,15,10,1,150,152,3021,152,Medium Movement,0
21-789072,UN,CJ,PT,1,1,1,1,137,1871,137,Low Movement,0
21-789078,UN,CJ,PT,1,1,1,1,70,2268,70,Low Movement,0
21-780496,UN,CJ,PT,1,1,1,1,9,78,9,Low Movement,0
21-792153,UN,CJ,PT,1,1,1,1,102,1398,102,Low Movement,0
21-792264,UN,CJ,PT,1,1,1,1,328,4568,328,Medium Movement,0
21-792265,UN,CJ,PT,9,9,9,729,35,414,35,Low Movement,0
21-793519,UN,CJ,PT,1,1,1,1,252,5094,252,Medium Movement,0
21-793525,UN,CJ,PT,1,1,1,1,262,4666,262,Medium Movement,0
21-793086,UN,PT, ,1,1,1,1,66,13608,66,Low Movement,0
21-794441,UN,CJ,PT,1,1,1,1,22,396,22,Low Movement,0
21-794862,UN,CJ,PT,1,1,1,1,630,13447,630,High Movement,0
21-794863,UN,CJ,PT,1,1,1,1,406,8161,406,Medium Movement,0
21-794864,UN,CJ,PT,1,1,1,1,225,5635,225,Medium Movement,0
21-794940,UN,CJ,PT,1,1,1,1,41,732,41,Low Movement,0
21-794951,UN,CJ,PT,1,1,1,1,128,1875,128,Low Movement,0
21-794952,UN,CJ,PT,1,1,1,1,127,1153,127,Low Movement,0
21-794954,UN,CJ,PT,1,1,1,1,43,807,43,Low Movement,0
21-794956,UN,CJ,PT,1,1,1,1,64,572,64,Low Movement,0
21-795335,UN,CJ,PT,1,1,1,1,1,54,1,Low Movement,0
21-795474,UN,CJ,PT,1,1,1,1,62,908,62,Low Movement,0
21-795499,UN,CJ,PT,1,1,1,1,61,818,61,Low Movement,0
21-796916,UN,CJ,PT,1,1,1,1,25,480,25,Low Movement,0
21-810461,UN,CJ,PT,14,17,16,3808,3,24,3,Low Movement,0
21-958002,UN,CJ,PT,24,5,10,1200,270,3859,270,Medium Movement,0
21-973578,UN,CJ,PT,19,3,8,456,984,14732,984,High Movement,0
21-973763,UN,CJ,PT,31,8,6,1488,426,6545,426,Medium Movement,0
21-973764,UN,CJ,PT,25,8,7,1400,443,7702,443,Medium Movement,0
21-973760,UN,CJ,PT,24,6,6,864,237,3533,237,Medium Movement,0
21-975177,UN,CJ,PT,4,8,16,512,1928,52691,1928,High Movement,1
21-975938,UN,CJ,PT,22,4,7,616,1137,21310,1137,High Movement,1
21-982105,UN,CJ,PT,8,25,6,1200,479,7174,479,Medium Movement,0
21-011402,UN,CJ,PT,21,10,8,1680,656,15420,656,High Movement,0
21-012528,UN,CJ,PT,21,6,37,4662,75,7263,75,Low Movement,0
21-021575,UN,CJ,PT,30,12,11,3960,209,2670,209,Medium Movement,0
25-11197,UN,CJ,PT,26,6,10,1560,58,990,58,Low Movement,0
25-11245,UN,CJ,PT,13,8,8,832,32,377,32,Low Movement,0
25-11380,UN,CJ,PT,24,5,10,1200,7,42,7,Low Movement,0
25-11411,UN,CJ,PT,26,9,17,3978,931,12359,931,High Movement,0
25-11741,UN,CJ,PT,13,8,8,832,1465,27320,1465,High Movement,1
25-11093,UN,CJ,PT,13,8,8,832,532,8937,532,Medium Movement,0
25-12181,UN,CJ,PT,13,8,8,832,32,678,32,Low Movement,0
25-12314,UN,CJ,PT,13,7,7,637,82,1760,82,Low Movement,0
25-12320,UN,CJ,PT,19,4,8,608,101,1300,101,Low Movement,0
25-12713,UN,CJ,PT,26,6,10,1560,42,587,42,Low Movement,0
25-12985,UN,CJ,PT,24,8,6,1152,211,1454,211,Medium Movement,0
25-13312,UN,CJ,PT,11,10,10,1100,108,551,108,Low Movement,0
25-13332,UN,CJ,PT,11,19,10,2090,243,1458,243,Medium Movement,0
25-13361,UN,CJ,PT,11,10,10,1100,327,2295,327,Medium Movement,0
25-13765,UN,CJ,PT,25,8,5,1000,177,1388,177,Medium Movement,0
25-13771,UN,CJ,PT,19,6,6,684,241,3708,241,Medium Movement,0
25-1304521,UN,CJ,PT,20,9,6,1080,322,3334,322,Medium Movement,0
25-1304761,UN,CJ,PT,20,9,6,1080,264,2812,264,Medium Movement,0
25-14127,UN,CJ,PT,20,9,5,900,280,3446,280,Medium Movement,0
25-14226,UN,CJ,PT,24,8,6,1152,345,3295,345,Medium Movement,0
25-14760,UN,CJ,PT,13,8,8,832,531,9648,531,Medium Movement,0
25-14778,UN,CJ,PT,13,8,8,832,2860,74409,2860,High Movement,1
25-14785,UN,CJ,PT,13,8,8,832,2754,65541,2754,High Movement,1
25-14842,UN,CJ,PT,14,24,8,2688,745,7582,745,High Movement,0
25-148426,UN,CJ,PT,1,1,1,1,10,227,10,Low Movement,0
25-15731,UN,CJ,PT,24,7,6,1008,233,1854,233,Medium Movement,0
25-15750,UN,CJ,PT,24,5,10,1200,197,1563,197,Medium Movement,0
25-15895,UN,CJ,PT,26,9,17,3978,78,696,78,Low Movement,0
25-15897,UN,CJ,PT,26,9,17,3978,81,799,81,Low Movement,0
25-15898,UN,CJ,PT,27,13,12,4212,352,3456,352,Medium Movement,0
25-15899,UN,CJ,PT,26,9,17,3978,249,3122,249,Medium Movement,0
25-16511,UN,CJ,PT,1,1,1,1,47,390,47,Low Movement,0
25-16612,UN,CJ,PT,1,1,1,1,13,144,13,Low Movement,0
25-16668,UN,CJ,PT,1,1,1,1,43,1778,43,Low Movement,0
25-16689,UN,CJ,PT,1,1,1,1,23,432,23,Low Movement,0
25-18202,UN,CJ,PT,24,8,6,1152,180,1474,180,Medium Movement,0
25-18084,UN,CJ,PT,20,9,5,900,287,3266,287,Medium Movement,0
25-10264,UN,CJ,PT,19,8,6,912,245,3255,245,Medium Movement,0
25-10399,UN,CJ,PT,25,8,6,1200,109,918,109,Low Movement,0
25-10426,UN,CJ,PT,20,9,5,900,145,1526,145,Low Movement,0
25-22731,UN,CJ,PT,13,8,8,832,154,1450,154,Medium Movement,0
25-38529,UN,CJ,PT,25,9,6,1350,1,6,1,Low Movement,0
25-38062,UN,CJ,PT,18,4,8,576,155,2180,155,Medium Movement,0
25-41146,UN,CJ,PT,1,1,1,1,46,2034,46,Low Movement,0
25-46570,UN,CJ,PT,13,24,8,2496,509,4650,509,Medium Movement,0
25-465707,UN,CJ,PT,1,1,1,1,8,91,8,Low Movement,0
25-47114,UN,CJ,PT,24,5,10,1200,41,423,41,Low Movement,0
25-47154,UN,CJ,PT,24,6,10,1440,4,24,4,Low Movement,0
25-47178,UN,CJ,PT,8,8,10,640,22,279,22,Low Movement,0
25-47721,UN,CJ,PT,13,8,8,832,1267,22270,1267,High Movement,1
25-47741,UN,CJ,PT,13,8,8,832,1256,25141,1256,High Movement,1
25-71426,UN,CJ,PT,20,8,6,960,1,1,1,Low Movement,0
25-05500,UN,CJ,PT,1,1,1,1,99,830,99,Low Movement,0
25-00854,UN,CJ,PT,23,5,8,920,26,189,26,Low Movement,0
25-00860,UN,CJ,PT,23,7,6,966,27,160,27,Low Movement,0
25-00876,UN,CJ,PT,27,6,10,1620,26,300,26,Low Movement,0
25-00882,UN,CJ,PT,27,9,7,1701,12,88,12,Low Movement,0
26-01431,UN,CJ,PT,1,1,1,1,43,258,43,Low Movement,0
26-02292,UN,CJ,PT,1,1,1,1,40,258,40,Low Movement,0
29-115331,UN,CJ,PT,1,1,1,1,152,1491,152,Medium Movement,0
29-115355,UN,CJ,PT,1,1,1,1,345,4417,345,Medium Movement,0
29-115379,UN,CJ,PT,1,1,1,1,287,3910,287,Medium Movement,0
29-12182,UN,CJ,PT,23,4,8,736,922,14191,922,High Movement,0
29-122261,UN,CJ,PT,1,1,1,1,73,960,73,Low Movement,0
29-122209,UN,CJ,PT,1,1,1,1,46,707,46,Low Movement,0
29-122353,UN,CJ,PT,1,1,1,1,494,13188,494,Medium Movement,0
29-122391,UN,CJ,PT,1,1,1,1,199,4158,199,Medium Movement,0
29-122308,UN,CJ,PT,1,1,1,1,713,33606,713,High Movement,0
29-122414,EX,CJ,PT,1,1,1,1,1188,3366,1188,High Movement,1
29-183328,UN,CJ,PT,22,10,4,880,1000,15161,1000,High Movement,0
29-183472,UN,CJ,PT,22,10,4,880,587,8388,587,Medium Movement,0
29-183403,UN,CJ,PT,22,10,4,880,1088,17921,1088,High Movement,1
29-183519,UN,CJ,PT,23,14,4,1288,667,8614,667,High Movement,0
29-183540,UN,CJ,PT,1,1,1,1,775,1466,775,High Movement,0
29-183571,UN,CJ,PT,22,4,7,616,493,5977,493,Medium Movement,0
29-183588,UN,CJ,PT,14,5,5,350,996,16576,996,High Movement,0
29-21691,UN,CJ,PT,14,5,5,350,339,8931,339,Medium Movement,0
29-210173,UN,CJ,PT,23,22,8,4048,153,1269,153,Medium Movement,0
29-228871,UN,CJ,PT,1,1,1,1,84,1777,84,Low Movement,0
29-24123,UN,CJ,PT,21,6,6,756,234,2127,234,Medium Movement,0
29-241826,UN,CJ,PT,1,1,1,1,112,1549,112,Low Movement,0
29-24437,UN,CJ,PT,16,6,6,576,1005,10243,1005,High Movement,0
29-24720,UN,CJ,PT,13,7,3,273,1483,17824,1483,High Movement,1
29-24751,UN,CJ,PT,12,7,3,252,1433,18725,1433,High Movement,1
29-24775,UN,CJ,PT,14,7,3,294,1408,15958,1408,High Movement,1
29-24782,UN,CJ,PT,14,7,3,294,1116,14127,1116,High Movement,1
29-299193,UN,CJ,PT,12,8,3,288,162,1897,162,Medium Movement,0
29-202748,UN,CJ,PT,1,1,1,1,26,3601,26,Low Movement,0
29-203596,UN,CJ,PT,12,8,3,288,110,1229,110,Low Movement,0
29-33854,UN,CJ,PT,15,11,18,2970,2023,224315,2023,High Movement,1
29-34832,UN,CJ,PT,16,8,4,512,565,6341,565,Medium Movement,0
29-34924,UN,CJ,PT,13,7,3,273,692,8452,692,High Movement,0
29-34948,UN,CJ,PT,13,7,3,273,1,12,1,Low Movement,0
29-35254,UN,CJ,PT,15,11,18,2970,1154,57336,1154,High Movement,1
29-35256,UN,CJ,PT,17,7,7,833,319,3769,319,Medium Movement,0
29-384947,UN,CJ,PT,7,11,2,154,180,1817,180,Medium Movement,0
29-384978,UN,CJ,PT,7,11,2,154,158,1619,158,Medium Movement,0
29-305881,UN,CJ,PT,12,14,4,672,1174,30099,1174,High Movement,1
29-305805,UN,CJ,PT,11,4,20,880,747,14514,747,High Movement,0
29-425626,UN,CJ,PT,23,4,8,736,761,11722,761,High Movement,0
29-425954,UN,CJ,PT,23,13,4,1196,271,3706,271,Medium Movement,0
29-425961,UN,CJ,PT,11,20,2,440,441,5774,441,Medium Movement,0
29-426580,UN,CJ,PT,9,3,21,567,799,11607,799,High Movement,0
29-426597,UN,CJ,PT,11,20,2,440,671,9587,671,High Movement,0
29-426900,UN,CJ,PT,11,5,10,550,774,13555,774,High Movement,0
29-426016,UN,CJ,PT,11,20,2,440,606,11046,606,Medium Movement,0
29-437810,UN,CJ,PT,9,17,3,459,231,2825,231,Medium Movement,0
29-437827,UN,CJ,PT,7,4,12,336,297,3670,297,Medium Movement,0
29-430501,UN,CJ,PT,1,1,1,1,31,5580,31,Low Movement,0
29-442600,UN,CJ,PT,29,8,20,4640,48,3001,48,Low Movement,0
29-448636,UN,CJ,PT,1,1,1,1,1099,28063,1099,High Movement,1
29-448643,UN,CJ,PT,2,23,9,414,447,7672,447,Medium Movement,0
29-448650,UN,CJ,PT,24,5,12,1440,221,3189,221,Medium Movement,0
29-459188,UN,CJ,PT,14,7,6,588,202,2779,202,Medium Movement,0
29-477359,UN,CJ,PT,1,1,1,1,329,4585,329,Medium Movement,0
29-477366,UN,CJ,PT,1,1,1,1,355,5041,355,Medium Movement,0
29-478494,UN,CJ,PT,18,5,5,450,405,4579,405,Medium Movement,0
29-487679,UN,CJ,PT,1,1,1,1,3,26,3,Low Movement,0
29-48914,UN,CJ,PT,22,4,8,704,987,14990,987,High Movement,0
29-48976,UN,CJ,PT,7,11,2,154,1548,32281,1548,High Movement,1
29-48907,UN,CJ,PT,7,11,2,154,984,20485,984,High Movement,0
29-405667,UN,CJ,PT,7,11,2,154,1,2,1,Low Movement,0
29-407203,UN,CJ,PT,28,8,20,4480,41,3225,41,Low Movement,0
29-409149,UN,CJ,PT,1,1,1,1,93,671,93,Low Movement,0
29-409521,UN,CJ,PT,1,1,1,1,198,2505,198,Medium Movement,0
29-64685,UN,CJ,PT,10,4,20,800,1623,46817,1623,High Movement,1
29-825178,UN,CJ,PT,21,6,6,756,232,3394,232,Medium Movement,0
29-825239,UN,CJ,PT,3,12,25,900,381,7368,381,Medium Movement,0
29-85830,T2,CJ,PT,12,14,4,672,2093,68301,2093,High Movement,1
29-85861,T4,CJ,PT,11,25,20,5500,1179,23734,1179,High Movement,1
29-85892,T2,CJ,PT,14,4,11,616,1453,49102,1453,High Movement,1
29-85939,T4,CJ,PT,11,4,20,880,1266,27334,1266,High Movement,1
29-85028,UN,CJ,PT,7,11,2,154,789,15550,789,High Movement,0
29-86254,UN,CJ,PT,7,11,2,154,695,12997,695,High Movement,0
29-91510,TX,CJ,PT,3,18,44,2376,3302,17123,3302,High Movement,3
29-920780,UN,CJ,PT,1,1,1,1,190,2100,190,Medium Movement,0
29-938174,UN,CJ,PT,15,11,18,2970,428,19892,428,Medium Movement,0
29-94983,UN,CJ,PT,3,21,12,756,1724,54595,1724,High Movement,1
29-94013,T4,CJ,PT,11,4,20,880,896,19318,896,High Movement,0
29-952873,UN,CJ,PT,22,4,7,616,671,10370,671,High Movement,0
29-95580,UN,CJ,PT,11,5,20,1100,1043,21437,1043,High Movement,1
29-975933,UN,CJ,PT,21,6,6,756,203,1868,203,Medium Movement,0
29-975940,UN,CJ,PT,19,5,5,475,225,2056,225,Medium Movement,0
29-975025,UN,CJ,PT,21,6,6,756,515,5669,515,Medium Movement,0
29-024065,UN,CJ,PT,15,6,5,450,1059,10480,1059,High Movement,1
29-024089,UN,CJ,PT,15,5,5,375,974,10177,974,High Movement,0
35-11127,UN,CJ,PT,22,8,8,1408,2,305,2,Low Movement,0
35-13925,UN,CJ,PT,1,1,1,1,223,6468,223,Medium Movement,0
35-174987,UN,CJ,PT,6,9,9,486,99,2882,99,Low Movement,0
35-20205,UN,CJ,PT,1,36,45,1620,9,3240,9,Low Movement,0
35-311610,UN,CJ,PT,48,5,5,1200,134,4916,134,Low Movement,0
35-311627,UN,CJ,PT,34,5,5,850,284,14486,284,Medium Movement,0
35-311634,UN,CJ,PT,34,5,5,850,458,25812,458,Medium Movement,0
35-311641,UN,CJ,PT,33,5,4,660,101,3403,101,Low Movement,0
35-311658,UN,CJ,PT,33,6,6,1188,167,3629,167,Medium Movement,0
35-311665,UN,CJ,PT,6,9,9,486,59,1944,59,Low Movement,0
35-41656,UN,CJ,PT,33,5,5,825,272,11707,272,Medium Movement,0
35-49046,UN,CJ,PT,2,39,15,1170,8,2040,8,Low Movement,0
35-54215,UN,CJ,PT,23,6,7,966,166,7196,166,Medium Movement,0
35-55199,UN,CJ,PT,30,8,5,1200,137,5370,137,Low Movement,0
35-82103,UN,CJ,PT,4,5,5,100,68,3156,68,Low Movement,0
35-92796,UN,CJ,PT,12,20,18,4320,48,390,48,Low Movement,0
35-92797,UN,CJ,PT,16,17,15,4080,45,362,45,Low Movement,0
35-92798,UN,CJ,PT,15,19,12,3420,31,207,31,Low Movement,0
35-92799,UN,CJ,PT,14,21,19,5586,44,314,44,Low Movement,0
35-92790,UN,CJ,PT,14,21,19,5586,39,308,39,Low Movement,0
36-111352,UN,CJ,PT,5,37,17,3145,77,187,77,Low Movement,0
36-131080,UN,CJ,PT,1,1,1,1,7,33,7,Low Movement,0
36-21AV-7Y,UN,CJ,PT,1,1,1,1,26,321,26,Low Movement,0
36-24AV,UN,CJ,PT,1,1,1,1,37,584,37,Low Movement,0
36-31059,UN,CJ,PT,1,1,1,1,2,4,2,Low Movement,0
36-31066,UN,CJ,PT,1,1,1,1,44,105,44,Low Movement,0
36-31073,UN,CJ,PT,1,1,1,1,37,99,37,Low Movement,0
36-3AAMFE,UN,CJ,PT,1,1,1,1,100,715,100,Low Movement,0
36-423AV,UN,CJ,PT,1,1,1,1,41,1278,41,Low Movement,0
36-5171123,UN,CJ,PT,17,5,5,425,713,13501,713,High Movement,0
36-5171130,UN,CJ,PT,17,5,5,425,482,8811,482,Medium Movement,0
36-5171147,UN,CJ,PT,17,5,5,425,692,12809,692,High Movement,0
36-5171215,UN,CJ,PT,22,8,5,880,507,9502,507,Medium Movement,0
36-565119,UN,CJ,PT,1,16,10,160,11,19,11,Low Movement,0
36-786AV,UN,CJ,PT,1,1,1,1,100,984,100,Low Movement,0
36-8MQ-23,EX,CJ,PT,2,20,10,400,2536,45048,2536,High Movement,1
36-926-7N7,UN,CJ,PT,17,7,7,833,12,1417,12,Low Movement,0
36-926NCTU,UN,CJ,PT,1,1,1,1,203,856,203,Medium Movement,0
36-935-5N3,UN,CJ,PT,12,2,13,312,392,24228,392,Medium Movement,0
36-935NCTU,UN,CJ,PT,1,1,1,1,189,756,189,Medium Movement,0
36-CJLFMFE,UN,CJ,PT,1,1,1,1,71,494,71,Low Movement,0
36-CJLFSFE,UN,CJ,PT,1,1,1,1,76,530,76,Low Movement,0
36-CJLGSPO,UN,CJ,PT,1,1,1,1,10,42,10,Low Movement,0
36-CSTHFM,UN,CJ,PT,1,1,1,1,8,41,8,Low Movement,0
36-CW5AAM,UN,CJ,PT,1,1,1,1,17,35,17,Low Movement,0
36-FGM7W,UN,CJ,PT,1,1,1,1,60,270,60,Low Movement,0
36-FW3AAMF,UN,CJ,PT,1,1,1,1,35,504,35,Low Movement,0
36-L3-3,UN,CJ,PT,11,5,8,440,2,48,2,Low Movement,0
36-L4-3,UN,CJ,PT,11,5,8,440,2,48,2,Low Movement,0
36-LF34A-2,UN,CJ,PT,10,4,20,800,68,1529,68,Low Movement,0
36-ME826-3,UN,CJ,PT,1,15,11,165,92,1576,92,Low Movement,0
36-ME835-3,UN,CJ,PT,8,27,12,2592,122,2123,122,Low Movement,0
36-MFE4AAA,UN,CJ,PT,26,10,10,2600,62,478,62,Low Movement,0
36-MFELFZ,UN,CJ,PT,5,37,17,3145,15,37,15,Low Movement,0
36-QT242A,UN,CJ,PT,26,10,10,2600,18,72,18,Low Movement,0
36-QT70,UN,CJ,PT,11,3,8,264,5,28,5,Low Movement,0
36-QT81,UN,CJ,PT,11,3,8,264,1,11,1,Low Movement,0
36-S23MFE,UN,CJ,PT,13,14,18,3276,60,442,60,Low Movement,0
36-S20MFE,UN,CJ,PT,17,14,21,4998,42,275,42,Low Movement,0
36-SMFE221,UN,CJ,PT,5,37,17,3145,385,4215,385,Medium Movement,0
36-TK2116,UN,CJ,PT,21,5,5,525,351,5676,351,Medium Movement,0
36-TK927,UN,CJ,PT,4,27,12,1296,361,3545,361,Medium Movement,0
36-TQ411,UN,CJ,PT,21,5,5,525,245,4210,245,Medium Movement,0
36-TVQFSME,UN,CJ,PT,1,1,1,1,30,305,30,Low Movement,0
36-WC2EMFE,UN,CJ,PT,1,1,1,1,125,1017,125,Low Movement,0
37-15597,T4,CJ,PT,11,13,1,143,4,22,4,Low Movement,0
37-27745,EX,CJ,PT,7,18,2,252,1421,9799,1421,High Movement,1
37-39593,EX,CJ,PT,2,8,18,288,1197,8005,1197,High Movement,1
37-432987,UN,CJ,PT,4,13,11,572,259,9677,259,Medium Movement,0
37-432017,UN,CJ,PT,12,1,7,84,226,9566,226,Medium Movement,0
37-432031,UN,CJ,PT,4,13,11,572,284,10905,284,Medium Movement,0
37-432062,UN,CJ,PT,4,13,11,572,212,8348,212,Medium Movement,0
37-45594,T6,CJ,PT,11,13,1,143,1061,73121,1061,High Movement,1
37-65593,T6,CJ,PT,11,13,1,143,1084,68890,1084,High Movement,1
37-7745,UN,CJ,PT,1,1,1,1,602,1442,602,Medium Movement,0
41-111493,UN,CJ,PT,1,1,1,1,40,2221,40,Low Movement,0
41-114323,UN,CJ,PT,1,1,1,1,196,6657,196,Medium Movement,0
41-114934,UN,CJ,PT,1,1,1,1,2,81,2,Low Movement,0
41-121718,UN,CJ,PT,27,8,2,432,482,7074,482,Medium Movement,0
41-121091,UN,CJ,PT,26,8,2,416,617,12129,617,Medium Movement,0
41-122964,UN,CJ,PT,1,1,1,1,389,16786,389,Medium Movement,0
41-125556,UN,CJ,PT,1,1,1,1,349,8054,349,Medium Movement,0
41-126061,UN,CJ,PT,1,1,1,1,300,9827,300,Medium Movement,0
41-128157,UN,CJ,PT,1,1,1,1,323,9032,323,Medium Movement,0
41-128164,UN,CJ,PT,1,1,1,1,503,12830,503,Medium Movement,0
41-120834,UN,CJ,PT,12,4,4,192,426,9158,426,Medium Movement,0
41-211396,UN,CJ,PT,25,8,2,400,1081,19103,1081,High Movement,1
41-211853,UN,CJ,PT,24,5,2,240,99,1640,99,Low Movement,0
41-235456,UN,CJ,PT,22,2,7,308,2,8,2,Low Movement,0
41-230239,UN,CJ,PT,24,2,8,384,1306,26302,1306,High Movement,1
41-230277,UN,CJ,PT,26,8,2,416,1529,32579,1529,High Movement,1
41-241099,UN,CJ,PT,23,4,5,460,1,12,1,Low Movement,0
41-242157,UN,CJ,PT,22,4,4,352,2571,91222,2571,High Movement,1
41-243185,UN,CJ,PT,20,4,4,320,684,23494,684,High Movement,0
41-278224,UN,CJ,PT,19,4,3,228,810,38181,810,High Movement,0
41-278231,UN,CJ,PT,22,4,4,352,4214,190043,4214,High Movement,3
41-278255,UN,CJ,PT,22,4,5,440,1641,74692,1641,High Movement,1
41-278767,UN,CJ,PT,17,4,5,340,477,14041,477,Medium Movement,0
41-282023,UN,CJ,PT,1,1,1,1,21,449,21,Low Movement,0
41-283310,UN,CJ,PT,21,4,13,1092,1158,56213,1158,High Movement,1
41-289770,UN,CJ,PT,27,3,24,1944,51,7392,51,Low Movement,0
41-36633,UN,CJ,PT,19,4,3,228,146,1714,146,Low Movement,0
41-380276,UN,CJ,PT,27,4,12,1296,1436,38030,1436,High Movement,1
41-418858,UN,CJ,PT,24,10,7,1680,475,5934,475,Medium Movement,0
41-418865,UN,CJ,PT,19,5,9,855,558,7287,558,Medium Movement,0
41-42101,UN,CJ,PT,24,2,4,192,146,3475,146,Low Movement,0
41-43970,UN,CJ,PT,19,5,9,855,290,4733,290,Medium Movement,0
41-452398,UN,CJ,PT,24,8,3,576,454,15202,454,Medium Movement,0
41-479569,UN,CJ,PT,21,4,4,336,997,38657,997,High Movement,0
41-482620,UN,CJ,PT,17,4,5,340,326,9738,326,Medium Movement,0
41-499598,UN,CJ,PT,25,8,2,400,198,3984,198,Medium Movement,0
41-499628,UN,CJ,PT,24,5,4,480,815,28462,815,High Movement,0
41-401273,UN,CJ,PT,1,1,1,1,247,7151,247,Medium Movement,0
41-403819,UN,CJ,PT,1,1,1,1,585,16597,585,Medium Movement,0
41-403826,UN,CJ,PT,17,4,5,340,245,8473,245,Medium Movement,0
41-405264,UN,CJ,PT,24,6,9,1296,159,2461,159,Medium Movement,0
41-405615,UN,CJ,PT,1,1,1,1,132,5927,132,Low Movement,0
41-407503,UN,CJ,PT,17,4,5,340,199,6362,199,Medium Movement,0
41-409538,UN,CJ,PT,1,1,1,1,805,20015,805,High Movement,0
41-524637,UN,CJ,PT,23,4,5,460,178,6119,178,Medium Movement,0
41-538396,UN,CJ,PT,1,1,1,1,141,4695,141,Low Movement,0
41-538303,UN,CJ,PT,1,1,1,1,2,24,2,Low Movement,0
41-57911,UN,CJ,PT,24,2,4,192,633,13528,633,High Movement,0
41-507415,UN,CJ,PT,1,1,1,1,119,5006,119,Low Movement,0
41-820043,UN,CJ,PT,6,25,2,300,154,2329,154,Medium Movement,0
41-842243,UN,CJ,PT,1,1,1,1,617,10722,617,Medium Movement,0
41-918189,EX,CJ,PT,24,10,7,1680,1353,6037,1353,High Movement,1
41-945257,UN,CJ,PT,27,4,12,1296,839,12963,839,High Movement,0
41-949552,UN,CJ,PT,21,4,4,336,926,30399,926,High Movement,0
41-940375,UN,CJ,PT,2,25,5,250,394,5361,394,Medium Movement,0
41-940382,UN,CJ,PT,2,25,5,250,462,6136,462,Medium Movement,0
41-940548,UN,CJ,PT,27,8,2,432,475,8565,475,Medium Movement,0
41-957335,UN,CJ,PT,21,3,12,756,639,9322,639,High Movement,0
41-966726,UN,CJ,PT,1,1,1,1,198,3026,198,Medium Movement,0
41-960747,UN,CJ,PT,1,1,1,1,12,44,12,Low Movement,0
92-268034,UN,CJ,PT,15,6,6,540,165,3955,165,Medium Movement,0
92-51117,UN,CJ,PT,16,6,6,576,662,16853,662,High Movement,0
92-52114,UN,CJ,PT,15,6,6,540,1293,39860,1293,High Movement,1
92-55115,UN,CJ,PT,15,6,6,540,919,20687,919,High Movement,0
92-584882,UN,CJ,PT,15,6,6,540,453,11981,453,Medium Movement,0
92-004211,UN,CJ,PT,15,6,6,540,405,10174,405,Medium Movement,0
99-112015,UN,CJ,PT,13,11,1,143,564,3750,564,Medium Movement,0
99-14528,EX,CJ,PT,12,11,11,1452,19,4178,19,Low Movement,0
99-146028,UN,CJ,PT,1,1,1,1,157,835,157,Medium Movement,0
99-146029,UN,CJ,PT,1,1,1,1,277,1580,277,Medium Movement,0
99-1851163,UN,CJ,PT,13,11,11,1573,2098,18777,2098,High Movement,1
99-1851164,UN,CJ,PT,17,14,14,3332,2264,24718,2264,High Movement,1
99-1851165,UN,CJ,PT,19,16,16,4864,2231,18146,2231,High Movement,1
99-1851166,UN,CJ,PT,17,14,14,3332,960,15484,960,High Movement,0
99-1852131,UN,CJ,PT,13,11,11,1573,1239,10558,1239,High Movement,1
99-1852148,UN,CJ,PT,17,14,14,3332,1545,9274,1545,High Movement,1
99-523684,UN,CJ,PT,1,1,1,1,71,408,71,Low Movement,0
99-523806,UN,CJ,PT,1,1,1,1,47,6312,47,Low Movement,0
99-523912,UN,CJ,PT,1,1,1,1,36,4443,36,Low Movement,0
99-523929,UN,CJ,PT,1,1,1,1,19,3600,19,Low Movement,0
99-523936,UN,CJ,PT,1,1,1,1,32,6624,32,Low Movement,0
99-523981,UN,CJ,PT,1,1,1,1,212,2557,212,Medium Movement,0
99-523982,UN,CJ,PT,1,1,1,1,67,970,67,Low Movement,0
99-537167,UN,CJ,PT,12,11,11,1452,453,3167,453,Medium Movement,0
99-6914562,UN,CJ,PT,25,13,17,5525,73,378,73,Low Movement,0
99-6914586,UN,CJ,PT,25,13,17,5525,100,610,100,Low Movement,0
99-818735,UN,CJ,PT,13,11,11,1573,1188,9890,1188,High Movement,1
99-912766,UN,CJ,PT,1,1,1,1,335,3581,335,Medium Movement,0
99-912773,UN,CJ,PT,1,1,1,1,385,2017,385,Medium Movement,0
99-912797,UN,CJ,PT,1,1,1,1,486,1849,486,Medium Movement,0
99-914715,UN,CJ,PT,13,11,11,1573,192,1721,192,Medium Movement,0
99-915910,UN,CJ,PT,24,17,18,7344,69,375,69,Low Movement,0
99-915934,UN,CJ,PT,25,17,18,7650,50,246,50,Low Movement,0
99-917099,UN,CJ,PT,25,13,17,5525,59,4493,59,Low Movement,0
99-918188,UN,CJ,PT,25,13,17,5525,1223,7143,1223,High Movement,1
99-918195,UN,CJ,PT,1,1,1,1,83,3813,83,Low Movement,0
99-921829,UN,CJ,PT,1,1,1,1,1,7,1,Low Movement,0
A2-11081,UN,CJ,PT,5,9,22,990,2149,97628,2149,High Movement,1
A2-37077,UN,CJ,PT,22,9,13,2574,99,1473,99,Low Movement,0
A2-41130,UN,CJ,PT,4,15,21,1260,1893,74556,1893,High Movement,1
A2-41168,EX,CJ,PT,20,12,11,2640,1997,9878,1997,High Movement,1
A2-41189,EX,CJ,PT,20,12,11,2640,3863,33128,3863,High Movement,3
A2-41180,UN,CJ,PT,4,15,22,1320,6342,590965,6342,High Movement,3
A2-41638,UN,CJ,PT,1,1,1,1,2714,148320,2714,High Movement,1
A2-41648,UN,CJ,PT,55,14,3,2310,693,38580,693,High Movement,0
A291119148,UN,CJ,PT,3,14,21,882,3092,179551,3092,High Movement,1
A291119156,UN,CJ,PT,3,14,21,882,2345,93127,2345,High Movement,1
A291119163,UN,CJ,PT,7,10,21,1470,2810,162426,2810,High Movement,1
A291719129,UN,CJ,PT,17,10,10,1700,439,11248,439,Medium Movement,0
A291719137,UN,CJ,PT,17,10,9,1530,419,10911,419,Medium Movement,0
A291719228,UN,CJ,PT,20,12,11,2640,593,9501,593,Medium Movement,0
A291719483,UN,CJ,PT,25,13,13,4225,583,7815,583,Medium Movement,0
A297132483,UN,CJ,PT,3,14,21,882,789,22508,789,High Movement,0
A297132517,UN,CJ,PT,5,9,21,945,1031,25458,1031,High Movement,0
A3-11120,UN,CJ,PT,8,21,28,4704,948,20416,948,High Movement,0
A3-11151,UN,CJ,PT,9,18,14,2268,347,13024,347,Medium Movement,0
A3-11163,UN,CJ,PT,9,32,17,4896,3732,228379,3732,High Movement,3
A3-11164,UN,CJ,PT,9,32,17,4896,1408,38446,1408,High Movement,1
A3-11165,UN,CJ,PT,9,32,17,4896,2488,86162,2488,High Movement,1
A3-11166,UN,CJ,PT,9,32,18,5184,3168,156198,3168,High Movement,1
A3-11167,UN,CJ,PT,18,16,18,5184,2837,126664,2837,High Movement,1
A3-11218,UN,CJ,PT,8,21,27,4536,510,11289,510,Medium Movement,0
A3-11486,UN,CJ,PT,13,9,4,468,3177,335641,3177,High Movement,1
A3-11493,UN,CJ,PT,13,9,4,468,3089,305258,3089,High Movement,1
A3-11400,UN,CJ,PT,7,9,8,504,3055,266093,3055,High Movement,1
A3-11086,UN,CJ,PT,1,1,1,1,244,3022,244,Medium Movement,0
A3-12120,UN,CJ,PT,1,1,1,1,250,3146,250,Medium Movement,0
A3-16579,UN,CJ,PT,8,17,25,3400,497,7507,497,Medium Movement,0
A3-16581,UN,CJ,PT,8,33,13,3432,477,6942,477,Medium Movement,0
A3-16678,UN,CJ,PT,18,13,5,1170,305,4224,305,Medium Movement,0
A3-17313,UN,PT, ,21,31,32,20832,66,7082,66,Low Movement,0
A3-24393,UN,CJ,PT,26,6,20,3120,380,5447,380,Medium Movement,0
A3-26083,UN,CJ,PT,8,10,11,880,537,10592,537,Medium Movement,0
A3-27035,UN,CJ,PT,21,8,13,2184,30,437,30,Low Movement,0
A3-41610,UN,CJ,PT,9,10,10,900,872,32507,872,High Movement,0
A3-41621,UN,CJ,PT,9,10,10,900,870,29315,870,High Movement,0
A3-41622,UN,CJ,PT,9,10,10,900,871,28999,871,High Movement,0
A3-41623,UN,CJ,PT,9,10,10,900,969,32996,969,High Movement,0
A3-41643,UN,CJ,PT,9,10,10,900,504,15299,504,Medium Movement,0
A3-41644,UN,CJ,PT,9,10,10,900,162,5937,162,Medium Movement,0
A3-41653,UN,CJ,PT,1,1,1,1,153,18106,153,Medium Movement,0
A3-41657,UN,CJ,PT,1,1,1,1,1337,42550,1337,High Movement,1
A3-45229,UN,CJ,PT,7,3,17,357,4877,372716,4877,High Movement,3
A3-45236,UN,CJ,PT,7,3,17,357,4326,312758,4326,High Movement,3
A3-45243,UN,CJ,PT,7,3,16,336,2616,169210,2616,High Movement,1
A3-45250,UN,CJ,PT,7,3,16,336,5106,409031,5106,High Movement,3
A3-45274,UN,CJ,PT,7,10,16,1120,1508,37522,1508,High Movement,1
A3-45281,UN,CJ,PT,1,1,1,1,727,19485,727,High Movement,0
A3-45205,UN,CJ,PT,7,5,33,1155,1687,44448,1687,High Movement,1
A3-45540,UN,CJ,PT,1,1,1,1,1045,25319,1045,High Movement,1
A3-45557,UN,CJ,PT,1,1,1,1,235,5832,235,Medium Movement,0
A3-45564,UN,CJ,PT,16,28,4,1792,1009,27194,1009,High Movement,0
A3-45571,UN,CJ,PT,1,1,1,1,1181,37663,1181,High Movement,1
A3-52415,UN,CJ,PT,1,1,1,1,457,16919,457,Medium Movement,0
A3-52423,UN,CJ,PT,1,1,1,1,41,807,41,Low Movement,0
A3-58081,UN,CJ,PT,18,13,5,1170,2310,37820,2310,High Movement,1
A3-58098,UN,CJ,PT,18,12,5,1080,2408,53831,2408,High Movement,1
A3-61234,UN,CJ,PT,28,18,5,2520,38,1884,38,Low Movement,0
A3-74335,UN,CJ,PT,26,16,7,2912,430,5937,430,Medium Movement,0
A3-74302,UN,CJ,PT,18,13,5,1170,2888,64854,2888,High Movement,1
A3-75530,UN,CJ,PT,1,1,1,1,394,5603,394,Medium Movement,0
A391956259,UN,CJ,PT,20,9,13,2340,56,791,56,Low Movement,0
A391956522,UN,CJ,PT,21,9,13,2457,118,1631,118,Low Movement,0
A392056248,UN,CJ,PT,18,13,5,1170,449,6430,449,Medium Movement,0
A392056271,UN,CJ,PT,18,4,16,1152,258,3526,258,Medium Movement,0
A393156584,UN,CJ,PT,18,4,16,1152,299,4299,299,Medium Movement,0
A393156650,UN,CJ,PT,7,18,18,2268,3839,188049,3839,High Movement,3
A393156675,UN,CJ,PT,7,18,18,2268,3349,166898,3349,High Movement,3
A393156683,UN,CJ,PT,7,18,18,2268,3474,153284,3474,High Movement,3
A393256129,UN,CJ,PT,26,6,20,3120,618,8965,618,Medium Movement,0
A393256153,UN,CJ,PT,12,6,6,432,451,33418,451,Medium Movement,0
A393256160,UN,CJ,PT,28,20,7,3920,461,7606,461,Medium Movement,0
A393256186,UN,CJ,PT,26,6,20,3120,350,5314,350,Medium Movement,0
A393256210,UN,CJ,PT,23,8,13,2392,1415,24228,1415,High Movement,1
A393256244,UN,CJ,PT,20,28,7,3920,1382,27376,1382,High Movement,1
A393256252,UN,CJ,PT,28,20,7,3920,413,6389,413,Medium Movement,0
A396219107,UN,CJ,PT,18,12,4,864,2585,82357,2585,High Movement,1
A396219231,UN,CJ,PT,22,5,16,1760,1204,33342,1204,High Movement,1
A396219272,UN,CJ,PT,17,12,4,816,1684,53231,1684,High Movement,1
A396219280,UN,CJ,PT,18,13,5,1170,3189,98174,3189,High Movement,1
A396219298,UN,CJ,PT,22,5,16,1760,1208,32112,1208,High Movement,1
A396219314,UN,CJ,PT,22,16,5,1760,1660,53287,1660,High Movement,1
A396219348,UN,CJ,PT,20,14,3,840,2901,132111,2901,High Movement,1
A396219371,UN,CJ,PT,21,15,2,630,4343,220334,4343,High Movement,3
A399141242,UN,CJ,PT,22,8,8,1408,2203,45411,2203,High Movement,1
A399141250,UN,CJ,PT,25,10,8,2000,471,10490,471,Medium Movement,0
A399141267,UN,CJ,PT,22,6,10,1320,733,14784,733,High Movement,0
A399141275,UN,CJ,PT,25,7,11,1925,250,5428,250,Medium Movement,0
A399141283,UN,CJ,PT,28,11,17,5236,851,18181,851,High Movement,0
A3-02102,UN,CJ,PT,25,5,20,2500,313,5376,313,Medium Movement,0
A5-11292,UN,CJ,PT,23,7,7,1127,10913,1464142,10913,High Movement,3
A5-11293,UN,CJ,PT,23,7,7,1127,8952,947960,8952,High Movement,3
A5-11294,UN,CJ,PT,23,7,7,1127,11774,1637843,11774,High Movement,3
A5-11295,UN,CJ,PT,23,7,7,1127,5562,487061,5562,High Movement,3
A5-11296,UN,CJ,PT,22,7,7,1078,2443,109584,2443,High Movement,1
A5-11298,UN,CJ,PT,23,7,7,1127,5100,343786,5100,High Movement,3
A5-11319,UN,CJ,PT,22,7,7,1078,4667,367022,4667,High Movement,3
A5-11359,UN,CJ,PT,1,1,1,1,5118,484681,5118,High Movement,3
A5-23387,UN,CJ,PT,1,1,1,1,307,5497,307,Medium Movement,0
A5-45145,UN,CJ,PT,15,14,40,8400,71,1012,71,Low Movement,0
A5-45146,UN,CJ,PT,15,14,14,2940,117,1475,117,Low Movement,0
A5-45147,UN,CJ,PT,16,15,14,3360,151,1719,151,Medium Movement,0
A5-49326,UN,CJ,PT,13,6,4,312,6172,705404,6172,High Movement,3
A5-49327,UN,CJ,PT,13,6,4,312,4819,436557,4819,High Movement,3
A5-49328,UN,CJ,PT,13,6,4,312,6391,706058,6391,High Movement,3
A5-40493,UN,CJ,PT,28,8,9,2016,1479,29841,1479,High Movement,1
A5-40494,UN,CJ,PT,28,8,8,1792,1169,21865,1169,High Movement,1
A5-40495,UN,CJ,PT,1,1,1,1,885,16332,885,High Movement,0
A592662184,UN,CJ,PT,27,13,12,4212,333,4213,333,Medium Movement,0
A592662192,UN,CJ,PT,27,13,12,4212,611,6962,611,Medium Movement,0
A592662100,UN,CJ,PT,27,13,12,4212,250,2763,250,Medium Movement,0
A592662390,UN,CJ,PT,27,13,12,4212,163,1934,163,Medium Movement,0
A594862311,UN,CJ,PT,12,10,10,1200,209,4097,209,Medium Movement,0
A594862329,UN,CJ,PT,13,10,10,1300,370,6738,370,Medium Movement,0
A594862337,UN,CJ,PT,12,10,10,1200,161,2563,161,Medium Movement,0
A6-14110,UN,CJ,PT,25,6,6,900,51,1424,51,Low Movement,0
A6A6112149,UN,CJ,PT,25,5,8,1000,408,13493,408,Medium Movement,0
A6A6112157,UN,CJ,PT,25,6,6,900,9,84,9,Low Movement,0
A6A6112172,UN,CJ,PT,21,6,6,756,210,4348,210,Medium Movement,0
A6A6112313,UN,CJ,PT,22,6,6,792,256,5575,256,Medium Movement,0
A9-13503,UN,CJ,PT,1,1,1,1,196,2874,196,Medium Movement,0
A9-25108,UN,CJ,PT,1,1,1,1,1132,48074,1132,High Movement,1
A9-32681,UN,CJ,PT,25,9,9,2025,3281,341825,3281,High Movement,3
A9-32601,UN,CJ,PT,21,7,7,1029,3710,306153,3710,High Movement,3
A9-33101,UN,CJ,PT,29,10,10,2900,37,858,37,Low Movement,0
A0J1921238,UN,CJ,PT,21,16,16,5376,324,3260,324,Medium Movement,0
AE-11820,UN,CJ,PT,19,8,4,608,4,31,4,Low Movement,0
AE-11011,UN,CJ,PT,8,6,5,240,66,900,66,Low Movement,0
AE-15191,UN,CJ,PT,15,7,3,315,467,26099,467,Medium Movement,0
AE-15108,UN,CJ,PT,13,5,7,455,462,16947,462,Medium Movement,0
AE-15214,UN,CJ,PT,11,4,2,88,335,9191,335,Medium Movement,0
AE-16844,UN,CJ,PT,9,3,2,54,7,114,7,Low Movement,0
AE-17780,UN,CJ,PT,10,27,3,810,83,2731,83,Low Movement,0
AE-19977,UN,CJ,PT,1,10,17,170,331,8935,331,Medium Movement,0
AE-10614,UN,CJ,PT,1,10,17,170,311,6180,311,Medium Movement,0
AE-23943,UN,CJ,PT,1,1,1,1,5,331,5,Low Movement,0
AE-24208,UN,CJ,PT,1,1,1,1,45,542,45,Low Movement,0
AE-31211,UN,CJ,PT,7,9,5,315,179,3237,179,Medium Movement,0
AE-31228,UN,CJ,PT,12,5,5,300,434,12163,434,Medium Movement,0
AE-31081,UN,CJ,PT,1,1,1,1,15,98,15,Low Movement,0
AE-32132,UN,CJ,PT,1,1,1,1,25,177,25,Low Movement,0
AE-32613,UN,CJ,PT,1,1,1,1,11,47,11,Low Movement,0
AE-51591,UN,CJ,PT,19,8,4,608,133,1482,133,Low Movement,0
AE-51676,UN,CJ,PT,1,1,1,1,27,249,27,Low Movement,0
AE-51683,UN,CJ,PT,1,1,1,1,30,278,30,Low Movement,0
AE-51713,UN,CJ,PT,1,1,1,1,16,135,16,Low Movement,0
AE-51829,UN,CJ,PT,1,1,1,1,13,167,13,Low Movement,0
AE-54848,UN,CJ,PT,1,1,1,1,6,22,6,Low Movement,0
AE-61331,UN,CJ,PT,1,1,1,1,5,120,5,Low Movement,0
AE-82476,UN,CJ,PT,19,8,2,304,47,2264,47,Low Movement,0
AE-82490,UN,CJ,PT,18,9,3,486,82,2496,82,Low Movement,0
AE-83596,UN,CJ,PT,12,4,3,144,63,1609,63,Low Movement,0
AE-08480,UN,CJ,PT,23,5,5,575,19,107,19,Low Movement,0
AM-6287,UN,CJ,PT,10,23,28,6440,256,2214,256,Medium Movement,0
AM-814422,UN,CJ,PT,23,42,12,11592,738,4404,738,High Movement,0
AM-8161,UN,CJ,PT,7,47,25,8225,2483,36446,2483,High Movement,1
AM-81612,UN,CJ,PT,23,11,26,6578,781,6873,781,High Movement,0
AM-816132,UN,CJ,PT,1,1,1,1,595,7084,595,Medium Movement,0
AM-8171,UN,CJ,PT,7,19,24,3192,1910,25864,1910,High Movement,1
AM-81712,UN,CJ,PT,29,12,25,8700,572,5167,572,Medium Movement,0
AM-817132,UN,CJ,PT,1,1,1,1,452,5141,452,Medium Movement,0
AM-8176,UN,CJ,PT,20,8,19,3040,3093,46230,3093,High Movement,1
AM-81762,UN,CJ,PT,22,26,14,8008,948,8142,948,High Movement,0
AM-817632,UN,CJ,PT,12,22,4,1056,1883,29664,1883,High Movement,1
AM-82532,UN,CJ,PT,20,45,12,10800,840,5422,840,High Movement,0
AM-82542,UN,CJ,PT,23,45,11,11385,954,5694,954,High Movement,0
AM-825427,UN,CJ,PT,1,1,1,1,1916,20246,1916,High Movement,1
AM-82552,UN,CJ,PT,25,45,11,12375,975,5821,975,High Movement,0
AM-825526,UN,CJ,PT,1,1,1,1,1959,20723,1959,High Movement,1
AM-82562,UN,CJ,PT,21,44,11,10164,628,3759,628,High Movement,0
AM-8421,UN,CJ,PT,22,22,10,4840,1856,16612,1856,High Movement,1
AM-842126,UN,CJ,PT,1,1,1,1,2434,29896,2434,High Movement,1
AM-8438,UN,CJ,PT,25,21,10,5250,1733,16182,1733,High Movement,1
AM-8445,UN,CJ,PT,23,21,10,4830,1864,17393,1864,High Movement,1
AM-8452,UN,CJ,PT,24,21,12,6048,1238,11379,1238,High Movement,1
AM-8469,UN,CJ,PT,22,22,11,5324,1326,12881,1326,High Movement,1
AM-0071,UN,CJ,PT,12,45,26,14040,186,1228,186,Medium Movement,0
AS-23674,UN,CJ,PT,21,6,12,1512,571,16095,571,Medium Movement,0
AS-27283,UN,CJ,PT,17,14,13,3094,657,9191,657,High Movement,0
AS-27290,UN,CJ,PT,17,14,13,3094,599,6042,599,Medium Movement,0
AS-27207,UN,CJ,PT,12,11,11,1452,824,11755,824,High Movement,0
AS-27313,UN,CJ,PT,12,11,11,1452,1113,11439,1113,High Movement,1
AS-27320,UN,CJ,PT,19,6,14,1596,952,30106,952,High Movement,0
AS-32249,UN,CJ,PT,20,6,13,1560,198,9769,198,Medium Movement,0
AS-32287,UN,CJ,PT,20,6,12,1440,105,8715,105,Low Movement,0
AS-32423,UN,CJ,PT,26,15,7,2730,146,2133,146,Low Movement,0
AS-32447,UN,CJ,PT,27,7,15,2835,88,2519,88,Low Movement,0
AS-80190,UN,CJ,PT,17,14,13,3094,2226,24920,2226,High Movement,1
AS-80101,UN,CJ,PT,22,16,16,5632,1692,22929,1692,High Movement,1
AS-80211,UN,CJ,PT,12,11,11,1452,2221,32458,2221,High Movement,1
AS-01012,UN,CJ,PT,29,15,7,3045,1499,31851,1499,High Movement,1
AS-01013,UN,CJ,PT,12,11,11,1452,3856,90469,3856,High Movement,3
AS-01014,UN,CJ,PT,17,14,13,3094,3492,46404,3492,High Movement,3
AS-01015,UN,CJ,PT,22,16,16,5632,2573,31084,2573,High Movement,1
AS-01067,UN,CJ,PT,12,10,11,1320,828,9227,828,High Movement,0
AS-01068,UN,CJ,PT,17,14,13,3094,541,3754,541,Medium Movement,0
AS-01069,UN,CJ,PT,12,11,11,1452,1020,10120,1020,High Movement,0
AS-01060,UN,CJ,PT,17,13,13,2873,977,8304,977,High Movement,0
AS-02211,UN,CJ,PT,18,13,13,3042,355,5045,355,Medium Movement,0
C2-16524,UN,CJ,PT,1,1,1,1,349,5318,349,Medium Movement,0
C2-16527,UN,CJ,PT,1,1,1,1,301,5089,301,Medium Movement,0
C2-16529,UN,CJ,PT,1,1,1,1,100,1632,100,Low Movement,0
C2-17938,UN,CJ,PT,1,1,1,1,272,3918,272,Medium Movement,0
C2-17947,UN,CJ,PT,1,1,1,1,205,3054,205,Medium Movement,0
C2-17948,UN,CJ,PT,1,1,1,1,99,1424,99,Low Movement,0
C2-19085,UN,CJ,PT,1,1,1,1,157,2539,157,Medium Movement,0
C2-19086,UN,CJ,PT,22,10,6,1320,111,1605,111,Low Movement,0
C2-19087,UN,CJ,PT,1,1,1,1,177,2628,177,Medium Movement,0
C2-19088,UN,CJ,PT,1,1,1,1,121,1874,121,Low Movement,0
C2-21039,UN,CJ,PT,1,1,1,1,77,1196,77,Low Movement,0
C2-21046,UN,CJ,PT,1,1,1,1,9,144,9,Low Movement,0
C2-21053,UN,CJ,PT,1,1,1,1,112,1756,112,Low Movement,0
C7-15347,UN,CJ,PT,21,7,7,1029,147,3131,147,Low Movement,0
C7-15348,UN,CJ,PT,25,5,12,1500,140,2363,140,Low Movement,0
C7-15395,UN,CJ,PT,17,6,6,612,328,5594,328,Medium Movement,0
C7-15396,UN,CJ,PT,21,7,7,1029,116,1661,116,Low Movement,0
C7-15397,UN,CJ,PT,22,7,7,1078,84,1440,84,Low Movement,0
C7-15398,UN,CJ,PT,25,8,8,1600,5,90,5,Low Movement,0
C7-15624,UN,CJ,PT,26,9,9,2106,50,820,50,Low Movement,0
C7-15625,UN,CJ,PT,26,9,9,2106,72,776,72,Low Movement,0
C7-15626,UN,CJ,PT,17,6,6,612,116,2055,116,Low Movement,0
C704831237,UN,CJ,PT,28,12,11,3696,27,654,27,Low Movement,0
C8-1151,UN,CJ,PT,9,6,6,324,866,41400,866,High Movement,0
C8-1152,UN,CJ,PT,9,6,6,324,712,29847,712,High Movement,0
C8-1154,UN,CJ,PT,11,8,8,704,291,8106,291,Medium Movement,0
C8-1249,UN,CJ,PT,1,1,1,1,62,1140,62,Low Movement,0
C8-1256,UN,CJ,PT,1,1,1,1,65,1122,65,Low Movement,0
C8-18186,UN,CJ,PT,16,10,4,640,97,1344,97,Low Movement,0
C8-18187,UN,CJ,PT,16,10,5,800,172,2823,172,Medium Movement,0
C8-18189,UN,CJ,PT,16,10,4,640,51,762,51,Low Movement,0
C8-1907,UN,CJ,PT,4,9,9,324,2652,215394,2652,High Movement,1
C8-1908,UN,CJ,PT,4,9,9,324,2836,268796,2836,High Movement,1
C8-4193,UN,CJ,PT,1,1,1,1,133,6190,133,Low Movement,0
C8-4459,UN,CJ,PT,1,1,1,1,2487,134764,2487,High Movement,1
C8-5926,UN,CJ,PT,1,1,1,1,1241,57874,1241,High Movement,1
C8-6912,UN,CJ,PT,1,1,1,1,20,73,20,Low Movement,0
C8-60167,UN,CJ,PT,15,3,12,540,599,10128,599,Medium Movement,0
C8-60667,UN,CJ,PT,14,8,4,448,384,4981,384,Medium Movement,0
C8-8217,UN,CJ,PT,1,1,1,1,11,191,11,Low Movement,0
C8-9238,UN,CJ,PT,1,1,1,1,25,408,25,Low Movement,0
C896917167,UN,CJ,PT,3,9,9,243,90,2752,90,Low Movement,0
C896917423,UN,CJ,PT,5,10,10,500,26,1776,26,Low Movement,0
C896917431,UN,CJ,PT,4,9,9,324,3257,232386,3257,High Movement,3
C896917449,UN,CJ,PT,4,9,9,324,3630,252371,3630,High Movement,3
C8-977164,UN,CJ,PT,4,26,34,3536,83,4081,83,Low Movement,0
C8-977214,UN,CJ,PT,3,9,9,243,39,1428,39,Low Movement,0
C8-977205,UN,CJ,PT,4,9,9,324,40,612,40,Low Movement,0
C8-977206,UN,CJ,PT,4,9,9,324,28,420,28,Low Movement,0
C8-977207,UN,CJ,PT,4,9,9,324,66,918,66,Low Movement,0
C8-977374,UN,CJ,PT,3,9,9,243,37,946,37,Low Movement,0
C8-977384,UN,CJ,PT,3,9,9,243,38,1140,38,Low Movement,0
C098815153,UN,CJ,PT,29,3,6,522,117,3075,117,Low Movement,0
C098815178,UN,CJ,PT,29,4,8,928,130,3289,130,Low Movement,0
C098815186,UN,CJ,PT,29,3,6,522,83,2567,83,Low Movement,0
C098815194,UN,CJ,PT,29,4,8,928,81,1086,81,Low Movement,0
C098815236,UN,CJ,PT,29,4,7,812,81,1940,81,Low Movement,0
C098815244,UN,CJ,PT,29,4,7,812,120,3337,120,Low Movement,0
C098815293,UN,CJ,PT,28,7,11,2156,800,14590,800,High Movement,0
CM-111128,UN,CJ,PT,24,7,7,1176,5487,269298,5487,High Movement,3
CM-111142,UN,CJ,PT,31,15,10,4650,5124,102221,5124,High Movement,3
CM-111326,UN,CJ,PT,24,7,7,1176,5576,194314,5576,High Movement,3
CM-111340,UN,CJ,PT,8,33,40,10560,4443,76253,4443,High Movement,3
CM-111524,UN,CJ,PT,24,7,7,1176,4642,153359,4642,High Movement,3
CM-111548,UN,CJ,PT,31,15,10,4650,4439,77273,4439,High Movement,3
CM-111722,UN,CJ,PT,24,7,7,1176,5259,180134,5259,High Movement,3
CM-111746,UN,CJ,PT,31,15,10,4650,4989,86991,4989,High Movement,3
CM-111814,UN,CJ,PT,31,15,20,9300,3230,32959,3230,High Movement,1
CM-111821,UN,CJ,PT,31,15,20,9300,1847,13688,1847,High Movement,1
CM-111968,UN,CJ,PT,31,15,10,4650,35,472,35,Low Movement,0
CM-113122,UN,CJ,PT,31,15,20,9300,844,6092,844,High Movement,0
CM-113146,UN,CJ,PT,24,7,7,1176,2951,45873,2951,High Movement,1
CM-1133,UN,CJ,PT,1,1,1,1,5152,145520,5152,High Movement,3
CM-114778,UN,CJ,PT,23,7,7,1127,921,14958,921,High Movement,0
CM-114785,UN,CJ,PT,30,15,10,4500,326,3152,326,Medium Movement,0
CM-116925,UN,CJ,PT,31,15,20,9300,1592,11692,1592,High Movement,1
CM-117588,UN,CJ,PT,31,15,20,9300,1761,13274,1761,High Movement,1
CM-117823,UN,CJ,PT,31,13,10,4030,821,5382,821,High Movement,0
CM-117830,UN,CJ,PT,30,11,6,1980,1633,26565,1633,High Movement,1
CM-117847,UN,CJ,PT,24,7,6,1008,2453,34871,2453,High Movement,1
CM-117861,UN,CJ,PT,30,7,9,1890,1074,14961,1074,High Movement,1
CM-117878,UN,CJ,PT,24,7,6,1008,1563,19903,1563,High Movement,1
CM-117809,UN,CJ,PT,32,12,9,3456,500,3168,500,Medium Movement,0
CM-117915,UN,CJ,PT,29,11,6,1914,942,14729,942,High Movement,0
CM-117922,UN,CJ,PT,24,7,6,1008,1970,28728,1970,High Movement,1
CM-117939,UN,CJ,PT,31,13,10,4030,700,4535,700,High Movement,0
CM-117953,UN,CJ,PT,24,7,6,1008,1897,29092,1897,High Movement,1
CM-117960,UN,CJ,PT,29,8,9,2088,777,5560,777,High Movement,0
CM-117908,UN,CJ,PT,30,7,9,1890,1673,27352,1673,High Movement,1
CM-117014,UN,CJ,PT,24,7,6,1008,2762,43133,2762,High Movement,1
CM-117021,UN,CJ,PT,32,8,14,3584,666,4705,666,High Movement,0
CM-119445,UN,CJ,PT,31,10,20,6200,5,66,5,Low Movement,0
CM-1257,UN,CJ,PT,1,1,1,1,939,15120,939,High Movement,0
CM-1331,UN,CJ,PT,1,1,1,1,4832,119852,4832,High Movement,3
CM-1539,UN,CJ,PT,29,8,9,2088,4247,104272,4247,High Movement,3
CM-1677,UN,CJ,PT,6,8,13,624,2408,42562,2408,High Movement,1
CM-1684,UN,CJ,PT,29,8,11,2552,112,1141,112,Low Movement,0
CM-1714,UN,CJ,PT,22,10,6,1320,412,3527,412,Medium Movement,0
CM-1721,UN,CJ,PT,1,1,1,1,1300,21353,1300,High Movement,1
CM-1737,UN,CJ,PT,1,1,1,1,4934,116876,4934,High Movement,3
CM-1745,UN,CJ,PT,1,1,1,1,421,5132,421,Medium Movement,0
CM-1967,UN,CJ,PT,1,1,1,1,592,6678,592,Medium Movement,0
CM-1974,UN,CJ,PT,1,1,1,1,238,3034,238,Medium Movement,0
CM-1981,UN,CJ,PT,1,1,1,1,182,1566,182,Medium Movement,0
CM-1998,UN,CJ,PT,1,1,1,1,774,11658,774,High Movement,0
CM-1066,UN,CJ,PT,1,1,1,1,119,1668,119,Low Movement,0
CM-1073,UN,CJ,PT,1,1,1,1,188,3629,188,Medium Movement,0
CM-1080,EX,CJ,PT,1,1,1,1,444,1055,444,Medium Movement,0
CM-2802,UN,CJ,PT,29,8,9,2088,2051,46988,2051,High Movement,1
CM-3168,UN,CJ,PT,29,8,10,2320,744,11691,744,High Movement,0
CM-3212,UN,CJ,PT,1,1,1,1,10,306,10,Low Movement,0
CM-3967,UN,CJ,PT,11,17,13,2431,40,534,40,Low Movement,0
CM-4204,UN,CJ,PT,6,8,13,624,1811,34130,1811,High Movement,1
CM-4310,UN,CJ,PT,8,17,10,1360,1258,31103,1258,High Movement,1
CM-4693,UN,CJ,PT,9,12,19,2052,586,10516,586,Medium Movement,0
CM-4790,UN,CJ,PT,29,8,10,2320,428,6499,428,Medium Movement,0
CM-4884,UN,CJ,PT,8,17,10,1360,1296,31659,1296,High Movement,1
CM-4891,UN,CJ,PT,9,12,19,2052,517,10252,517,Medium Movement,0
CM-4808,UN,CJ,PT,6,8,13,624,2030,34945,2030,High Movement,1
CM-4082,UN,CJ,PT,22,10,6,1320,760,9251,760,High Movement,0
CM-4099,UN,CJ,PT,29,12,7,2436,224,2854,224,Medium Movement,0
CM-523585,UN,PT, ,30,27,15,12150,15,95,15,Low Movement,0
CM-6369,EX,CJ,PT,1,1,1,1,498,1214,498,Medium Movement,0
CM-6970,UN,CJ,PT,15,4,7,420,171,2734,171,Medium Movement,0
CM-7151,UN,CJ,PT,9,13,19,2223,476,8212,476,Medium Movement,0
CM-7168,UN,CJ,PT,8,17,10,1360,915,22325,915,High Movement,0
CM-7175,UN,CJ,PT,6,8,13,624,1819,23350,1819,High Movement,1
CM-7182,UN,CJ,PT,15,4,7,420,174,1637,174,Medium Movement,0
CM-7298,UN,CJ,PT,1,1,1,1,114,814,114,Low Movement,0
CM-7366,UN,CJ,PT,28,8,11,2464,253,2937,253,Medium Movement,0
CM-7373,UN,CJ,PT,22,10,6,1320,661,7758,661,High Movement,0
CM-7786,UN,CJ,PT,1,1,1,1,265,4021,265,Medium Movement,0
CM-7793,UN,CJ,PT,1,1,1,1,1043,20754,1043,High Movement,1
CM-7700,UN,CJ,PT,6,8,13,624,1519,23884,1519,High Movement,1
CM-8585,UN,CJ,PT,22,7,9,1386,657,8157,657,High Movement,0
CM-8639,UN,CJ,PT,29,8,11,2552,265,3374,265,Medium Movement,0
CM-0220,UN,CJ,PT,1,1,1,1,135,1091,135,Low Movement,0
CM-0237,UN,CJ,PT,24,7,7,1176,524,6082,524,Medium Movement,0
CM-0244,UN,CJ,PT,30,8,10,2400,213,2849,213,Medium Movement,0
CM-0497,UN,CJ,PT,1,1,1,1,98,1258,98,Low Movement,0
CM-0404,UN,CJ,PT,1,1,1,1,133,1819,133,Low Movement,0
D9-24123,PQ,CJ,PT,23,6,7,966,13,454,13,Low Movement,0
D9-31677,PQ,CJ,PT,14,7,7,686,398,12316,398,Medium Movement,0
D9-31684,PQ,CJ,PT,13,8,8,832,620,16279,620,Medium Movement,0
D9-31691,PQ,CJ,PT,13,9,8,936,607,18385,607,Medium Movement,0
D9-31605,PQ,CJ,PT,14,10,10,1400,476,15300,476,Medium Movement,0
D9-31714,PQ,CJ,PT,16,10,9,1440,340,11178,340,Medium Movement,0
D9-31728,PQ,CJ,PT,48,17,32,26112,367,13771,367,Medium Movement,0
D9-31738,PQ,CJ,PT,2,63,16,2016,546,16533,546,Medium Movement,0
D9-31745,PQ,CJ,PT,2,19,19,722,616,20603,616,Medium Movement,0
D9-31752,PQ,CJ,PT,2,22,21,924,794,27133,794,High Movement,0
D9-31769,PQ,CJ,PT,2,25,23,1150,582,20474,582,Medium Movement,0
D9-31773,PQ,CJ,PT,3,12,11,396,912,40701,912,High Movement,0
D9-31783,PQ,CJ,PT,5,11,10,550,743,33626,743,High Movement,0
D9-31797,PQ,CJ,PT,3,12,11,396,259,9362,259,Medium Movement,0
D9-31707,PQ,CJ,PT,3,13,11,429,937,41006,937,High Movement,0
D9-523905,UN,CJ,PT,21,11,21,4851,103,7148,103,Low Movement,0
D9-50837,PQ,CJ,PT,1,37,26,962,153,7252,153,Medium Movement,0
D9-50839,PQ,CJ,PT,1,38,30,1140,235,10283,235,Medium Movement,0
D9-50845,PQ,CJ,PT,1,1,1,1,66,1126,66,Low Movement,0
D9-50848,PQ,CJ,PT,1,1,1,1,54,1240,54,Low Movement,0
D9-50840,PQ,CJ,PT,1,1,1,1,75,1715,75,Low Movement,0
D9-50854,PQ,CJ,PT,20,5,4,400,156,9799,156,Medium Movement,0
D9-50855,PQ,CJ,PT,32,4,6,768,129,6876,129,Low Movement,0
D9-50857,PQ,CJ,PT,1,1,1,1,175,7960,175,Medium Movement,0
D9-50918,PQ,CJ,PT,1,18,20,360,303,20759,303,Medium Movement,0
D9-50910,PQ,CJ,PT,1,1,1,1,365,27693,365,Medium Movement,0
D9-50922,PQ,CJ,PT,6,18,7,756,407,28067,407,Medium Movement,0
D9-50924,PQ,CJ,PT,1,1,1,1,82,4264,82,Low Movement,0
D9-50929,PQ,CJ,PT,1,1,1,1,33,958,33,Low Movement,0
D9-50932,UN,CJ,PT,1,1,1,1,26,475,26,Low Movement,0
D9-50934,PQ,CJ,PT,1,1,1,1,30,701,30,Low Movement,0
D971021171,PQ,CJ,PT,1,15,17,255,569,46368,569,Medium Movement,0
D971021213,PQ,CJ,PT,1,17,20,340,854,69582,854,High Movement,0
D971021239,PQ,CJ,PT,6,20,6,720,1368,119927,1368,High Movement,1
D971021230,PQ,CJ,PT,7,18,6,756,1222,103118,1222,High Movement,1
D971021241,PQ,CJ,PT,1,33,27,891,547,31292,547,Medium Movement,0
D971021262,PQ,CJ,PT,1,33,24,792,1197,75966,1197,High Movement,1
D971021296,PQ,CJ,PT,1,38,29,1102,1842,88707,1842,High Movement,1
D971021361,PQ,CJ,PT,1,17,14,238,834,61356,834,High Movement,0
D971021395,PQ,CJ,PT,1,18,14,252,637,47864,637,High Movement,0
D971022211,PQ,CJ,PT,1,16,20,320,872,73109,872,High Movement,0
D971022229,PQ,CJ,PT,7,19,5,665,1090,102286,1090,High Movement,1
D971022260,PQ,CJ,PT,1,31,26,806,1020,75390,1020,High Movement,0
D971029125,PQ,CJ,PT,6,19,5,570,4864,438940,4864,High Movement,3
D971029141,PQ,CJ,PT,1,31,26,806,6400,588049,6400,High Movement,3
D9-73345,PQ,CJ,PT,1,23,28,644,177,7670,177,Medium Movement,0
D9-73346,PQ,CJ,PT,1,21,27,567,179,8923,179,Medium Movement,0
D9-73347,PQ,CJ,PT,1,23,25,575,196,12283,196,Medium Movement,0
D9-73361,PQ,CJ,PT,21,11,21,4851,10,34,10,Low Movement,0
D9-73367,PQ,CJ,PT,6,39,28,6552,13,40,13,Low Movement,0
D9-7379,PQ,CJ,PT,1,34,26,884,881,59541,881,High Movement,0
D976223237,PQ,CJ,PT,1,32,26,832,14,361,14,Low Movement,0
D976223310,PQ,CJ,PT,33,5,7,1155,146,7685,146,Low Movement,0
D0-512111,UN,CJ,PT,29,6,10,1740,639,8837,639,High Movement,0
D0-512135,UN,CJ,PT,21,7,6,882,1143,23241,1143,High Movement,1
D0-513118,UN,CJ,PT,29,8,7,1624,964,15703,964,High Movement,0
D0-513132,UN,CJ,PT,21,6,6,756,1951,52907,1951,High Movement,1
D074126399,UN,CJ,PT,9,12,11,1188,1120,16551,1120,High Movement,1
D074126307,UN,CJ,PT,9,11,11,1089,1282,24767,1282,High Movement,1
D074126415,UN,CJ,PT,8,12,11,1056,1034,17033,1034,High Movement,1
DC-1111848,UN,CJ,PT,14,7,7,686,1738,175122,1738,High Movement,1
DC-11159,UN,CJ,PT,12,7,7,588,1025,232513,1025,High Movement,0
DC-820015,UN,CJ,PT,25,7,7,1225,3103,477968,3103,High Movement,1
DC-820095,UN,CJ,PT,12,7,7,588,6043,1311520,6043,High Movement,3
DC-989164,UN,CJ,PT,12,6,6,432,167,36803,167,Medium Movement,0
DO-1124,UN,CJ,PT,29,9,8,2088,73,4776,73,Low Movement,0
DO-2184,UN,CJ,PT,25,7,7,1225,260,23276,260,Medium Movement,0
DO-2666,UN,CJ,PT,25,7,7,1225,433,26797,433,Medium Movement,0
DT-12574,EX,CJ,PT,18,25,28,12600,15,25,15,Low Movement,0
DT-13948,EX,CJ,PT,22,22,10,4840,11,21,11,Low Movement,0
DT-130785,EX,CJ,PT,12,14,16,2688,14,14,14,Low Movement,0
DT-18526,EX,CJ,PT,18,25,28,12600,8,19,8,Low Movement,0
DT-18840,EX,CJ,PT,22,22,10,4840,8,24,8,Low Movement,0
DT-10239,EX,CJ,PT,17,17,7,2023,13,21,13,Low Movement,0
DT-549434,EX,CJ,PT,18,25,28,12600,13,20,13,Low Movement,0
DT-509130,EX,CJ,PT,18,25,28,12600,27,34,27,Low Movement,0
DT-509250,EX,CJ,PT,18,25,28,12600,18,18,18,Low Movement,0
DT-726698,EX,CJ,PT,9,15,20,2700,21,27,21,Low Movement,0
DT-733299,UN,CJ,PT,6,1,20,120,12,125,12,Low Movement,0
DT-733329,UN,CJ,PT,19,6,13,1482,18,385,18,Low Movement,0
DT-762448,BR,CJ,PT,18,25,28,12600,8,137,8,Low Movement,0
DT-783915,EX,CJ,PT,22,22,10,4840,14,22,14,Low Movement,0
DT-703935,EX,CJ,PT,18,25,28,12600,30,35,30,Low Movement,0
DT-04542,EX,CJ,PT,18,25,28,12600,7,16,7,Low Movement,0
DU-213122,UN,CJ,PT,19,6,14,1596,64,1132,64,Low Movement,0
DU-213124,UN,CJ,PT,1,1,1,1,24,1176,24,Low Movement,0
DU-213126,UN,CJ,PT,2,37,57,4218,9,26,9,Low Movement,0
DU-214131,UN,CJ,PT,1,1,1,1,137,3687,137,Low Movement,0
DU-214134,UN,CJ,PT,3,18,57,3078,56,146,56,Low Movement,0
DU-214139,UN,CJ,PT,19,7,3,399,114,2692,114,Low Movement,0
DU-214143,UN,CJ,PT,1,1,1,1,71,2790,71,Low Movement,0
DU-215114,UN,CJ,PT,19,11,2,418,192,7016,192,Medium Movement,0
DU-215119,UN,CJ,PT,9,12,3,324,423,17022,423,Medium Movement,0
DU-215128,UN,CJ,PT,10,8,5,400,74,1384,74,Low Movement,0
DU-215132,UN,CJ,PT,19,12,3,684,95,2960,95,Low Movement,0
DU-215135,UN,CJ,PT,9,25,2,450,247,5198,247,Medium Movement,0
DU-215138,UN,CJ,PT,8,12,3,288,135,4855,135,Low Movement,0
DU-215146,UN,CJ,PT,19,11,2,418,193,5845,193,Medium Movement,0
DU-215148,UN,CJ,PT,3,11,13,429,128,4245,128,Low Movement,0
DU-215140,UN,CJ,PT,9,3,13,351,166,5937,166,Medium Movement,0
DU-215162,UN,CJ,PT,4,14,15,840,8,171,8,Low Movement,0
DU-215168,UN,CJ,PT,9,12,5,540,28,922,28,Low Movement,0
DU-215160,UN,CJ,PT,9,12,5,540,23,782,23,Low Movement,0
DU-215172,UN,CJ,PT,17,4,6,408,13,389,13,Low Movement,0
DU-217116,UN,CJ,PT,20,2,9,360,13,219,13,Low Movement,0
DU-218114,UN,CJ,PT,20,2,13,520,20,296,20,Low Movement,0
DU-218117,UN,CJ,PT,20,10,2,400,71,806,71,Low Movement,0
DU-218110,UN,CJ,PT,1,1,1,1,71,921,71,Low Movement,0
DU-218123,UN,CJ,PT,20,1,26,520,14,231,14,Low Movement,0
DU-218126,UN,CJ,PT,20,10,2,400,21,342,21,Low Movement,0
DU-218129,UN,CJ,PT,19,1,26,494,26,393,26,Low Movement,0
DU-219112,UN,CJ,PT,1,1,1,1,82,1687,82,Low Movement,0
DU-219118,UN,CJ,PT,1,1,1,1,39,631,39,Low Movement,0
DU-219110,UN,CJ,PT,1,1,1,1,37,1380,37,Low Movement,0
DU-219128,UN,CJ,PT,1,1,1,1,28,449,28,Low Movement,0
DU-222128,UN,CJ,PT,6,17,2,204,3,37,3,Low Movement,0
EF-1126,UN,CJ,PT,22,8,5,880,142,3935,142,Low Movement,0
EF-1127,UN,CJ,PT,1,1,1,1,33,888,33,Low Movement,0
EF-1132,UN,CJ,PT,1,1,1,1,37,72,37,Low Movement,0
EF-1133,UN,CJ,PT,26,10,6,1560,29,691,29,Low Movement,0
EF-1134,UN,CJ,PT,26,10,6,1560,29,612,29,Low Movement,0
EF-2112,UN,CJ,PT,18,5,5,450,2007,51567,2007,High Movement,1
EF-2113,UN,CJ,PT,18,5,5,450,77,1459,77,Low Movement,0
EF-2114,UN,CJ,PT,30,12,20,7200,147,279,147,Low Movement,0
EF-2182,UN,CJ,PT,18,5,5,450,307,5589,307,Medium Movement,0
EF-2183,UN,CJ,PT,18,5,5,450,746,14013,746,High Movement,0
EF-21833,PK,CJ,PT,18,5,5,450,34,3864,34,Low Movement,0
EF-2103,UN,CJ,PT,13,9,9,1053,57,952,57,Low Movement,0
EF-2214,UN,CJ,PT,18,5,5,450,203,3494,203,Medium Movement,0
EF-2276,UN,CJ,PT,19,5,5,475,77,2460,77,Low Movement,0
EF-2277,UN,CJ,PT,22,7,6,924,67,1096,67,Low Movement,0
EQ-15824,UN,CJ,PT,1,1,1,1,2862,260914,2862,High Movement,1
EQ-15848,UN,CJ,PT,1,1,1,1,2202,158495,2202,High Movement,1
EQ-15862,UN,CJ,PT,1,1,1,1,1326,81686,1326,High Movement,1
EQ-15886,UN,CJ,PT,1,1,1,1,1338,85802,1338,High Movement,1
EQ-15893,UN,CJ,PT,1,1,1,1,1305,39423,1305,High Movement,1
EQ-15916,UN,CJ,PT,1,1,1,1,1085,37730,1085,High Movement,1
EQ-20750,UN,CJ,PT,1,1,1,1,373,8611,373,Medium Movement,0
EQ-20873,UN,CJ,PT,1,1,1,1,365,11037,365,Medium Movement,0
EQ-72828,UN,CJ,PT,1,1,1,1,265,7799,265,Medium Movement,0
EQ-72820,UN,CJ,PT,1,1,1,1,267,17079,267,Medium Movement,0
EQ-72833,UN,CJ,PT,1,1,1,1,217,5617,217,Medium Movement,0
F6-2111614,UN,CJ,PT,19,9,8,1368,115,17548,115,Low Movement,0
F6-29222,UN,CJ,PT,12,5,5,300,407,5668,407,Medium Movement,0
F6-29232,UN,CJ,PT,20,6,6,720,17,194,17,Low Movement,0
F6-29244,UN,CJ,PT,12,5,5,300,184,2609,184,Medium Movement,0
F6-29428,UN,CJ,PT,17,4,7,476,275,3290,275,Medium Movement,0
F6-29431,UN,CJ,PT,20,6,6,720,193,2150,193,Medium Movement,0
F6-29441,UN,CJ,PT,14,4,7,392,152,1987,152,Medium Movement,0
F6-29445,UN,CJ,PT,14,4,7,392,99,1273,99,Low Movement,0
F6-29402,UN,CJ,PT,17,4,7,476,94,1403,94,Low Movement,0
F6-29534,UN,CJ,PT,14,4,7,392,202,2906,202,Medium Movement,0
F6-29535,UN,CJ,PT,21,6,6,756,211,2760,211,Medium Movement,0
F6-29537,UN,CJ,PT,20,6,6,720,7,62,7,Low Movement,0
F6-29586,UN,CJ,PT,20,6,6,720,273,3792,273,Medium Movement,0
F6-29593,UN,CJ,PT,19,9,8,1368,11,120,11,Low Movement,0
F6-29663,UN,CJ,PT,19,6,6,684,176,2100,176,Medium Movement,0
F6-29664,UN,CJ,PT,13,5,5,325,136,1812,136,Low Movement,0
F6-29665,UN,CJ,PT,15,5,5,375,55,658,55,Low Movement,0
F6-29668,UN,CJ,PT,19,9,8,1368,168,1231,168,Medium Movement,0
F645012213,UN,CJ,PT,12,6,4,288,3551,83364,3551,High Movement,3
F645012221,UN,CJ,PT,16,8,5,640,2738,59929,2738,High Movement,1
F645012239,UN,CJ,PT,21,6,9,1134,2314,58856,2314,High Movement,1
F645012262,UN,CJ,PT,17,8,5,680,1548,28069,1548,High Movement,1
F645012270,UN,CJ,PT,21,6,9,1134,1300,24075,1300,High Movement,1
F6-523622,UN,CJ,PT,1,1,1,1,45,703,45,Low Movement,0
F6-52416,UN,CJ,PT,1,1,1,1,115,14734,115,Low Movement,0
F7-11748,UN,CJ,PT,23,12,13,3588,742,14887,742,High Movement,0
F7-170839,UN,CJ,PT,24,9,9,1944,1275,26426,1275,High Movement,1
F7-170853,UN,CJ,PT,21,8,8,1344,3419,97904,3419,High Movement,3
F7-170860,UN,CJ,PT,14,8,8,896,4813,154554,4813,High Movement,3
F7-170877,UN,CJ,PT,24,9,9,1944,1865,46781,1865,High Movement,1
F7-170884,UN,CJ,PT,24,10,10,2400,1309,34527,1309,High Movement,1
G9-521,UN,CJ,PT,20,7,7,980,462,15371,462,Medium Movement,0
G9-522,UN,CJ,PT,18,7,7,882,481,10501,481,Medium Movement,0
G973821151,UN,CJ,PT,18,7,7,882,1233,26235,1233,High Movement,1
G973821176,UN,CJ,PT,20,7,7,980,515,19183,515,Medium Movement,0
G973821100,UN,CJ,PT,19,7,7,931,1228,27486,1228,High Movement,1
G0-119612,UN,CJ,PT,10,10,3,300,1161,45498,1161,High Movement,1
G0-119613,UN,CJ,PT,10,10,3,300,931,36836,931,High Movement,0
G0-119614,UN,CJ,PT,10,10,3,300,869,33987,869,High Movement,0
G0-119615,UN,CJ,PT,19,10,3,570,759,27139,759,High Movement,0
G0-119616,UN,CJ,PT,10,10,3,300,292,10914,292,Medium Movement,0
G0-128112,UN,CJ,PT,25,13,13,4225,1356,30964,1356,High Movement,1
G0-128113,UN,CJ,PT,12,10,3,360,1126,28017,1126,High Movement,1
G0-128114,UN,CJ,PT,12,7,5,420,1007,24108,1007,High Movement,0
G0-128115,UN,CJ,PT,25,13,13,4225,801,18512,801,High Movement,0
G0-128116,UN,CJ,PT,24,13,13,4056,396,9862,396,Medium Movement,0
G0-661228,EX,CJ,PT,15,10,9,1350,2688,8912,2688,High Movement,1
G0-661235,EX,CJ,PT,15,10,10,1500,3990,20421,3990,High Movement,3
G0-661242,EX,CJ,PT,15,10,9,1350,3636,17930,3636,High Movement,3
G0-661280,EX,CJ,PT,15,10,9,1350,2399,7999,2399,High Movement,1
G0-661204,EX,CJ,PT,15,10,9,1350,3593,18038,3593,High Movement,3
G0-661716,UN,CJ,PT,12,6,6,432,127,2601,127,Low Movement,0
G0-666711,EX,CJ,PT,15,10,9,1350,2220,8490,2220,High Movement,1
G0-666919,EX,CJ,PT,15,10,9,1350,1977,8344,1977,High Movement,1
G0-668166,EX,CJ,PT,15,10,9,1350,301,931,301,Medium Movement,0
G0-668173,EX,CJ,PT,15,10,9,1350,1997,5762,1997,High Movement,1
G0-668104,EX,CJ,PT,15,10,9,1350,2403,7234,2403,High Movement,1
G0-668487,UN,CJ,PT,4,8,8,256,766,25149,766,High Movement,0
G0-668500,UN,CJ,PT,15,4,13,780,453,12337,453,Medium Movement,0
G0-668616,UN,CJ,PT,15,4,13,780,282,8022,282,Medium Movement,0
G0-668623,UN,CJ,PT,15,4,13,780,347,8959,347,Medium Movement,0
G0-668630,UN,CJ,PT,15,4,13,780,221,5382,221,Medium Movement,0
G0-668784,UN,CJ,PT,1,1,1,1,2097,138004,2097,High Movement,1
G097821170,UN,CJ,PT,12,9,9,972,610,10401,610,Medium Movement,0
G097821441,UN,CJ,PT,13,7,7,637,530,8153,530,Medium Movement,0
GM-3572,UN,CJ,PT,13,11,11,1573,3573,106695,3573,High Movement,3
GM-3619,UN,CJ,PT,17,14,13,3094,2198,44130,2198,High Movement,1
GM-3633,UN,CJ,PT,24,16,16,6144,1418,15531,1418,High Movement,1
H3-22129,UN,CJ,PT,22,15,11,3630,1077,24663,1077,High Movement,1
H3-22161,UN,CJ,PT,18,11,7,1386,1262,37276,1262,High Movement,1
H3-22176,UN,CJ,PT,11,9,6,594,1346,34048,1346,High Movement,1
H5-11236,UN,CJ,PT,1,1,1,1,51,1971,51,Low Movement,0
H5-115694,UN,CJ,PT,10,9,9,810,718,6395,718,High Movement,0
H5-11823,UN,CJ,PT,12,2,19,456,26,1183,26,Low Movement,0
H5-11045,UN,CJ,PT,12,2,19,456,49,2599,49,Low Movement,0
H5-12967,UN,CJ,PT,12,2,19,456,41,1945,41,Low Movement,0
H5-13318,UN,CJ,PT,12,2,19,456,38,1628,38,Low Movement,0
H5-1394317,UN,CJ,PT,30,7,20,4200,1388,23988,1388,High Movement,1
H5-141781,UN,CJ,PT,23,4,15,1380,243,3443,243,Medium Movement,0
H5-15127,UN,CJ,PT,1,1,1,1,267,3502,267,Medium Movement,0
H5-158975,UN,CJ,PT,1,1,1,1,194,2505,194,Medium Movement,0
H5-262110,UN,CJ,PT,21,6,21,2646,138,1823,138,Low Movement,0
H5-26231,EX,CJ,PT,17,15,20,5100,2874,10267,2874,High Movement,1
H5-26247,UN,CJ,PT,25,15,6,2250,78,1047,78,Low Movement,0
H5-26301,UN,CJ,PT,11,2,19,418,62,2469,62,Low Movement,0
H5-26921,UN,CJ,PT,23,11,10,2530,52,675,52,Low Movement,0
H5-275418,UN,CJ,PT,26,10,9,2340,120,1638,120,Low Movement,0
H5-275012,UN,CJ,PT,20,17,7,2380,78,1160,78,Low Movement,0
H5-27904,UN,CJ,PT,16,4,15,960,651,6850,651,High Movement,0
H5-279058,UN,CJ,PT,16,4,15,960,505,5816,505,Medium Movement,0
H5-28664,UN,CJ,PT,12,2,19,456,40,1434,40,Low Movement,0
H5-35481,UN,CJ,PT,20,4,15,1200,51,740,51,Low Movement,0
H5-38111,UN,CJ,PT,9,8,8,576,58,1514,58,Low Movement,0
H5-38296,UN,CJ,PT,10,9,9,810,382,3341,382,Medium Movement,0
H5-38811,UN,CJ,PT,18,13,7,1638,30,444,30,Low Movement,0
H5-388171,UN,CJ,PT,15,5,17,1275,458,6124,458,Medium Movement,0
H5-38818,UN,CJ,PT,16,4,15,960,487,8097,487,Medium Movement,0
H538966111,UN,CJ,PT,16,4,15,960,383,6819,383,Medium Movement,0
H5-394812,UN,CJ,PT,30,7,20,4200,1296,28658,1296,High Movement,1
H5-395261,UN,CJ,PT,16,5,17,1360,466,7934,466,Medium Movement,0
H5-39802,UN,CJ,PT,1,1,1,1,23,432,23,Low Movement,0
H5-42372,EX,CJ,PT,1,1,1,1,339,711,339,Medium Movement,0
H5-44641,EX,CJ,PT,15,8,30,3600,4010,19522,4010,High Movement,3
H5-44661,EX,CJ,PT,1,1,1,1,910,2136,910,High Movement,0
H5-461811,UN,CJ,PT,13,20,3,780,112,1352,112,Low Movement,0
H5-51282,UN,CJ,PT,20,4,15,1200,212,2085,212,Medium Movement,0
H5-51283,UN,CJ,PT,20,6,15,1800,145,1404,145,Low Movement,0
H5-51284,UN,CJ,PT,10,9,10,900,283,2808,283,Medium Movement,0
H5-515099,UN,CJ,PT,19,12,5,1140,1394,13371,1394,High Movement,1
H5-518727,UN,CJ,PT,17,4,15,1020,855,13330,855,High Movement,0
H5-51093,UN,CJ,PT,19,4,15,1140,1457,19619,1457,High Movement,1
H5-51095,UN,CJ,PT,19,4,15,1140,663,8121,663,High Movement,0
H5-51098,UN,CJ,PT,19,4,15,1140,1106,12985,1106,High Movement,1
H5-51090,UN,CJ,PT,19,4,15,1140,1184,17360,1184,High Movement,1
H5-51002,UN,CJ,PT,19,4,15,1140,1837,21113,1837,High Movement,1
H5-51004,UN,CJ,PT,19,4,15,1140,1594,18630,1594,High Movement,1
H5-51005,UN,CJ,PT,19,4,15,1140,1496,17991,1496,High Movement,1
H5-51006,UN,CJ,PT,19,4,15,1140,1238,12775,1238,High Movement,1
H5-51008,UN,CJ,PT,5,20,20,2000,763,7986,763,High Movement,0
H5-52103,UN,CJ,PT,9,9,9,729,494,4236,494,Medium Movement,0
H5-52323,UN,CJ,PT,10,9,10,900,391,3213,391,Medium Movement,0
H5-52328,UN,CJ,PT,10,9,9,810,359,2971,359,Medium Movement,0
H5-52425,UN,CJ,PT,15,5,17,1275,528,7614,528,Medium Movement,0
H5-52661,UN,CJ,PT,21,13,5,1365,39,540,39,Low Movement,0
H5-52023,UN,CJ,PT,29,8,25,5800,1186,17401,1186,High Movement,1
H5-53111,UN,CJ,PT,19,4,15,1140,565,8486,565,Medium Movement,0
H5-53178,UN,CJ,PT,1,1,1,1,410,914,410,Medium Movement,0
H5-533261,UN,CJ,PT,10,9,9,810,361,3203,361,Medium Movement,0
H5-53801,UN,CJ,PT,21,4,16,1344,176,2358,176,Medium Movement,0
H5-53900,UN,CJ,PT,19,4,15,1140,366,5150,366,Medium Movement,0
H5-54111,UN,CJ,PT,21,14,4,1176,670,10208,670,High Movement,0
H5-54165,UN,CJ,PT,19,4,15,1140,1520,46668,1520,High Movement,1
H5-54193,UN,CJ,PT,25,16,4,1600,809,14097,809,High Movement,0
H5-548796,UN,CJ,PT,10,9,10,900,108,900,108,Low Movement,0
H5-54883,UN,CJ,PT,10,9,9,810,359,3169,359,Medium Movement,0
H5-54091,UN,CJ,PT,16,4,15,960,1244,14522,1244,High Movement,1
H5-551413,UN,CJ,PT,21,13,5,1365,64,706,64,Low Movement,0
H5-56384,UN,CJ,PT,20,13,3,780,376,5831,376,Medium Movement,0
H5-56385,UN,CJ,PT,23,16,4,1472,908,9981,908,High Movement,0
H5-56386,UN,CJ,PT,20,13,3,780,480,5636,480,Medium Movement,0
H5-56387,UN,CJ,PT,20,13,3,780,590,6954,590,Medium Movement,0
H5-56389,UN,CJ,PT,13,20,3,780,777,10449,777,High Movement,0
H5-58111,UN,CJ,PT,20,14,3,840,393,4765,393,Medium Movement,0
H5-58847,UN,CJ,PT,1,1,1,1,289,3359,289,Medium Movement,0
H5-59652,UN,CJ,PT,1,1,1,1,376,11486,376,Medium Movement,0
H5-5023111,UN,CJ,PT,20,4,15,1200,34,480,34,Low Movement,0
H5-50411,UN,CJ,PT,18,13,7,1638,56,1932,56,Low Movement,0
H592021148,UN,CJ,PT,15,5,17,1275,2267,43330,2267,High Movement,1
H592021163,UN,CJ,PT,15,5,17,1275,1098,18333,1098,High Movement,1
H592021189,UN,CJ,PT,16,5,17,1360,994,18092,994,High Movement,0
H592021105,UN,CJ,PT,16,5,17,1360,1072,18547,1072,High Movement,1
H592021239,UN,CJ,PT,17,7,12,1428,963,18935,963,High Movement,0
H5F2421188,UN,CJ,PT,20,13,5,1300,374,5359,374,Medium Movement,0
H5-F26051,UN,CJ,PT,22,11,10,2420,68,902,68,Low Movement,0
H5F2921179,UN,CJ,PT,20,4,15,1200,96,1734,96,Low Movement,0
H5F2921170,UN,CJ,PT,20,4,15,1200,35,590,35,Low Movement,0
H5F2921181,UN,CJ,PT,18,13,7,1638,15,204,15,Low Movement,0
H5F2921185,UN,CJ,PT,15,5,17,1275,307,4886,307,Medium Movement,0
H5F2921188,UN,CJ,PT,15,5,17,1275,219,3161,219,Medium Movement,0
H5F2921189,UN,CJ,PT,15,5,17,1275,339,4958,339,Medium Movement,0
H5F2921195,UN,CJ,PT,20,4,15,1200,76,1292,76,Low Movement,0
H5F2021169,UN,CJ,PT,21,16,7,2352,285,3773,285,Medium Movement,0
H5F2021193,UN,CJ,PT,21,16,7,2352,267,4007,267,Medium Movement,0
H5-F20541,UN,CJ,PT,18,13,7,1638,31,498,31,Low Movement,0
H5-F40811,UN,CJ,PT,20,4,15,1200,79,1277,79,Low Movement,0
H6-122119,EX, , ,1,1,1,1,2,20,2,Low Movement,0
H6-715796,UN, , ,1,1,1,1,29,632,29,Low Movement,0
H6-725658,UN, , ,1,1,1,1,10,336,10,Low Movement,0
H6-746417,UN, , ,1,1,1,1,24,354,24,Low Movement,0
H6-749036,UN, , ,1,1,1,1,5,15,5,Low Movement,0
H9-515528,UN,PT, ,1,1,1,1,151,3431,151,Medium Movement,0
HF-24576,UN,CJ,PT,15,12,12,2160,1,6,1,Low Movement,0
HF-24583,UN,CJ,PT,15,12,12,2160,5,31,5,Low Movement,0
HF-24584,UN,CJ,PT,15,12,12,2160,6,37,6,Low Movement,0
HF-24585,UN,CJ,PT,15,12,12,2160,24,162,24,Low Movement,0
HF-25612,UN,CJ,PT,15,12,11,1980,5,54,5,Low Movement,0
HF-25613,UN,CJ,PT,15,11,12,1980,8,102,8,Low Movement,0
HF-25610,UN,CJ,PT,16,12,12,2304,6,66,6,Low Movement,0
HF-25621,UN,CJ,PT,16,12,11,2112,6,96,6,Low Movement,0
HF-25642,UN,CJ,PT,15,12,11,1980,53,674,53,Low Movement,0
HF-25646,UN,CJ,PT,15,11,12,1980,70,1026,70,Low Movement,0
HF-26200,UN,CJ,PT,11,5,5,275,70,940,70,Low Movement,0
HF-27105,UN,CJ,PT,1,1,1,1,41,328,41,Low Movement,0
HF-49830,UN,CJ,PT,1,1,1,1,14,84,14,Low Movement,0
HF-58589,UN,CJ,PT,22,18,10,3960,22,252,22,Low Movement,0
HF-58594,UN,CJ,PT,25,18,11,4950,67,570,67,Low Movement,0
HF-72143,UN,CJ,PT,43,27,7,8127,85,1067,85,Low Movement,0
HF-72144,UN,CJ,PT,22,14,7,2156,314,5347,314,Medium Movement,0
HF-81570,UN,CJ,PT,40,32,5,6400,103,1342,103,Low Movement,0
HF-81582,UN,CJ,PT,39,32,5,6240,90,1383,90,Low Movement,0
HF-86892,UN,CJ,PT,1,1,1,1,12,102,12,Low Movement,0
HF-87109,UN,CJ,PT,1,1,1,1,18,138,18,Low Movement,0
HF-87487,UN,CJ,PT,18,6,11,1188,64,776,64,Low Movement,0
HF-87488,UN,CJ,PT,37,20,7,5180,244,3392,244,Medium Movement,0
HF-87407,UN,CJ,PT,1,1,1,1,39,320,39,Low Movement,0
HF-88238,UN,CJ,PT,37,22,7,5698,182,3032,182,Medium Movement,0
HF-88242,UN,CJ,PT,36,22,7,5544,91,1478,91,Low Movement,0
HF-88255,UN,CJ,PT,22,14,7,2156,86,1018,86,Low Movement,0
HF-88256,UN,CJ,PT,22,14,7,2156,204,3148,204,Medium Movement,0
HF-88369,UN,CJ,PT,1,1,1,1,55,396,55,Low Movement,0
HF-80229,UN,CJ,PT,16,7,14,1568,3,6,3,Low Movement,0
HF-80681,UN,CJ,PT,43,27,6,6966,223,3212,223,Medium Movement,0
HF-80683,UN,CJ,PT,44,27,6,7128,72,946,72,Low Movement,0
HF-92096,UN,CJ,PT,15,5,5,375,1,6,1,Low Movement,0
I2-12022,UN,CJ,PT,5,26,16,2080,13,64,13,Low Movement,0
I2-14361,UN,CJ,PT,4,23,11,1012,155,833,155,Medium Movement,0
I2-15858,UN,CJ,PT,14,9,9,1134,70,587,70,Low Movement,0
I2-15859,UN,CJ,PT,14,9,9,1134,66,551,66,Low Movement,0
I2-16615,UN,CJ,PT,1,16,10,160,7,90,7,Low Movement,0
I2-16616,UN,CJ,PT,5,20,10,1000,8,120,8,Low Movement,0
I2-18039,UN,CJ,PT,11,7,5,385,394,13243,394,Medium Movement,0
I2-18030,UN,CJ,PT,11,7,5,385,333,10348,333,Medium Movement,0
I2-18044,UN,CJ,PT,11,7,5,385,436,14887,436,Medium Movement,0
I2-21041,EX,CJ,PT,14,7,24,2352,32,49,32,Low Movement,0
I2-22111,UN,CJ,PT,21,4,11,924,1,12,1,Low Movement,0
I2-24111,UN,CJ,PT,5,20,10,1000,167,1420,167,Medium Movement,0
I2-24342,UN,CJ,PT,4,23,12,1104,76,1166,76,Low Movement,0
I2-24521,UN,CJ,PT,3,19,13,741,130,1804,130,Low Movement,0
I2-25221,UN,CJ,PT,4,20,9,720,11,116,11,Low Movement,0
I2-20146,UN,CJ,PT,11,8,11,968,30,409,30,Low Movement,0
I2-20246,UN,CJ,PT,21,13,2,546,32,576,32,Low Movement,0
I2-20716,EX,CJ,PT,19,8,19,2888,163,290,163,Medium Movement,0
I2-20720,EX,PT, ,22,13,18,5148,80,156,80,Low Movement,0
I2-31111,EX,CJ,PT,8,18,19,2736,152,201,152,Medium Movement,0
I2-32321,UN,CJ,PT,4,19,10,760,58,639,58,Low Movement,0
I2-32414,UN,CJ,PT,4,20,10,800,25,714,25,Low Movement,0
I2-33111,EX,CJ,PT,8,18,19,2736,98,153,98,Low Movement,0
I2-33211,EX,CJ,PT,18,8,19,2736,78,155,78,Low Movement,0
I2-33611,EX,CJ,PT,18,10,14,2520,56,116,56,Low Movement,0
I2-34039,UN,CJ,PT,17,20,2,680,11,173,11,Low Movement,0
I2-35013,EX,CJ,PT,7,16,25,2800,337,468,337,Medium Movement,0
I2-35088,UN,CJ,PT,3,18,12,648,41,388,41,Low Movement,0
I2-38131,UN,CJ,PT,3,18,12,648,30,303,30,Low Movement,0
I2-38215,UN,CJ,PT,3,20,11,660,19,139,19,Low Movement,0
I2-38217,UN,CJ,PT,3,20,11,660,25,206,25,Low Movement,0
I2-42951,UN,CJ,PT,24,6,11,1584,20,186,20,Low Movement,0
I2-51111,EX,CJ,PT,11,11,23,2783,4,4,4,Low Movement,0
I2-55111,EX,CJ,PT,10,19,28,5320,37,112,37,Low Movement,0
I2-633008,UN,CJ,PT,5,20,15,1500,14,120,14,Low Movement,0
I2-638842,UN,CJ,PT,14,12,12,2016,82,781,82,Low Movement,0
I2-76311,EX,CJ,PT,18,7,15,1890,54,64,54,Low Movement,0
I2-81113,EX,CJ,PT,5,18,8,720,243,501,243,Medium Movement,0
I2-81114,EX,CJ,PT,5,18,8,720,189,394,189,Medium Movement,0
I2-81127,EX,CJ,PT,5,18,8,720,258,545,258,Medium Movement,0
I2-81128,EX,CJ,PT,5,18,8,720,202,484,202,Medium Movement,0
I2-81136,EX,CJ,PT,9,29,15,3915,234,609,234,Medium Movement,0
I2-81137,EX,CJ,PT,9,29,15,3915,133,342,133,Low Movement,0
I2-81138,EX,CJ,PT,9,29,15,3915,172,471,172,Medium Movement,0
I2-83171,EX,CJ,PT,9,9,18,1458,223,425,223,Medium Movement,0
I2-83179,EX,CJ,PT,9,9,18,1458,178,322,178,Medium Movement,0
I2-83181,EX,CJ,PT,9,9,18,1458,200,396,200,Medium Movement,0
I2-83446,EX,CJ,PT,9,9,18,1458,133,250,133,Low Movement,0
I2-83447,EX,CJ,PT,9,9,18,1458,136,263,136,Low Movement,0
I2-89112,EX,CJ,PT,9,9,18,1458,310,493,310,Medium Movement,0
I2-80393,EX,CJ,PT,8,19,26,3952,2,2,2,Low Movement,0
I2-91112,EX,CJ,PT,9,9,18,1458,132,189,132,Low Movement,0
I291316178,EX,CJ,PT,7,30,15,3150,673,880,673,High Movement,0
I291316244,UN,CJ,PT,2,16,19,608,7,115,7,Low Movement,0
I291316252,UN,CJ,PT,16,3,15,720,12,162,12,Low Movement,0
I291316285,EX,CJ,PT,9,29,15,3915,875,1394,875,High Movement,0
I291316525,UN,CJ,PT,4,23,11,1012,550,2456,550,Medium Movement,0
I291316533,UN,CJ,PT,4,23,11,1012,730,3883,730,High Movement,0
I291316582,EX,CJ,PT,17,8,25,3400,2796,5469,2796,High Movement,1
I292316705,UN,CJ,PT,5,26,16,2080,28,181,28,Low Movement,0
I294116120,UN,CJ,PT,13,10,13,1690,9,245,9,Low Movement,0
I294316134,UN,CJ,PT,4,20,9,720,7,111,7,Low Movement,0
I294316142,UN,CJ,PT,4,20,9,720,24,376,24,Low Movement,0
I294416132,UN,CJ,PT,5,20,10,1000,144,2046,144,Low Movement,0
I29A216138,UN,CJ,PT,3,17,13,663,93,1379,93,Low Movement,0
I490761125,UN,CJ,PT,8,8,7,448,5282,390479,5282,High Movement,3
I490761174,UN,CJ,PT,11,8,8,704,462,15261,462,Medium Movement,0
I490761258,UN,CJ,PT,11,8,8,704,4475,289674,4475,High Movement,3
I7-11977,UN,CJ,PT,7,6,7,294,6,186,6,Low Movement,0
I7-119770,UN,CJ,PT,7,6,6,252,8,240,8,Low Movement,0
I7-12227,UN,CJ,PT,1,1,1,1,211,3285,211,Medium Movement,0
I7-13336,UN,CJ,PT,1,1,1,1,171,2638,171,Medium Movement,0
I7-14103,UN,CJ,PT,21,6,6,756,93,2316,93,Low Movement,0
I7-14445,UN,CJ,PT,1,1,1,1,207,3237,207,Medium Movement,0
I7-148942,UN,CJ,PT,11,8,8,704,163,6036,163,Medium Movement,0
I7-148023,UN,CJ,PT,12,8,8,768,27,426,27,Low Movement,0
I7-148054,UN,CJ,PT,12,8,8,768,126,1800,126,Low Movement,0
I7-149110,UN,CJ,PT,12,8,8,768,56,2130,56,Low Movement,0
I7-152344,UN,CJ,PT,12,8,8,768,251,4546,251,Medium Movement,0
I7-15554,UN,CJ,PT,1,1,1,1,105,1526,105,Low Movement,0
I7-15864,EX,CJ,PT,1,1,1,1,3,17,3,Low Movement,0
I7-158644,EX,CJ,PT,1,1,1,1,4,23,4,Low Movement,0
I7-16662,UN,CJ,PT,10,9,9,810,12,181,12,Low Movement,0
I7-172327,UN,CJ,PT,24,6,8,1152,643,14748,643,High Movement,0
I7-172337,UN,CJ,PT,25,7,9,1575,1033,20338,1033,High Movement,1
I7-1723434,UN,CJ,PT,32,15,17,8160,754,5343,754,High Movement,0
I7-172375,UN,CJ,PT,28,10,15,4200,817,13332,817,High Movement,0
I7-172397,UN,CJ,PT,30,10,12,3600,887,16698,887,High Movement,0
I7-176197,UN,CJ,PT,30,10,12,3600,353,4726,353,Medium Movement,0
I7-170137,UN,CJ,PT,25,7,9,1575,1808,52706,1808,High Movement,1
I7-1701722,UN,CJ,PT,32,15,17,8160,1263,10402,1263,High Movement,1
I7-170175,UN,CJ,PT,27,10,12,3240,1326,24569,1326,High Movement,1
I7-170197,UN,CJ,PT,30,10,12,3600,1749,44195,1749,High Movement,1
I7-170497,UN,CJ,PT,31,10,12,3720,167,2266,167,Medium Movement,0
I7-18476,UN,CJ,PT,12,8,8,768,30,366,30,Low Movement,0
I7-18513,UN,CJ,PT,12,7,14,1176,89,844,89,Low Movement,0
I7-19778,UN,CJ,PT,6,6,7,252,17,504,17,Low Movement,0
I7-19782,UN,CJ,PT,6,9,9,486,18,558,18,Low Movement,0
I7-10111,EX,CJ,PT,1,1,1,1,4,18,4,Low Movement,0
I7-369755,UN,CJ,PT,7,7,7,343,6291,527029,6291,High Movement,3
I7-48944,UN,CJ,PT,11,8,8,704,237,4272,237,Medium Movement,0
I7-48906,UN,CJ,PT,11,8,8,704,241,5472,241,Medium Movement,0
I7-48907,UN,CJ,PT,11,8,8,704,289,5373,289,Medium Movement,0
I7-49221,UN,CJ,PT,11,8,8,704,262,4308,262,Medium Movement,0
I7-49465,UN,CJ,PT,26,8,11,2288,107,1898,107,Low Movement,0
I7-49882,UN,CJ,PT,1,1,1,1,209,2950,209,Medium Movement,0
I7-49883,UN,CJ,PT,1,1,1,1,183,2495,183,Medium Movement,0
I7-49884,UN,CJ,PT,1,1,1,1,119,1650,119,Low Movement,0
I7-49885,UN,CJ,PT,1,1,1,1,179,2393,179,Medium Movement,0
I7-56640,UN,CJ,PT,14,8,8,896,145,1916,145,Low Movement,0
I7-56651,UN,CJ,PT,13,8,8,832,621,8937,621,High Movement,0
I7-56652,UN,CJ,PT,13,8,8,832,294,4114,294,Medium Movement,0
I7-56653,UN,CJ,PT,13,8,8,832,374,5352,374,Medium Movement,0
I7-56655,UN,CJ,PT,13,8,8,832,141,1905,141,Low Movement,0
I7-56650,UN,CJ,PT,13,8,8,832,660,9916,660,High Movement,0
I7-66215,EX,CJ,PT,1,1,1,1,1930,4189,1930,High Movement,1
I7-66216,EX,CJ,PT,1,1,1,1,2523,8072,2523,High Movement,1
I7-66217,EX,CJ,PT,28,11,17,5236,4085,18794,4085,High Movement,3
I7-66851,UN,CJ,PT,1,1,1,1,7,28,7,Low Movement,0
I7-68318,UN,CJ,PT,12,8,8,768,70,935,70,Low Movement,0
I7-71012,UN,CJ,PT,19,6,10,1140,2413,39633,2413,High Movement,1
I7-71013,UN,CJ,PT,19,8,8,1216,557,8996,557,Medium Movement,0
I7-71014,UN,CJ,PT,20,6,10,1200,498,10814,498,Medium Movement,0
I7-71015,UN,CJ,PT,20,6,10,1200,613,12132,613,Medium Movement,0
I7-71016,UN,CJ,PT,20,6,10,1200,701,13410,701,High Movement,0
I7-71017,UN,CJ,PT,19,6,10,1140,604,13284,604,Medium Movement,0
I7-72615,UN,CJ,PT,33,16,18,9504,698,40677,698,High Movement,0
I7-76145,UN,CJ,PT,32,15,17,8160,79,396,79,Low Movement,0
I7-76621,EX,CJ,PT,1,1,1,1,1,1,1,Low Movement,0
I7-70115,UN,CJ,PT,33,16,18,9504,1619,76690,1619,High Movement,1
I799514143,UN,CJ,PT,12,7,14,1176,8,94,8,Low Movement,0
I799514151,UN,CJ,PT,12,7,14,1176,266,4214,266,Medium Movement,0
I799514192,UN,CJ,PT,12,7,14,1176,493,8487,493,Medium Movement,0
I799514100,UN,CJ,PT,12,7,14,1176,89,1343,89,Low Movement,0
I799514218,UN,CJ,PT,12,7,14,1176,164,2499,164,Medium Movement,0
I799514234,UN,CJ,PT,12,7,14,1176,382,7697,382,Medium Movement,0
I799514242,UN,CJ,PT,12,7,14,1176,234,4988,234,Medium Movement,0
I799514416,UN,CJ,PT,12,7,14,1176,237,3982,237,Medium Movement,0
I799514424,UN,CJ,PT,12,7,14,1176,443,7362,443,Medium Movement,0
I7-A71236,UN,CJ,PT,12,6,17,1224,159,3233,159,Medium Movement,0
I7-A71237,UN,CJ,PT,12,6,17,1224,423,8803,423,Medium Movement,0
I7-A71238,UN,CJ,PT,12,6,17,1224,442,11067,442,Medium Movement,0
I7-A71243,EX,CJ,PT,33,11,18,6534,1635,8258,1635,High Movement,1
I7-A71244,EX,CJ,PT,33,11,18,6534,2334,13361,2334,High Movement,1
I7-A71245,EX,CJ,PT,33,11,18,6534,2196,12639,2196,High Movement,1
I7-DASN16,UN,CJ,PT,1,1,1,1,4,4,4,Low Movement,0
I7I1914134,UN,CJ,PT,22,6,7,924,297,5178,297,Medium Movement,0
I7I1914175,UN,CJ,PT,25,8,8,1600,270,4946,270,Medium Movement,0
I7I1914183,UN,CJ,PT,22,5,9,990,354,6129,354,Medium Movement,0
I7I2214120,UN,CJ,PT,11,7,7,539,197,7068,197,Medium Movement,0
I7I2214245,UN,CJ,PT,17,16,16,4352,15,436,15,Low Movement,0
I7I2214369,UN,CJ,PT,18,16,16,4608,10,416,10,Low Movement,0
I7I2214518,UN,CJ,PT,9,9,5,405,149,6522,149,Medium Movement,0
I7I2214526,UN,CJ,PT,8,7,7,392,276,9306,276,Medium Movement,0
I7I2214534,UN,CJ,PT,12,10,10,1200,139,2463,139,Low Movement,0
I7I2214542,UN,CJ,PT,13,8,8,832,148,5412,148,Medium Movement,0
I7I2214625,UN,CJ,PT,12,8,8,768,51,680,51,Low Movement,0
I7I2214667,UN,CJ,PT,7,7,7,343,66,15840,66,Low Movement,0
I7I2214682,UN,CJ,PT,18,16,16,4608,38,1108,38,Low Movement,0
I7-I229261,UN,CJ,PT,9,6,6,324,481,17223,481,Medium Movement,0
I7I2317121,UN,CJ,PT,19,8,7,1064,259,3622,259,Medium Movement,0
I7I2317139,UN,CJ,PT,16,6,6,576,235,6576,235,Medium Movement,0
I7I2317147,UN,CJ,PT,19,7,8,1064,230,3316,230,Medium Movement,0
I7I2317155,UN,CJ,PT,19,8,7,1064,202,2955,202,Medium Movement,0
I7I2317162,UN,CJ,PT,14,6,6,504,147,3294,147,Low Movement,0
I9-713223,UN,CJ,PT,15,7,4,420,476,18090,476,Medium Movement,0
I9-713226,UN,CJ,PT,13,8,5,520,431,10059,431,Medium Movement,0
IS-12291,UN,CJ,PT,21,7,6,882,1004,31358,1004,High Movement,0
IS-2330,UN,CJ,PT,24,9,6,1296,160,1449,160,Medium Movement,0
IS-2375,UN,CJ,PT,11,6,10,660,402,7116,402,Medium Movement,0
IT-125219,UN,CJ,PT,9,12,6,648,16,144,16,Low Movement,0
IT-151850,UN,CJ,PT,7,6,6,252,256,4088,256,Medium Movement,0
IT-151867,UN,CJ,PT,7,6,6,252,158,2610,158,Medium Movement,0
IT-151881,UN,CJ,PT,1,1,1,1,29,468,29,Low Movement,0
IT-151041,UN,CJ,PT,7,6,6,252,131,1939,131,Low Movement,0
IT-162238,UN,CJ,PT,1,1,1,1,1,6,1,Low Movement,0
IT-40243,UN,CJ,PT,22,17,7,2618,170,1585,170,Medium Movement,0
IT-66243,UN,CJ,PT,21,7,14,2058,177,1483,177,Medium Movement,0
IT-66342,UN,CJ,PT,21,7,14,2058,169,1399,169,Medium Movement,0
IT-66441,UN,CJ,PT,21,7,14,2058,124,1064,124,Low Movement,0
IT-66816,UN,CJ,PT,21,7,14,2058,44,396,44,Low Movement,0
IT-67240,UN,CJ,PT,11,11,5,605,277,2892,277,Medium Movement,0
IT-67349,UN,CJ,PT,10,11,6,660,161,1698,161,Medium Movement,0
K2-11133,UN,CJ,PT,12,7,7,588,31,472,31,Low Movement,0
K2-11166,UN,CJ,PT,12,9,8,864,324,4181,324,Medium Movement,0
K2-11176,UN,CJ,PT,13,8,8,832,273,3610,273,Medium Movement,0
K2-11804,UN,CJ,PT,12,7,7,588,198,2397,198,Medium Movement,0
K2-12811,UN,CJ,PT,1,1,1,1,65,1005,65,Low Movement,0
K2-12812,UN,CJ,PT,1,1,1,1,106,1380,106,Low Movement,0
K2-13207,UN,CJ,PT,1,1,1,1,151,2086,151,Medium Movement,0
K2-13439,UN,CJ,PT,11,7,7,539,59,533,59,Low Movement,0
K2-13611,UN,CJ,PT,18,8,4,576,96,1037,96,Low Movement,0
K2-13629,UN,CJ,PT,19,6,8,912,125,1461,125,Low Movement,0
K2-13633,UN,CJ,PT,1,1,1,1,96,1216,96,Low Movement,0
K2-15629,UN,CJ,PT,18,8,4,576,27,344,27,Low Movement,0
K2-16822,UN,CJ,PT,19,6,8,912,20,240,20,Low Movement,0
K2-16833,UN,CJ,PT,19,6,8,912,77,907,77,Low Movement,0
K2-21281,UN,CJ,PT,13,8,8,832,38,567,38,Low Movement,0
K2-21283,UN,CJ,PT,13,8,8,832,66,1854,66,Low Movement,0
K2-22122,UN,CJ,PT,15,6,9,810,38,434,38,Low Movement,0
K2-25221,UN,CJ,PT,1,1,1,1,169,1160,169,Medium Movement,0
K2-25222,UN,CJ,PT,1,1,1,1,145,956,145,Low Movement,0
K2-25223,UN,CJ,PT,10,8,8,640,100,674,100,Low Movement,0
K2-25236,UN,CJ,PT,13,8,8,832,33,315,33,Low Movement,0
K2-25241,UN,CJ,PT,1,1,1,1,84,734,84,Low Movement,0
K2-35241,UN,CJ,PT,1,1,1,1,48,371,48,Low Movement,0
K2-35247,UN,CJ,PT,1,1,1,1,50,376,50,Low Movement,0
K2-35361,UN,CJ,PT,9,11,11,1089,54,630,54,Low Movement,0
K2-35362,UN,CJ,PT,10,11,11,1210,15,177,15,Low Movement,0
K2-35596,UN,CJ,PT,1,1,1,1,109,882,109,Low Movement,0
K2-35597,UN,CJ,PT,1,1,1,1,106,862,106,Low Movement,0
K2-36627,UN,CJ,PT,13,8,8,832,275,3486,275,Medium Movement,0
K2-36629,UN,CJ,PT,13,8,8,832,171,2236,171,Medium Movement,0
K2-36641,UN,CJ,PT,13,8,8,832,114,1327,114,Low Movement,0
K2-36648,UN,CJ,PT,13,8,8,832,284,3459,284,Medium Movement,0
K2-36676,UN,CJ,PT,13,8,8,832,192,2338,192,Medium Movement,0
K2-81694,UN,CJ,PT,23,6,6,828,140,2157,140,Low Movement,0
K2-82212,UN,CJ,PT,16,5,9,720,56,1561,56,Low Movement,0
K294621132,UN,CJ,PT,12,7,6,504,474,6222,474,Medium Movement,0
K294621165,UN,CJ,PT,9,8,8,576,534,7474,534,Medium Movement,0
K294621107,EX,CJ,PT,4,19,27,2052,156,1329,156,Medium Movement,0
K294621215,EX,CJ,PT,4,19,27,2052,226,1793,226,Medium Movement,0
K294621371,UN,CJ,PT,9,5,5,225,1506,20071,1506,High Movement,1
K294621389,UN,CJ,PT,9,5,6,270,1173,15371,1173,High Movement,1
K294621413,UN,CJ,PT,8,5,5,200,1957,27309,1957,High Movement,1
K294621462,UN,CJ,PT,9,8,8,576,578,7483,578,Medium Movement,0
K294621512,UN,CJ,PT,15,9,9,1215,259,2833,259,Medium Movement,0
K294621520,UN,CJ,PT,14,9,9,1134,170,2008,170,Medium Movement,0
K294921128,UN,CJ,PT,9,8,8,576,476,7497,476,Medium Movement,0
K294921144,UN,CJ,PT,12,7,7,588,521,6347,521,Medium Movement,0
K294921169,UN,CJ,PT,12,7,7,588,640,9457,640,High Movement,0
K294921185,UN,CJ,PT,9,8,8,576,409,5282,409,Medium Movement,0
K294921101,UN,CJ,PT,12,7,7,588,819,10752,819,High Movement,0
K294921219,UN,CJ,PT,12,7,7,588,482,6511,482,Medium Movement,0
K294921235,UN,CJ,PT,12,7,7,588,796,11584,796,High Movement,0
K294921342,UN,CJ,PT,11,7,7,539,74,761,74,Low Movement,0
K294921383,UN,CJ,PT,19,6,8,912,72,604,72,Low Movement,0
K294921309,UN,CJ,PT,9,8,8,576,36,336,36,Low Movement,0
K294921425,UN,CJ,PT,5,8,11,440,2,72,2,Low Movement,0
K294921441,UN,CJ,PT,12,8,7,672,149,1429,149,Medium Movement,0
K294921A27,UN,CJ,PT,12,7,7,588,441,5984,441,Medium Movement,0
K295821129,UN,CJ,PT,9,8,8,576,563,9404,563,Medium Movement,0
K295921143,UN,CJ,PT,12,7,7,588,108,1348,108,Low Movement,0
K295921151,UN,CJ,PT,12,7,7,588,128,1523,128,Low Movement,0
K295921176,UN,CJ,PT,12,7,7,588,52,696,52,Low Movement,0
K295021133,UN,CJ,PT,20,6,8,960,436,3778,436,Medium Movement,0
K295021141,UN,CJ,PT,19,6,8,912,512,4845,512,Medium Movement,0
K295021159,UN,CJ,PT,19,6,8,912,414,3922,414,Medium Movement,0
K2A3021148,UN,CJ,PT,7,7,5,245,60,753,60,Low Movement,0
K2A3021156,UN,CJ,PT,20,16,16,5120,124,1819,124,Low Movement,0
K2A3021189,UN,CJ,PT,13,16,7,1456,93,1200,93,Low Movement,0
K2A3021190,UN,CJ,PT,22,8,11,1936,77,690,77,Low Movement,0
K2A3021101,UN,CJ,PT,22,8,11,1936,135,1497,135,Low Movement,0
K2A3021103,UN,CJ,PT,22,8,11,1936,28,292,28,Low Movement,0
K2A3021104,UN,CJ,PT,29,8,11,2552,70,789,70,Low Movement,0
K2A3021105,UN,CJ,PT,29,8,11,2552,134,1264,134,Low Movement,0
K2A3021106,UN,CJ,PT,29,8,11,2552,28,333,28,Low Movement,0
K2A3021107,UN,CJ,PT,29,8,11,2552,31,339,31,Low Movement,0
K2A3021108,UN,CJ,PT,28,10,17,4760,52,366,52,Low Movement,0
K2A3021109,UN,CJ,PT,28,10,17,4760,103,883,103,Low Movement,0
K2A4121121,UN,CJ,PT,31,15,17,7905,43,212,43,Low Movement,0
K2A4121122,UN,CJ,PT,32,15,17,8160,36,208,36,Low Movement,0
K2A4121123,UN,CJ,PT,23,6,6,828,226,3194,226,Medium Movement,0
K2A4121124,UN,CJ,PT,23,6,6,828,186,4688,186,Medium Movement,0
KK-1714242,UN,CJ,PT,1,1,1,1,170,3507,170,Medium Movement,0
KK-1754,UN,PT, ,1,1,1,1,38,6088,38,Low Movement,0
KK-5791,UN,CJ,PT,1,1,1,1,6,57,6,Low Movement,0
KK-5708,UN,CJ,PT,1,1,1,1,4,48,4,Low Movement,0
KK-62509,UN,CJ,PT,16,7,4,448,728,8766,728,High Movement,0
KK-62500,UN,CJ,PT,14,6,3,252,1741,19835,1741,High Movement,1
KK-62631,UN,CJ,PT,17,7,4,476,785,9995,785,High Movement,0
KK-62632,UN,CJ,PT,17,4,7,476,553,6455,553,Medium Movement,0
KK-6411216,UN,PT, ,19,21,29,11571,752,3287,752,High Movement,0
KK-6411330,UN,CJ,PT,15,4,6,360,653,6699,653,High Movement,0
KK-6411341,UN,CJ,PT,16,4,6,384,852,10796,852,High Movement,0
KK-6411394,UN,CJ,PT,15,6,10,900,1314,36173,1314,High Movement,1
KK-6411493,UN,PT, ,13,16,24,4992,54,193,54,Low Movement,0
KK-6411495,UN,CJ,PT,16,8,2,256,812,21308,812,High Movement,0
KK-6411496,UN,CJ,PT,21,7,12,1764,468,11137,468,Medium Movement,0
KK-66846,EX,CJ,PT,1,1,1,1,113,276,113,Low Movement,0
KK-67618,UN,CJ,PT,1,1,1,1,373,5301,373,Medium Movement,0
KK-68623,UN,CJ,PT,1,1,1,1,12,1476,12,Low Movement,0
KK-69242,UN,CJ,PT,14,8,7,784,6537,336495,6537,High Movement,3
KK-69243,UN,CJ,PT,11,10,7,770,2248,63681,2248,High Movement,1
KK-69551,EX,CJ,PT,1,1,1,1,46,112,46,Low Movement,0
KK-71518,UN,CJ,PT,1,1,1,1,1400,21311,1400,High Movement,1
KK-71519,UN,CJ,PT,1,1,1,1,828,13972,828,High Movement,0
KK-71510,UN,CJ,PT,1,1,1,1,158,3416,158,Medium Movement,0
KK-71525,UN,CJ,PT,1,1,1,1,1426,22440,1426,High Movement,1
KK-71527,UN,CJ,PT,1,1,1,1,870,29100,870,High Movement,0
KK-71528,UN,CJ,PT,1,1,1,1,445,9300,445,Medium Movement,0
KK-71561,UN,CJ,PT,1,1,1,1,1249,18525,1249,High Movement,1
KK-72687,UN,CJ,PT,25,6,18,2700,50,5715,50,Low Movement,0
KK-75541,UN,CJ,PT,1,1,1,1,380,5447,380,Medium Movement,0
KK-75558,UN,CJ,PT,1,1,1,1,235,3258,235,Medium Movement,0
KK-77954,UN,CJ,PT,1,1,1,1,648,11480,648,High Movement,0
KK-77956,UN,CJ,PT,1,1,1,1,557,8417,557,Medium Movement,0
KK-77957,UN,CJ,PT,1,1,1,1,491,8439,491,Medium Movement,0
KK-77959,UN,CJ,PT,1,1,1,1,787,24229,787,High Movement,0
KK-79559,UN,CJ,PT,1,1,1,1,291,6859,291,Medium Movement,0
KK-79868,UN,CJ,PT,1,1,1,1,768,10284,768,High Movement,0
KK-79875,UN,CJ,PT,1,1,1,1,471,7016,471,Medium Movement,0
KK-79882,UN,CJ,PT,1,1,1,1,603,7591,603,Medium Movement,0
KK-8613829,UN,CJ,PT,12,7,11,924,915,10062,915,High Movement,0
KK-8613833,UN,CJ,PT,21,7,11,1617,859,10096,859,High Movement,0
KK-8681462,UN,CJ,PT,13,8,11,1144,3932,117260,3932,High Movement,3
KK-8681623,UN,CJ,PT,17,8,4,544,871,11026,871,High Movement,0
KK-8681742,UN,CJ,PT,15,7,3,315,1072,16733,1072,High Movement,1
KK-8682410,UN,CJ,PT,14,2,9,252,1703,32117,1703,High Movement,1
KK-8682461,UN,CJ,PT,10,9,8,720,1481,26931,1481,High Movement,1
KK-8682463,UN,CJ,PT,14,3,9,378,1107,19181,1107,High Movement,1
KK-8688015,UN,CJ,PT,11,7,6,462,1078,35992,1078,High Movement,1
KK-8688016,UN,CJ,PT,14,14,6,1176,919,23273,919,High Movement,0
KK-8688028,UN,CJ,PT,15,7,6,630,1828,66242,1828,High Movement,1
KK-8688029,UN,CJ,PT,13,14,6,1092,1009,28345,1009,High Movement,0
KK-8688020,UN,CJ,PT,13,14,6,1092,1335,38144,1335,High Movement,1
KK-8688031,UN,CJ,PT,15,7,6,630,1488,54263,1488,High Movement,1
KK-8688035,UN,CJ,PT,16,7,6,672,1282,48571,1282,High Movement,1
KK-8688030,UN,CJ,PT,11,7,6,462,3497,123023,3497,High Movement,3
KK-8688042,UN,CJ,PT,11,7,6,462,5153,199844,5153,High Movement,3
KK-8688043,UN,CJ,PT,16,8,6,768,665,11307,665,High Movement,0
KK-8689867,UN,CJ,PT,10,9,7,630,829,26019,829,High Movement,0
KK-8689860,UN,CJ,PT,10,9,7,630,2288,77217,2288,High Movement,1
KK-8714166,UN,CJ,PT,22,9,5,990,496,6997,496,Medium Movement,0
KK-8714167,UN,CJ,PT,22,9,5,990,444,6505,444,Medium Movement,0
KK-8714216,UN,CJ,PT,17,7,4,476,1119,13580,1119,High Movement,1
KK-8714225,UN,CJ,PT,15,3,5,225,1242,14919,1242,High Movement,1
KK-8714231,UN,CJ,PT,15,3,5,225,1526,19059,1526,High Movement,1
KK-8714232,UN,CJ,PT,19,7,4,532,1415,20420,1415,High Movement,1
KK-8714233,UN,CJ,PT,22,8,5,880,876,14021,876,High Movement,0
KK-8714239,UN,CJ,PT,16,4,3,192,1918,23312,1918,High Movement,1
KK-8714230,UN,CJ,PT,19,6,4,456,1378,19979,1378,High Movement,1
KK-8714241,UN,CJ,PT,22,8,5,880,891,13612,891,High Movement,0
KK-8714274,UN,CJ,PT,17,8,4,544,1114,15573,1114,High Movement,1
KK-8714275,UN,CJ,PT,22,8,5,880,633,8464,633,High Movement,0
KK-8714856,UN,CJ,PT,18,6,7,756,527,6491,527,Medium Movement,0
KK-8722121,UN,CJ,PT,14,5,5,350,1385,15138,1385,High Movement,1
KK-8722122,UN,CJ,PT,17,6,7,714,846,9254,846,High Movement,0
KK-8727419,UN,CJ,PT,17,8,4,544,737,7858,737,High Movement,0
KK-8727410,UN,CJ,PT,22,8,5,880,212,2000,212,Medium Movement,0
KK-8727448,UN,CJ,PT,17,7,4,476,667,7185,667,High Movement,0
KK-8733182,UN,CJ,PT,21,7,7,1029,1505,18203,1505,High Movement,1
KK-8733189,UN,CJ,PT,17,7,4,476,925,11267,925,High Movement,0
KK-8737159,UN,CJ,PT,10,6,6,360,1123,11823,1123,High Movement,1
KK-8739803,UN,CJ,PT,19,7,4,532,944,11724,944,High Movement,0
KK-8861317,UN,CJ,PT,11,7,6,462,2641,83294,2641,High Movement,1
KK-80444,UN,CJ,PT,5,24,12,1440,1053,13282,1053,High Movement,1
KK-91803,UN,CJ,PT,18,8,4,576,1022,11517,1022,High Movement,0
KK-91804,UN,CJ,PT,20,7,7,980,400,4324,400,Medium Movement,0
KK-91807,UN,CJ,PT,17,4,8,544,1015,12440,1015,High Movement,0
KK-94806,UN,CJ,PT,1,1,1,1,40,4183,40,Low Movement,0
KK-94959,UN,CJ,PT,18,6,7,756,619,7371,619,Medium Movement,0
KK-94085,UN,CJ,PT,1,1,1,1,1440,49800,1440,High Movement,1
KK-98953,UN,CJ,PT,22,8,5,880,483,5473,483,Medium Movement,0
KK-98954,UN,CJ,PT,19,4,7,532,782,8873,782,High Movement,0
KK-98956,UN,CJ,PT,20,6,5,600,969,11999,969,High Movement,0
KK-98962,UN,CJ,PT,19,4,7,532,852,9847,852,High Movement,0
KK-98963,UN,CJ,PT,22,9,5,990,538,6689,538,Medium Movement,0
KK-98901,UN,CJ,PT,14,3,6,252,2016,26875,2016,High Movement,1
KK-98052,UN,CJ,PT,18,8,4,576,1229,14512,1229,High Movement,1
KK-98053,UN,CJ,PT,20,7,7,980,639,6889,639,High Movement,0
KK-01163,UN,CJ,PT,11,5,4,220,615,13924,615,Medium Movement,0
KK-01167,UN,CJ,PT,11,5,4,220,115,3011,115,Low Movement,0
KK-0130443,UN,CJ,PT,10,5,3,150,1035,24712,1035,High Movement,1
KK-01300,UN,CJ,PT,9,5,3,135,871,22073,871,High Movement,0
KK-03856,UN,CJ,PT,19,4,6,456,624,9310,624,High Movement,0
KK-046080,UN,CJ,PT,17,8,3,408,676,7787,676,High Movement,0
KK-05174,UN,CJ,PT,26,7,12,2184,64,7061,64,Low Movement,0
KK-06561,UN,CJ,PT,15,13,6,1170,1504,42722,1504,High Movement,1
KK-06500,UN,CJ,PT,22,8,8,1408,13,540,13,Low Movement,0
KK-06059,UN,PT, ,20,8,8,1280,31,293,31,Low Movement,0
KK-07010,UN,CJ,PT,1,1,1,1,195,3008,195,Medium Movement,0
KK-00556,UN,CJ,PT,8,6,10,480,1520,46518,1520,High Movement,1
KK-00925,UN,CJ,PT,11,5,4,220,777,8889,777,High Movement,0
KK-00926,UN,CJ,PT,23,6,7,966,479,6008,479,Medium Movement,0
KK-00927,UN,CJ,PT,11,5,4,220,416,5072,416,Medium Movement,0
KK-00928,UN,CJ,PT,11,5,4,220,557,6470,557,Medium Movement,0
L2-146203,UN,CJ,PT,1,1,1,1,72,600,72,Low Movement,0
L2-211435,UN,CJ,PT,14,16,12,2688,265,3664,265,Medium Movement,0
L2-21140,UN,CJ,PT,7,24,14,2352,110,1445,110,Low Movement,0
L2-211558,UN,CJ,PT,7,24,14,2352,179,2230,179,Medium Movement,0
L2-21165,UN,CJ,PT,21,16,7,2352,251,3267,251,Medium Movement,0
L2-21167,UN,CJ,PT,23,7,13,2093,244,2869,244,Medium Movement,0
L2-21178,UN,CJ,PT,21,7,13,1911,223,2792,223,Medium Movement,0
L2-21462,UN,CJ,PT,23,15,7,2415,22,415,22,Low Movement,0
L2-231242,UN,CJ,PT,21,11,11,2541,47,594,47,Low Movement,0
L2-28139,UN,CJ,PT,1,24,24,576,65,954,65,Low Movement,0
L2-28158,UN,CJ,PT,23,15,7,2415,59,938,59,Low Movement,0
L2-202368,UN,CL,PT,1,1,1,1,64,838,64,Low Movement,0
L2-462041,UN,CJ,PT,1,1,1,1,7,426,7,Low Movement,0
L2-58352,UN,CJ,PT,23,7,13,2093,91,2005,91,Low Movement,0
L2-82050,UN,CJ,PT,23,7,13,2093,107,949,107,Low Movement,0
L2-86844,UN,CJ,PT,7,24,14,2352,30,511,30,Low Movement,0
L291513166,UN,CJ,PT,23,7,13,2093,252,3445,252,Medium Movement,0
L291513281,UN,PT, ,1,1,1,1,4,36,4,Low Movement,0
L291513364,UN,CJ,PT,9,8,14,1008,753,12040,753,High Movement,0
L291513448,UN,CJ,PT,23,15,7,2415,575,7883,575,Medium Movement,0
L291513456,UN,CJ,PT,23,7,13,2093,65,1043,65,Low Movement,0
L291613156,UN,CJ,PT,11,26,11,3146,188,2422,188,Medium Movement,0
L291813144,UN,CJ,PT,7,18,7,882,56,744,56,Low Movement,0
L291813177,UN,CJ,PT,23,7,13,2093,148,1726,148,Medium Movement,0
L2-09532,UN,CJ,PT,3,25,10,750,199,2499,199,Medium Movement,0
L2N3717169,UN,CJ,PT,5,20,11,1100,248,2860,248,Medium Movement,0
L2N3717177,UN,CJ,PT,5,21,11,1155,267,3274,267,Medium Movement,0
L2N3717193,UN,CJ,PT,5,20,11,1100,260,3163,260,Medium Movement,0
L2N3717268,UN,CJ,PT,6,25,9,1350,249,3164,249,Medium Movement,0
M4-11178,UN,CJ,PT,6,13,14,1092,2417,113142,2417,High Movement,1
M4-11179,UN,CJ,PT,12,32,5,1920,2760,64666,2760,High Movement,1
M4-11199,UN,CJ,PT,12,14,6,1008,2466,115798,2466,High Movement,1
M4-11190,UN,CJ,PT,14,27,6,2268,2794,73760,2794,High Movement,1
M4-11103,UN,CJ,PT,12,23,13,3588,1160,21908,1160,High Movement,1
M4-11108,UN,PT, ,9,35,52,16380,677,3073,677,High Movement,0
M4-11100,UN,CJ,PT,10,12,10,1200,1565,48602,1565,High Movement,1
M4-11212,UN,CJ,PT,12,24,13,3744,405,7541,405,Medium Movement,0
M4-11228,UN,CJ,PT,5,30,18,2700,1176,29344,1176,High Movement,1
M4-11236,UN,CJ,PT,11,11,9,1089,16,1422,16,Low Movement,0
M4-11238,UN,CJ,PT,11,43,14,6622,10,66,10,Low Movement,0
M4-11242,UN,CJ,PT,10,7,7,490,1797,166200,1797,High Movement,1
M4-11243,UN,CJ,PT,3,7,20,420,2110,187461,2110,High Movement,1
M4-11245,UN,CJ,PT,14,11,9,1386,1076,73721,1076,High Movement,1
M4-11247,UN,CJ,PT,14,22,14,4312,1133,22787,1133,High Movement,1
M4-11249,UN,CJ,PT,19,39,11,8151,453,5214,453,Medium Movement,0
M4-11552,UN,CJ,PT,5,7,13,455,2247,143310,2247,High Movement,1
M4-11554,UN,CJ,PT,10,11,9,990,3084,163056,3084,High Movement,1
M4-11557,UN,CJ,PT,1,1,1,1,49,764,49,Low Movement,0
M4-11574,UN,CJ,PT,6,15,15,1350,1865,76466,1865,High Movement,1
M4-115756,UN,CJ,PT,13,33,6,2574,3323,55086,3323,High Movement,3
M4-115763,UN,CJ,PT,20,29,6,3480,1724,46345,1724,High Movement,1
M4-115770,UN,CJ,PT,12,23,13,3588,1390,24562,1390,High Movement,1
M4-11596,UN,CJ,PT,24,13,4,1248,22,440,22,Low Movement,0
M4-11597,UN,CJ,PT,37,26,15,14430,427,2183,427,Medium Movement,0
M4-11598,UN,CJ,PT,32,10,17,5440,471,5500,471,Medium Movement,0
M4-11646,UN,CJ,PT,6,13,13,1014,2609,129188,2609,High Movement,1
M4-11676,UN,CJ,PT,28,14,8,3136,407,4917,407,Medium Movement,0
M4-11677,UN,CJ,PT,1,1,1,1,42,591,42,Low Movement,0
M4-11678,UN,CJ,PT,1,1,1,1,35,414,35,Low Movement,0
M4-11679,UN,CJ,PT,1,1,1,1,19,75,19,Low Movement,0
M4-11691,UN,CJ,PT,33,17,13,7293,158,2079,158,Medium Movement,0
M4-11692,UN,CJ,PT,1,1,1,1,450,4771,450,Medium Movement,0
M4-11758,UN,CJ,PT,8,11,10,880,1433,98880,1433,High Movement,1
M4-11925,UN,CJ,PT,5,31,20,3100,1926,72460,1926,High Movement,1
M4-11994Q,UN,CJ,PT,11,13,8,1144,1465,72724,1465,High Movement,1
M4-11048,UN,CJ,PT,1,1,1,1,100,441,100,Low Movement,0
M4-12113,UN,CJ,PT,11,32,6,2112,1932,41813,1932,High Movement,1
M4-12155,UN,CJ,PT,10,20,11,2200,9,1140,9,Low Movement,0
M4-1229Q,UN,CJ,PT,14,21,11,3234,1190,34297,1190,High Movement,1
M4-12489,UN,CJ,PT,1,1,1,1,431,9304,431,Medium Movement,0
M4-12865,UN,CJ,PT,17,22,14,5236,51,1493,51,Low Movement,0
M4-13753,UN,CJ,PT,10,19,9,1710,4,40,4,Low Movement,0
M4-15541Q,UN,CJ,PT,11,13,8,1144,1336,67403,1336,High Movement,1
M4-15558,UN,CJ,PT,12,30,6,2160,3815,72811,3815,High Movement,3
M4-15565,UN,CJ,PT,12,29,6,2088,1931,80055,1931,High Movement,1
M4-15572,UN,CJ,PT,17,22,13,4862,1337,26290,1337,High Movement,1
M4-15572Q,UN,CJ,PT,11,13,8,1144,2,24,2,Low Movement,0
M4-15589,UN,CJ,PT,15,23,24,8280,1010,10181,1010,High Movement,0
M4-15596,UN,CJ,PT,12,23,30,8280,1326,11813,1326,High Movement,1
M4-15749Q,UN,CJ,PT,11,13,8,1144,862,38852,862,High Movement,0
M4-15787,UN,CJ,PT,19,39,57,42237,1579,14240,1579,High Movement,1
M4-16463Q,UN,CJ,PT,11,13,8,1144,1121,59929,1121,High Movement,1
M4-16470,UN,CJ,PT,13,33,6,2574,3651,77521,3651,High Movement,3
M4-16487,UN,CJ,PT,17,32,6,3264,2109,71448,2109,High Movement,1
M4-16494,UN,CJ,PT,14,22,13,4004,1436,27894,1436,High Movement,1
M4-16753,UN,CJ,PT,1,1,1,1,704,7758,704,High Movement,0
M4-16821,UN,CJ,PT,1,1,1,1,183,1231,183,Medium Movement,0
M4-19136,UN,PT, ,12,10,52,6240,683,4191,683,High Movement,0
M4-19172,UN,CJ,PT,28,14,8,3136,403,4362,403,Medium Movement,0
M4-19182,UN,CJ,PT,28,14,8,3136,648,7605,648,High Movement,0
M4-19199,UN,CJ,PT,28,14,8,3136,858,9593,858,High Movement,0
M4-19472,UN,CJ,PT,28,14,8,3136,658,6956,658,High Movement,0
M4-19489,UN,CJ,PT,33,10,17,5610,480,5156,480,Medium Movement,0
M4-19496A,UN,CJ,PT,23,6,8,1104,433,12266,433,Medium Movement,0
M4-19403,UN,CJ,PT,36,25,14,12600,540,2586,540,Medium Movement,0
M4-25244,UN,CJ,PT,1,1,1,1,282,4084,282,Medium Movement,0
M4-26531,UN,CJ,PT,1,1,1,1,94,568,94,Low Movement,0
M4-2608576,UN,CJ,PT,33,10,17,5610,537,6823,537,Medium Movement,0
M4-2608577,UN,CJ,PT,33,10,17,5610,332,3682,332,Medium Movement,0
M4-2608581,UN,CJ,PT,33,10,17,5610,462,6033,462,Medium Movement,0
M4-2719121,EX,CJ,PT,9,3,4,108,12,1282,12,Low Movement,0
M4-2719861,UN,CJ,PT,16,29,6,2784,2006,71716,2006,High Movement,1
M4-2719867,UN,CJ,PT,23,3,8,552,741,20726,741,High Movement,0
M4-2719868,UN,CJ,PT,37,26,21,20202,676,3477,676,High Movement,0
M4-2719872,UN,CJ,PT,13,46,28,16744,317,1355,317,Medium Movement,0
M4-2719873,UN,CJ,PT,12,41,14,6888,1263,12261,1263,High Movement,1
M4-31295,UN,CJ,PT,23,13,13,3887,254,4490,254,Medium Movement,0
M4-31202,UN,CJ,PT,24,11,9,2376,399,7192,399,Medium Movement,0
M4-33522,UN,CJ,PT,1,1,1,1,57,1890,57,Low Movement,0
M4-33529,UN,CJ,PT,36,26,14,13104,4,30,4,Low Movement,0
M4-33532,UN,CJ,PT,1,1,1,1,146,1201,146,Low Movement,0
M4-33534,UN,CJ,PT,22,10,11,2420,12,4200,12,Low Movement,0
M4-51117Q,UN,CJ,PT,13,10,9,1170,1484,75163,1484,High Movement,1
M4-51110,UN,CJ,PT,15,24,11,3960,581,26983,581,Medium Movement,0
M4-51166,UN,CJ,PT,10,11,7,770,6,90,6,Low Movement,0
M4-51167,UN,CJ,PT,19,38,10,7220,568,7417,568,Medium Movement,0
M4-51168,UN,CJ,PT,1,1,1,1,648,25816,648,High Movement,0
M4-515542,UN,CJ,PT,22,6,8,1056,33,616,33,Low Movement,0
M4-51777,UN,CJ,PT,6,10,20,1200,1033,48529,1033,High Movement,1
M4-51770,UN,CJ,PT,11,30,20,6600,351,2933,351,Medium Movement,0
M4-51781,UN,CJ,PT,12,30,40,14400,94,415,94,Low Movement,0
M4-51785,UN,CJ,PT,28,14,8,3136,378,4200,378,Medium Movement,0
M4-51786,UN,CJ,PT,33,10,16,5280,264,3056,264,Medium Movement,0
M4-51704,UN,CJ,PT,1,1,1,1,524,18220,524,Medium Movement,0
M4-51860,UN,CJ,PT,1,1,1,1,7,246,7,Low Movement,0
M4-519748,UN,CJ,PT,36,26,14,13104,4,33,4,Low Movement,0
M4-510110,UN,CJ,PT,36,26,14,13104,300,1362,300,Medium Movement,0
M4-52122,UN,CJ,PT,17,13,4,884,333,4578,333,Medium Movement,0
M4-52123,UN,CJ,PT,19,14,4,1064,325,4403,325,Medium Movement,0
M4-52124,UN,CJ,PT,17,13,4,884,328,4324,328,Medium Movement,0
M4-52300,UN,CJ,PT,9,13,30,3510,382,3803,382,Medium Movement,0
M4-52419,UN,CJ,PT,3,25,10,750,182,4078,182,Medium Movement,0
M4-52448,UN,CJ,PT,33,10,17,5610,144,1605,144,Low Movement,0
M4-52449,UN,PT, ,10,34,37,12580,42,1827,42,Low Movement,0
M4-5206,UN,PT, ,11,22,33,7986,731,5433,731,High Movement,0
M4-5312565,UN,CJ,PT,24,6,7,1008,1449,23133,1449,High Movement,1
M4-5312568,UN,CJ,PT,20,7,6,840,1016,30226,1016,High Movement,0
M4-5312575,UN,CJ,PT,23,7,7,1127,1015,16359,1015,High Movement,0
M4-5312582,UN,CJ,PT,12,12,12,1728,1954,35509,1954,High Movement,1
M4-5312599,UN,CJ,PT,12,12,13,1872,717,12531,717,High Movement,0
M4-5312506,UN,CJ,PT,11,8,18,1584,942,16243,942,High Movement,0
M4-5312612,UN,CJ,PT,7,13,12,1092,2110,66463,2110,High Movement,1
M4-5312629,UN,CJ,PT,17,12,12,2448,773,25848,773,High Movement,0
M4-5312636,UN,CJ,PT,7,12,12,1008,1016,35093,1016,High Movement,0
M4-5312643,UN,CJ,PT,6,11,10,660,2819,78403,2819,High Movement,1
M4-5312664,UN,CJ,PT,6,11,11,726,1018,24149,1018,High Movement,0
M4-5312674,UN,CJ,PT,5,8,8,320,2832,122887,2832,High Movement,1
M4-5312698,UN,CJ,PT,5,8,8,320,15,399,15,Low Movement,0
M4-531023,UN,CJ,PT,22,6,8,1056,783,24170,783,High Movement,0
M4-72447,UN,CJ,PT,11,31,6,2046,2076,38326,2076,High Movement,1
M474121157,UN,CJ,PT,5,9,8,360,4,180,4,Low Movement,0
M4-75116,UN,CJ,PT,23,6,8,1104,217,5737,217,Medium Movement,0
M4-052448,UN,CJ,PT,1,1,1,1,2,36,2,Low Movement,0
M0-77614,UN,CJ,PT,11,6,4,264,2613,165848,2613,High Movement,1
M0-77615,UN,CJ,PT,11,6,4,264,3334,266083,3334,High Movement,3
M0-77616,UN,CJ,PT,11,6,4,264,2331,136580,2331,High Movement,1
M0-77617,UN,CJ,PT,11,6,4,264,1548,90808,1548,High Movement,1
M0-77618,UN,CJ,PT,11,6,4,264,1509,88467,1509,High Movement,1
M0-77619,UN,CJ,PT,21,10,6,1260,879,79757,879,High Movement,0
M0-77610,UN,CJ,PT,21,10,6,1260,852,68238,852,High Movement,0
M0-77621,UN,CJ,PT,22,10,6,1320,212,9547,212,Medium Movement,0
M0-77622,UN,CJ,PT,22,10,6,1320,226,15440,226,Medium Movement,0
M0-77624,UN,CJ,PT,11,18,9,1782,187,9883,187,Medium Movement,0
M0-77671,UN,CJ,PT,1,1,1,1,411,16929,411,Medium Movement,0
MF-2111,UN,CJ,PT,29,8,8,1856,34,900,34,Low Movement,0
MO-28820,UN,CJ,PT,24,7,7,1176,441,10196,441,Medium Movement,0
MO-20553,UN,CJ,PT,34,11,11,4114,46,531,46,Low Movement,0
MO-34879,UN,CJ,PT,24,9,14,3024,12,106,12,Low Movement,0
MO-44533,UN,CJ,PT,24,7,7,1176,273,3457,273,Medium Movement,0
MO-47530,UN,CJ,PT,24,7,7,1176,33,514,33,Low Movement,0
MO-56987,UN,CJ,PT,24,7,7,1176,143,2345,143,Low Movement,0
MO-61134,UN,CJ,PT,24,9,14,3024,58,560,58,Low Movement,0
MO-66361,UN,CJ,PT,34,11,11,4114,15,51,15,Low Movement,0
MO-70137,UN,CJ,PT,34,11,11,4114,66,830,66,Low Movement,0
MO-83740,UN,CJ,PT,24,7,7,1176,42,815,42,Low Movement,0
MO-88199,UN,CJ,PT,34,11,11,4114,22,142,22,Low Movement,0
MO-93407,UN,CJ,PT,24,7,7,1176,93,648,93,Low Movement,0
MO-93584,UN,CJ,PT,24,8,7,1344,23,417,23,Low Movement,0
MO-93685,UN,CJ,PT,24,7,7,1176,349,3485,349,Medium Movement,0
MO-01530,UN,CJ,PT,28,9,9,2268,309,5578,309,Medium Movement,0
MU-11217,UN,CJ,PT,21,7,7,1029,7120,743076,7120,High Movement,3
MU-11218,UN,CJ,PT,22,6,7,924,5539,373867,5539,High Movement,3
MU-17539,UN,CJ,PT,1,1,1,1,1309,15395,1309,High Movement,1
MU-17546,UN,CJ,PT,1,1,1,1,1023,11512,1023,High Movement,0
MU-45326,UN,CJ,PT,25,9,8,1800,445,9051,445,Medium Movement,0
MU-49263,UN,CJ,PT,23,7,7,1127,2086,114886,2086,High Movement,1
MU-49207,UN,CJ,PT,1,1,1,1,1005,46625,1005,High Movement,0
MU-49208,UN,CJ,PT,12,7,7,588,782,31929,782,High Movement,0
MU-49325,UN,CJ,PT,25,9,8,1800,1077,27606,1077,High Movement,1
MU-49320,UN,CJ,PT,13,6,4,312,2438,110638,2438,High Movement,1
MU-49331,UN,CJ,PT,14,6,4,336,3436,224234,3436,High Movement,3
MU-49332,UN,CJ,PT,13,6,4,312,2364,108680,2364,High Movement,1
MU-92564,UN,CJ,PT,21,7,7,1029,5035,302499,5035,High Movement,3
N292921124,UN,CJ,PT,22,14,13,4004,612,6615,612,Medium Movement,0
N292921140,UN,CJ,PT,10,8,8,640,481,18660,481,Medium Movement,0
N292921107,UN,CJ,PT,13,27,35,12285,306,5091,306,Medium Movement,0
N3-16832,UN,CJ,PT,1,1,1,1,3,12,3,Low Movement,0
N3-18329,UN,CJ,PT,24,12,18,5184,370,4944,370,Medium Movement,0
N3-18350,UN,CJ,PT,24,12,37,10656,220,1607,220,Medium Movement,0
N3-18367,UN,CJ,PT,22,11,44,10648,262,1988,262,Medium Movement,0
N3-18374,UN,CJ,PT,21,12,43,10836,255,1851,255,Medium Movement,0
N3-18381,UN,CJ,PT,6,12,16,1152,430,11205,430,Medium Movement,0
N3-18398,UN,CJ,PT,6,13,18,1404,1949,69429,1949,High Movement,1
N3-18305,UN,CJ,PT,5,12,21,1260,1984,90688,1984,High Movement,1
N3-18411,UN,CJ,PT,5,13,23,1495,2604,129686,2604,High Movement,1
N3-18435,UN,CJ,PT,18,12,19,4104,668,8091,668,High Movement,0
N3-18442,UN,CJ,PT,17,12,21,4284,917,12879,917,High Movement,0
N3-18459,UN,CJ,PT,17,24,11,4488,1047,14106,1047,High Movement,1
N3-18466,UN,CJ,PT,24,24,19,10944,252,1769,252,Medium Movement,0
N3-18480,UN,CJ,PT,21,12,45,11340,359,2482,359,Medium Movement,0
N3-32287,UN,CJ,PT,17,12,18,3672,28,222,28,Low Movement,0
N3-32548,UN,CJ,PT,1,1,1,1,1841,67167,1841,High Movement,1
N3-32549,UN,CJ,PT,1,1,1,1,2180,91397,2180,High Movement,1
N3-52374,UN,CJ,PT,1,1,1,1,14,52,14,Low Movement,0
N3-5496,UN,CJ,PT,23,12,37,10212,183,1553,183,Medium Movement,0
N3-5403,UN,CJ,PT,21,12,44,11088,229,1964,229,Medium Movement,0
N3-5519,UN,CJ,PT,43,12,23,11868,121,911,121,Low Movement,0
N3-5533,UN,CJ,PT,21,12,44,11088,40,348,40,Low Movement,0
N3-8246-3,UN,CJ,PT,5,13,23,1495,3,38,3,Low Movement,0
N3-91554,UN,CJ,PT,1,1,1,1,19,792,19,Low Movement,0
N3-918336,UN,CJ,PT,21,24,11,5544,554,7580,554,Medium Movement,0
N3-918343,UN,CJ,PT,21,12,23,5796,650,8892,650,High Movement,0
N3-918473,UN,CJ,PT,22,12,43,11352,583,4251,583,Medium Movement,0
N3-91925,UN,CJ,PT,18,11,19,3762,2,88,2,Low Movement,0
N3-91927,UN,CJ,PT,17,12,21,4284,120,1060,120,Low Movement,0
N3-91933,UN,CJ,PT,26,21,11,6006,345,6233,345,Medium Movement,0
N3-91934,UN,CJ,PT,25,22,11,6050,587,9365,587,Medium Movement,0
N3-91935,UN,CJ,PT,25,49,12,14700,930,13048,930,High Movement,0
N3-98239,UN,CJ,PT,6,12,17,1224,306,10351,306,Medium Movement,0
N3-98246,UN,CJ,PT,6,12,20,1440,1413,56943,1413,High Movement,1
N3-98253,UN,CJ,PT,5,12,22,1320,1376,66562,1376,High Movement,1
N3-98260,UN,CJ,PT,5,13,22,1430,1893,96386,1893,High Movement,1
N6N1221125,UN,CJ,PT,12,7,7,588,4237,1099819,4237,High Movement,3
N6N1221133,UN,CJ,PT,12,7,7,588,6348,1611147,6348,High Movement,3
N6N1321131,UN,CJ,PT,12,7,7,588,3197,691154,3197,High Movement,1
N6N1321157,UN,CJ,PT,12,7,7,588,4921,1172664,4921,High Movement,3
N6N1323178,UN,CJ,PT,11,7,7,539,1668,172286,1668,High Movement,1
NA-397112,UN,CJ,PT,24,7,7,1176,25,78,25,Low Movement,0
NA-402526,UN,CJ,PT,4,9,15,540,2,3,2,Low Movement,0
NA-710775,UN,CJ,PT,4,9,15,540,18,122,18,Low Movement,0
NA-710881,UN,CJ,PT,9,14,3,378,39,271,39,Low Movement,0
NA-710898,UN,CJ,PT,14,7,7,686,13,69,13,Low Movement,0
NA-710805,UN,CJ,PT,21,8,8,1344,48,258,48,Low Movement,0
NA-743223,UN,CJ,PT,4,9,15,540,13,66,13,Low Movement,0
NA-743230,UN,CJ,PT,4,9,15,540,12,68,12,Low Movement,0
NA-743247,UN,CJ,PT,10,15,3,450,45,273,45,Low Movement,0
NA-743254,UN,CJ,PT,10,16,4,640,32,207,32,Low Movement,0
NA-743261,UN,CJ,PT,21,7,7,1029,4,8,4,Low Movement,0
NA-743278,UN,CJ,PT,4,9,15,540,29,180,29,Low Movement,0
NA-743346,UN,CJ,PT,4,9,15,540,1,6,1,Low Movement,0
NA-743384,UN,CJ,PT,9,13,4,468,35,235,35,Low Movement,0
NA-743391,UN,CJ,PT,11,7,8,616,10,80,10,Low Movement,0
NA-740123,UN,CJ,PT,4,9,15,540,17,118,17,Low Movement,0
NO-8158715,UN,CJ,PT,16,8,4,512,710,7070,710,High Movement,0
NO-92074,UN,CJ,PT,10,5,2,100,320,4288,320,Medium Movement,0
NO-93642,UN,CJ,PT,19,10,5,950,1480,18165,1480,High Movement,1
NO-98151,UN,PT, ,19,10,5,950,415,4529,415,Medium Movement,0
NO-99264,UN,CJ,PT,19,10,5,950,313,3308,313,Medium Movement,0
O2-15413,UN,CJ,PT,10,13,3,390,950,44417,950,High Movement,0
O2-15414,UN,CJ,PT,10,13,3,390,2169,108455,2169,High Movement,1
O2-15421,UN,CJ,PT,10,13,3,390,1746,88186,1746,High Movement,1
O2-3252330,UN,CJ,PT,11,10,9,990,1592,37905,1592,High Movement,1
O2-3252347,UN,CJ,PT,11,10,10,1100,1408,32446,1408,High Movement,1
O2-3252392,UN,CJ,PT,11,10,10,1100,1524,36088,1524,High Movement,1
O2-35122,UN,CJ,PT,12,10,10,1200,480,8929,480,Medium Movement,0
O2-35123,UN,CJ,PT,12,10,10,1200,482,9956,482,Medium Movement,0
O2-35124,UN,CJ,PT,12,10,10,1200,493,9603,493,Medium Movement,0
O2-35312,UN,CJ,PT,11,10,10,1100,3849,159477,3849,High Movement,3
O2-35313,UN,CJ,PT,11,10,10,1100,3129,128851,3129,High Movement,1
O2-35314,UN,CJ,PT,11,10,10,1100,3575,131764,3575,High Movement,3
O271325121,UN,CJ,PT,11,10,10,1100,7331,539020,7331,High Movement,3
O271325139,UN,CJ,PT,11,10,10,1100,7857,565114,7857,High Movement,3
O271325196,UN,CJ,PT,11,10,9,990,5234,275868,5234,High Movement,3
O271325104,UN,CJ,PT,11,10,10,1100,3367,140238,3367,High Movement,3
O271325220,UN,CJ,PT,11,10,9,990,8211,701205,8211,High Movement,3
PT-111724,UN,CJ,PT,16,7,7,784,2044,74746,2044,High Movement,1
PT-31142,UN,CJ,PT,26,12,10,3120,595,9109,595,Medium Movement,0
PT-31411,UN,CJ,PT,28,16,13,5824,1034,14991,1034,High Movement,1
PT-3631137,UN,CJ,PT,24,13,11,3432,694,7940,694,High Movement,0
PT-44138,UN,CJ,PT,26,12,10,3120,240,3193,240,Medium Movement,0
PT-45114,UN,CJ,PT,23,12,11,3036,222,2492,222,Medium Movement,0
PT-72148,UN,CJ,PT,25,9,8,1800,3487,183788,3487,High Movement,3
PT-72149,UN,CJ,PT,25,26,30,19500,564,10300,564,Medium Movement,0
PT-72140,UN,CJ,PT,22,10,10,2200,764,18346,764,High Movement,0
PT93621131,UN,CJ,PT,26,12,9,2808,1305,19231,1305,High Movement,1
PT93621141,UN,CJ,PT,26,12,10,3120,398,4539,398,Medium Movement,0
PT93621143,UN,CJ,PT,26,12,10,3120,496,5971,496,Medium Movement,0
PT93621144,UN,CJ,PT,26,12,10,3120,367,4422,367,Medium Movement,0
PT93621151,UN,CJ,PT,20,10,10,2000,810,12409,810,High Movement,0
PT93621180,UN,CJ,PT,26,12,10,3120,567,6803,567,Medium Movement,0
Q2-21227,UN,CJ,PT,13,7,7,637,36,1044,36,Low Movement,0
Q2H1216133,UN,CJ,PT,10,7,7,490,41,666,41,Low Movement,0
Q2H1216159,UN,CJ,PT,9,7,7,441,36,882,36,Low Movement,0
Q2H1216166,UN,CJ,PT,12,7,7,588,25,512,25,Low Movement,0
Q2H1216174,UN,CJ,PT,13,7,7,637,21,546,21,Low Movement,0
Q2H1316149,UN,CJ,PT,8,7,7,392,146,4644,146,Low Movement,0
Q2H1416121,UN,CJ,PT,11,8,8,704,136,4574,136,Low Movement,0
Q2H1416139,UN,CJ,PT,8,7,7,392,196,7404,196,Medium Movement,0
Q2H1416170,UN,CJ,PT,8,7,7,392,143,6108,143,Low Movement,0
Q2H1421564,UN,CJ,PT,9,8,8,576,80,1306,80,Low Movement,0
Q2H1516137,UN,CJ,PT,14,7,7,686,41,936,41,Low Movement,0
Q2H1616134,UN,CJ,PT,11,8,8,704,59,1644,59,Low Movement,0
Q7-9213,UN,CJ,PT,24,7,7,1176,764,15727,764,High Movement,0
Q7-9222,UN,CJ,PT,1,1,1,1,234,2346,234,Medium Movement,0
Q7-9231,UN,CJ,PT,24,7,7,1176,1992,53236,1992,High Movement,1
Q7-9236,UN,CJ,PT,1,1,1,1,513,8995,513,Medium Movement,0
Q7-9261,UN,CJ,PT,25,7,7,1225,327,8753,327,Medium Movement,0
Q7-9203,UN,CJ,PT,24,7,7,1176,352,6383,352,Medium Movement,0
Q7-9691,UN,CJ,PT,1,1,1,1,420,4439,420,Medium Movement,0
Q7-9697,UN,CJ,PT,1,1,1,1,511,7191,511,Medium Movement,0
Q7-9721,UN,CJ,PT,24,7,7,1176,158,2800,158,Medium Movement,0
Q8-41582,UN,PT, ,1,1,1,1,1,9,1,Low Movement,0
Q8-45043,UN,CJ,PT,1,1,1,1,34,37,34,Low Movement,0
Q8-40394,UN,PT, ,1,1,1,1,271,2262,271,Medium Movement,0
Q9-52103,UN,CJ,PT,10,9,9,810,374,3261,374,Medium Movement,0
Q9-52104,UN,CJ,PT,9,9,9,729,360,3062,360,Medium Movement,0
Q9-53202,UN,CJ,PT,9,9,9,729,345,3158,345,Medium Movement,0
Q9-59462,UN,CJ,PT,19,4,15,1140,508,6597,508,Medium Movement,0
Q9-59463,UN,CJ,PT,19,4,15,1140,558,7254,558,Medium Movement,0
Q9-59464,UN,CJ,PT,19,4,15,1140,370,5017,370,Medium Movement,0
Q9-59465,UN,CJ,PT,19,4,15,1140,459,6122,459,Medium Movement,0
Q9-59466,UN,CJ,PT,19,4,15,1140,479,6239,479,Medium Movement,0
Q9-59467,UN,CJ,PT,19,4,15,1140,260,3405,260,Medium Movement,0
Q9-59468,UN,CJ,PT,19,4,15,1140,532,7649,532,Medium Movement,0
Q9-59472,UN,CJ,PT,19,4,15,1140,527,7006,527,Medium Movement,0
QH-115061,UN,CJ,PT,1,1,1,1,254,4378,254,Medium Movement,0
QH-115078,UN,CJ,PT,1,1,1,1,253,4220,253,Medium Movement,0
QH-117349,UN,CJ,PT,16,29,6,2784,528,6607,528,Medium Movement,0
QH-117479,UN,CJ,PT,16,29,6,2784,2038,33814,2038,High Movement,1
QH-119978,UN,CJ,PT,24,10,6,1440,60,766,60,Low Movement,0
QH-119015,EX,CJ,PT,4,8,28,896,3848,98939,3848,High Movement,3
QH-123579,UN,CJ,PT,5,6,6,180,2198,108696,2198,High Movement,1
QH-123586,UN,CJ,PT,9,6,5,270,663,19266,663,High Movement,0
QH-120595,UN,CJ,PT,1,1,1,1,1548,31272,1548,High Movement,1
QH-120502,UN,CJ,PT,1,1,1,1,708,12851,708,High Movement,0
QH-120632,UN,CJ,PT,1,1,1,1,1028,23554,1028,High Movement,0
QH-120656,UN,CJ,PT,1,1,1,1,641,11758,641,High Movement,0
QH-120669,UN,CJ,PT,1,1,1,1,1867,34873,1867,High Movement,1
QH-120694,UN,CJ,PT,1,1,1,1,372,6720,372,Medium Movement,0
QH-120780,UN,CJ,PT,1,1,1,1,540,12270,540,Medium Movement,0
QH-120816,UN,CJ,PT,1,1,1,1,2040,42514,2040,High Movement,1
QH-120823,UN,CJ,PT,1,1,1,1,1009,19461,1009,High Movement,0
QH-120830,UN,CJ,PT,1,1,1,1,611,9642,611,Medium Movement,0
QH-120922,UN,CJ,PT,1,1,1,1,3463,84033,3463,High Movement,3
QH-120939,UN,CJ,PT,1,1,1,1,1445,31535,1445,High Movement,1
QH-120984,UN,CJ,PT,1,1,1,1,1686,33199,1686,High Movement,1
QH-120991,UN,CJ,PT,1,1,1,1,752,14757,752,High Movement,0
QH-120014,UN,CJ,PT,1,1,1,1,590,9443,590,Medium Movement,0
QH-131119,UN,CJ,PT,1,1,1,1,532,9997,532,Medium Movement,0
QH-131188,UN,CJ,PT,1,1,1,1,1136,23716,1136,High Movement,1
QH-131195,UN,CJ,PT,1,1,1,1,451,7866,451,Medium Movement,0
QH-131270,UN,CJ,PT,1,1,1,1,536,9301,536,Medium Movement,0
QH-131775,UN,CJ,PT,1,1,1,1,1857,28814,1857,High Movement,1
QH-131782,UN,CJ,PT,1,1,1,1,672,10328,672,High Movement,0
QH-140484,UN,CJ,PT,20,8,7,1120,137,2724,137,Low Movement,0
QH-140484D,UN,CJ,PT,19,8,16,2432,33,2982,33,Low Movement,0
QH-151114,UN,CJ,PT,29,7,10,2030,1815,25328,1815,High Movement,1
QH-175980,UN,CJ,PT,14,8,4,448,21,177,21,Low Movement,0
QH-107264,UN,CJ,PT,16,8,5,640,406,6044,406,Medium Movement,0
QH-215182,UN,CJ,PT,1,1,1,1,4,26,4,Low Movement,0
QH-217493,UN,CJ,PT,1,1,1,1,372,10832,372,Medium Movement,0
QH-217400,UN,CJ,PT,1,1,1,1,302,8243,302,Medium Movement,0
QH-217516,UN,CJ,PT,1,1,1,1,313,8151,313,Medium Movement,0
QH-217523,UN,CJ,PT,1,1,1,1,272,10063,272,Medium Movement,0
QH-210283,UN,CJ,PT,29,7,10,2030,2589,38850,2589,High Movement,1
QH-210207,UN,CJ,PT,1,1,1,1,1128,8520,1128,High Movement,1
QH-210982,EX,CJ,PT,4,8,28,896,986,5581,986,High Movement,0
QH-221282,UN,CJ,PT,22,7,4,616,400,4883,400,Medium Movement,0
QH-221206,UN,CJ,PT,23,6,6,828,392,5220,392,Medium Movement,0
QH-222343,UN,CJ,PT,1,1,1,1,3339,449757,3339,High Movement,3
QH-223579,UN,CJ,PT,1,1,1,1,152,3710,152,Medium Movement,0
QH-226420,EX,CJ,PT,15,4,6,360,2544,9381,2544,High Movement,1
QH-226420C,UN,PT, ,15,4,6,360,657,1378,657,High Movement,0
QH-226792,UN,CJ,PT,2,13,28,728,344,8843,344,Medium Movement,0
QH-226709,UN,CJ,PT,2,13,28,728,171,3963,171,Medium Movement,0
QH-226822,UN,CJ,PT,2,13,28,728,22,949,22,Low Movement,0
QH-226839,UN,CJ,PT,2,13,28,728,81,2360,81,Low Movement,0
QH-226846,UN,CJ,PT,2,13,28,728,128,2258,128,Low Movement,0
QH-226853,UN,CJ,PT,2,13,28,728,175,2868,175,Medium Movement,0
QH-226877,UN,CJ,PT,2,13,28,728,474,9112,474,Medium Movement,0
QH-227311,UN,CJ,PT,15,4,6,360,809,7793,809,High Movement,0
QH-228857,UN,CJ,PT,1,1,1,1,28,306,28,Low Movement,0
QH-228864,UN,CJ,PT,1,1,1,1,48,654,48,Low Movement,0
QH-231144,EX,CJ,PT,2,13,28,728,210,1056,210,Medium Movement,0
QH-231168,UN,CJ,PT,18,4,7,504,189,4362,189,Medium Movement,0
QH-231182,UN,CJ,PT,22,5,5,550,130,1515,130,Low Movement,0
QH-231199,UN,CJ,PT,24,10,6,1440,183,1709,183,Medium Movement,0
QH-231458,UN,CJ,PT,23,4,8,736,42,453,42,Low Movement,0
QH-232502,UN,CJ,PT,23,12,6,1656,21,1215,21,Low Movement,0
QH-232618,UN,CJ,PT,1,1,1,1,24,482,24,Low Movement,0
QH-232625,UN,CJ,PT,24,12,11,3168,20,558,20,Low Movement,0
QH-232632,UN,CJ,PT,1,1,1,1,22,372,22,Low Movement,0
QH-232649,UN,CJ,PT,1,1,1,1,21,446,21,Low Movement,0
QH-232656,UN,CJ,PT,24,12,11,3168,19,393,19,Low Movement,0
QH-232663,UN,CJ,PT,24,12,11,3168,6,293,6,Low Movement,0
QH-232670,UN,CJ,PT,1,1,1,1,18,364,18,Low Movement,0
QH-235530,UN,CJ,PT,13,7,4,364,95,2249,95,Low Movement,0
QH-235561,UN,CJ,PT,13,7,4,364,79,1561,79,Low Movement,0
QH-237436,UN,CJ,PT,22,6,7,924,32,473,32,Low Movement,0
QH-237443,UN,CJ,PT,29,7,9,1827,5,60,5,Low Movement,0
QH-237719,EX,CJ,PT,15,4,6,360,1548,5311,1548,High Movement,1
QH-237719C,UN,PT, ,15,4,6,360,657,1734,657,High Movement,0
QH-237733,EX,CJ,PT,15,4,6,360,2704,9938,2704,High Movement,1
QH-237733C,UN,PT, ,15,4,6,360,545,1503,545,Medium Movement,0
QH-243436,UN,CJ,PT,21,10,13,2730,1191,11392,1191,High Movement,1
QH-243443,UN,CJ,PT,13,7,4,364,921,8948,921,High Movement,0
QH-243467,UN,CJ,PT,18,37,10,6660,596,6378,596,Medium Movement,0
QH-243542,UN,CJ,PT,1,1,1,1,380,3984,380,Medium Movement,0
QH-243665,UN,CJ,PT,13,7,4,364,615,7523,615,Medium Movement,0
QH-244387,UN,CJ,PT,23,5,8,920,41,378,41,Low Movement,0
QH-244394,UN,CJ,PT,23,5,8,920,481,6577,481,Medium Movement,0
QH-244417,UN,CJ,PT,23,5,8,920,6,32,6,Low Movement,0
QH-244714,UN,CJ,PT,18,4,6,432,38,387,38,Low Movement,0
QH-244721,UN,CJ,PT,18,4,6,432,68,699,68,Low Movement,0
QH-244745,UN,CJ,PT,18,4,6,432,9,152,9,Low Movement,0
QH-244899,EX,CJ,PT,10,14,11,1540,1809,6010,1809,High Movement,1
QH-253146,UN,CJ,PT,19,4,6,456,73,1096,73,Low Movement,0
QH-253153,UN,CJ,PT,23,5,8,920,35,214,35,Low Movement,0
QH-253160,UN,CJ,PT,24,9,6,1296,51,473,51,Low Movement,0
QH-253184,EX,CJ,PT,2,13,28,728,1501,6106,1501,High Movement,1
QH-258172,UN,CJ,PT,22,6,6,792,5760,269326,5760,High Movement,3
QH-258189,UN,CJ,PT,22,6,6,792,3735,97737,3735,High Movement,3
QH-259780,UN,CJ,PT,14,5,3,210,3569,74948,3569,High Movement,3
QH-259797,UN,CJ,PT,14,3,5,210,1757,20103,1757,High Movement,1
QH-266405,UN,CJ,PT,22,7,4,616,209,2561,209,Medium Movement,0
QH-266528,UN,CJ,PT,22,6,6,792,327,4637,327,Medium Movement,0
QH-266945,UN,CJ,PT,25,7,8,1400,5878,439467,5878,High Movement,3
QH-266952,UN,CJ,PT,29,7,10,2030,4377,99653,4377,High Movement,3
QH-260656,UN,CJ,PT,29,8,9,2088,26,430,26,Low Movement,0
QH-271546,UN,CJ,PT,14,3,5,210,1275,10878,1275,High Movement,1
QH-271577,UN,CJ,PT,14,5,3,210,1401,15302,1401,High Movement,1
QH-274094,UN,CJ,PT,13,7,3,273,795,10014,795,High Movement,0
QH-275114,UN,CJ,PT,13,7,3,273,584,7920,584,Medium Movement,0
QH-275749,EX,CJ,PT,4,9,29,1044,1582,17240,1582,High Movement,1
QH-275756,UN,CJ,PT,22,5,7,770,540,7733,540,Medium Movement,0
QH-276319,EX,CJ,PT,5,6,28,840,742,2673,742,High Movement,0
QH-276326,EX,CJ,PT,2,13,28,728,2262,16755,2262,High Movement,1
QH-276357,UN,CJ,PT,22,5,7,770,601,9334,601,Medium Movement,0
QH-276364,UN,CJ,PT,22,5,7,770,473,7169,473,Medium Movement,0
QH-276371,UN,CJ,PT,22,5,7,770,2,19,2,Low Movement,0
QH-276388,UN,CJ,PT,22,5,7,770,650,7990,650,High Movement,0
QH-276425,UN,CJ,PT,22,5,7,770,7,27,7,Low Movement,0
QH-276432,UN,CJ,PT,21,6,7,882,540,7682,540,Medium Movement,0
QH-279006,UN,CJ,PT,21,5,7,735,598,7673,598,Medium Movement,0
QH-270102,UN,CJ,PT,18,6,5,540,973,13302,973,High Movement,0
QH-270218,UN,CJ,PT,18,6,5,540,928,13223,928,High Movement,0
QH-281184,UN,CJ,PT,22,6,6,792,520,6807,520,Medium Movement,0
QH-281191,UN,CJ,PT,22,5,6,660,1487,23982,1487,High Movement,1
QH-281399,UN,CJ,PT,18,6,4,432,1389,17046,1389,High Movement,1
QH-281429,UN,CJ,PT,24,7,10,1680,118,512,118,Low Movement,0
QH-281436,UN,CJ,PT,23,10,7,1610,84,349,84,Low Movement,0
QH-281498,UN,CJ,PT,29,7,9,1827,82,1322,82,Low Movement,0
QH-281405,UN,CJ,PT,24,10,7,1680,49,767,49,Low Movement,0
QH-281634,UN,CJ,PT,25,10,6,1500,150,1145,150,Medium Movement,0
QH-281641,UN,CJ,PT,24,10,6,1440,849,5627,849,High Movement,0
QH-28888,UN,CJ,PT,1,1,1,1,23,288,23,Low Movement,0
QH-206615,UN,CJ,PT,16,8,5,640,311,5003,311,Medium Movement,0
QH-207705,EX,CJ,PT,15,13,3,585,434,4854,434,Medium Movement,0
QH-314815,UN,CJ,PT,1,1,1,1,280,4215,280,Medium Movement,0
QH-355359,EX,CJ,PT,2,12,28,672,2050,16098,2050,High Movement,1
QH-355366,UN,CJ,PT,18,5,4,360,18,175,18,Low Movement,0
QH-355380,UN,CJ,PT,24,10,6,1440,177,1435,177,Medium Movement,0
QH-355434,UN,CJ,PT,22,5,8,880,12,47,12,Low Movement,0
QH-378015,UN,CJ,PT,14,8,4,448,282,2633,282,Medium Movement,0
QH-391380,UN,CJ,PT,1,1,1,1,253,3940,253,Medium Movement,0
QH-396934,UN,CJ,PT,42,33,11,15246,129,4029,129,Low Movement,0
QH-307961,UN,CJ,PT,21,23,11,5313,189,6002,189,Medium Movement,0
QH-307982,UN,CJ,PT,21,33,11,7623,75,2918,75,Low Movement,0
QH-413334,UN,CJ,PT,22,7,4,616,159,1895,159,Medium Movement,0
QH-413372,UN,CJ,PT,22,7,4,616,217,2617,217,Medium Movement,0
QH-413389,UN,CJ,PT,22,7,4,616,194,2184,194,Medium Movement,0
QH-413303,UN,CJ,PT,22,7,4,616,270,3574,270,Medium Movement,0
QH-413433,UN,CJ,PT,23,5,6,690,526,6306,526,Medium Movement,0
QH-413471,UN,CJ,PT,23,8,4,736,108,1230,108,Low Movement,0
QH-413402,UN,CJ,PT,22,7,4,616,129,1659,129,Low Movement,0
QH-414407,UN,CJ,PT,19,6,5,570,1139,17929,1139,High Movement,1
QH-414575,UN,CJ,PT,22,5,7,770,780,11811,780,High Movement,0
QH-414582,UN,CJ,PT,23,7,10,1610,88,1273,88,Low Movement,0
QH-414629,UN,CJ,PT,22,5,7,770,568,8258,568,Medium Movement,0
QH-414643,UN,CJ,PT,23,10,7,1610,45,534,45,Low Movement,0
QH-414650,UN,CJ,PT,23,6,6,828,479,6829,479,Medium Movement,0
QH-415451,UN,CJ,PT,13,7,3,273,212,2708,212,Medium Movement,0
QH-418753,UN,CJ,PT,14,7,4,392,267,3615,267,Medium Movement,0
QH-410171,UN,CJ,PT,13,7,3,273,428,5200,428,Medium Movement,0
QH-421353,UN,CJ,PT,5,17,20,1700,514,16505,514,Medium Movement,0
QH-421360,UN,CJ,PT,26,7,20,3640,412,8022,412,Medium Movement,0
QH-423591,EX,CJ,PT,4,8,29,928,373,893,373,Medium Movement,0
QH-423508,EX,CJ,PT,4,8,29,928,2635,11321,2635,High Movement,1
QH-420489,UN,CJ,PT,20,4,7,560,131,1696,131,Low Movement,0
QH-420936,UN,CJ,PT,7,30,26,5460,2080,62923,2080,High Movement,1
QH-431201,UN,CJ,PT,1,1,1,1,207,2886,207,Medium Movement,0
QH-431324,UN,CJ,PT,1,1,1,1,230,3078,230,Medium Movement,0
QH-431089,UN,CJ,PT,1,1,1,1,132,1734,132,Low Movement,0
QH-431096,UN,CJ,PT,1,1,1,1,153,1979,153,Medium Movement,0
QH-432888,UN,CJ,PT,1,1,1,1,242,3253,242,Medium Movement,0
QH-432963,UN,CJ,PT,29,7,9,1827,2454,42299,2454,High Movement,1
QH-432970,UN,CJ,PT,1,1,1,1,1174,8786,1174,High Movement,1
QH-433837,UN,CJ,PT,14,3,5,210,1349,8713,1349,High Movement,1
QH-433847,UN,CJ,PT,1,1,1,1,350,1748,350,Medium Movement,0
QH-456341,UN,CJ,PT,23,5,5,575,157,2232,157,Medium Movement,0
QH-456747,EX,CJ,PT,1,1,1,1,2046,14883,2046,High Movement,1
QH-457140,UN,CJ,PT,22,4,8,704,27,396,27,Low Movement,0
QH-457164,UN,CJ,PT,24,10,6,1440,65,1044,65,Low Movement,0
QH-450257,UN,CJ,PT,1,1,1,1,214,2425,214,Medium Movement,0
QH-450943,UN,CJ,PT,1,1,1,1,129,1492,129,Low Movement,0
QH-450950,UN,CJ,PT,1,1,1,1,152,1706,152,Medium Movement,0
QH-462328,UN,CJ,PT,18,4,6,432,79,1437,79,Low Movement,0
QH-462441,UN,CJ,PT,22,5,7,770,206,3061,206,Medium Movement,0
QH-462774,UN,CJ,PT,29,7,9,1827,2727,37383,2727,High Movement,1
QH-466163,EX,CJ,PT,28,13,2,728,113,835,113,Low Movement,0
QH-466170,UN,CJ,PT,18,5,5,450,37,408,37,Low Movement,0
QH-466101,UN,CJ,PT,24,10,6,1440,20,195,20,Low Movement,0
QH-466234,UN,CJ,PT,1,1,1,1,114,1721,114,Low Movement,0
QH-466258,UN,CJ,PT,24,12,11,3168,83,1056,83,Low Movement,0
QH-466659,EX,CJ,PT,2,13,28,728,444,1224,444,Medium Movement,0
QH-472822,UN,CJ,PT,24,10,6,1440,22,239,22,Low Movement,0
QH-489810,EX,CJ,PT,2,13,28,728,1612,3938,1612,High Movement,1
QH-401348,UN,CJ,PT,1,1,1,1,6,150,6,Low Movement,0
QH-401389,UN,CJ,PT,1,1,1,1,6,150,6,Low Movement,0
QH-405023,UN,CJ,PT,22,7,4,616,483,6162,483,Medium Movement,0
QH-407517,UN,CJ,PT,23,8,6,1104,105,1075,105,Low Movement,0
QH-407524,UN,CJ,PT,19,4,7,532,145,1358,145,Low Movement,0
QH-408210,UN,CJ,PT,1,1,1,1,1886,38440,1886,High Movement,1
QH-408098,UN,CJ,PT,1,1,1,1,164,2075,164,Medium Movement,0
QH-408005,UN,CJ,PT,1,1,1,1,158,1989,158,Medium Movement,0
QH-400986,UN,CJ,PT,1,1,1,1,673,23120,673,High Movement,0
QH-400993,UN,CJ,PT,23,7,14,2254,534,11049,534,Medium Movement,0
QH-400900,UN,CJ,PT,1,1,1,1,56,1216,56,Low Movement,0
QH-400016,UN,CJ,PT,13,32,20,8320,333,3440,333,Medium Movement,0
QH-400023,UN,CJ,PT,1,1,1,1,823,27981,823,High Movement,0
QH-400030,UN,CJ,PT,26,11,8,2288,588,12500,588,Medium Movement,0
QH-400047,UN,CJ,PT,1,1,1,1,512,12715,512,Medium Movement,0
QH-400054,UN,CJ,PT,6,32,40,7680,607,5832,607,Medium Movement,0
QH-527927,UN,CJ,PT,33,10,19,6270,2301,20770,2301,High Movement,1
QH-566872,UN,CJ,PT,16,29,6,2784,3356,111049,3356,High Movement,3
QH-568807,UN,CJ,PT,22,5,7,770,214,2610,214,Medium Movement,0
QH-568937,UN,CJ,PT,21,5,7,735,131,1541,131,Low Movement,0
QH-506816,UN,CJ,PT,8,10,10,800,334,4123,334,Medium Movement,0
QH-507509,UN,CJ,PT,23,5,8,920,6,60,6,Low Movement,0
QH-507057,UN,CJ,PT,15,8,5,600,143,2294,143,Low Movement,0
QH-508153,UN,CJ,PT,1,1,1,1,153,2758,153,Medium Movement,0
QH-500463,UN,CJ,PT,1,1,1,1,29,477,29,Low Movement,0
QH-500494,UN,CJ,PT,1,1,1,1,3,16,3,Low Movement,0
QH-500531,UN,CJ,PT,16,29,6,2784,1857,50709,1857,High Movement,1
QH-610211,UN,CJ,PT,41,33,11,14883,11,84,11,Low Movement,0
QH-818798,UN,CJ,PT,18,4,6,432,33,386,33,Low Movement,0
QH-827905,UN,CJ,PT,22,6,6,792,139,4162,139,Low Movement,0
QH-832220,UN,CJ,PT,18,4,6,432,1353,19940,1353,High Movement,1
QH-832244,UN,CJ,PT,23,6,8,1104,805,12076,805,High Movement,0
QH-832268,UN,CJ,PT,29,7,9,1827,128,1339,128,Low Movement,0
QH-832305,UN,CJ,PT,18,6,5,540,1264,19046,1264,High Movement,1
QH-832428,UN,CJ,PT,22,5,7,770,697,10673,697,High Movement,0
QH-832442,UN,CJ,PT,23,10,6,1380,66,661,66,Low Movement,0
QH-833563,UN,CJ,PT,13,7,3,273,82,1249,82,Low Movement,0
QH-847781,UN,CJ,PT,22,7,4,616,3,34,3,Low Movement,0
QH-851320,UN,CJ,PT,8,10,10,800,486,6541,486,Medium Movement,0
QH-855666,UN,CJ,PT,1,1,1,1,882,17170,882,High Movement,0
QH-856684,UN,CJ,PT,1,1,1,1,5234,262171,5234,High Movement,3
QH-864161,UN,CJ,PT,17,6,6,612,1188,55853,1188,High Movement,1
QH-864178,UN,CJ,PT,14,5,5,350,4316,174237,4316,High Movement,3
QH-801364,UN,CJ,PT,11,7,7,539,46,590,46,Low Movement,0
QH-914772,EX,CJ,PT,2,12,29,696,865,7004,865,High Movement,0
QH-914895,EX,CJ,PT,2,13,28,728,203,389,203,Medium Movement,0
QH-916691,UN,CJ,PT,24,10,6,1440,25,267,25,Low Movement,0
QH-916721,UN,CJ,PT,22,6,6,792,1,1,1,Low Movement,0
QH-919164,UN,CJ,PT,1,1,1,1,200,3396,200,Medium Movement,0
QH-921195,UN,CJ,PT,21,32,11,7392,68,2332,68,Low Movement,0
QH-934150,UN,CJ,PT,10,12,14,1680,70,548,70,Low Movement,0
QH-945385,UN,CJ,PT,22,6,13,1716,112,1001,112,Low Movement,0
QH-945736,UN,CJ,PT,25,9,8,1800,52,400,52,Low Movement,0
QH-948357,UN,CJ,PT,23,5,6,690,556,8029,556,Medium Movement,0
QH-948364,UN,CJ,PT,19,5,5,475,1,12,1,Low Movement,0
QH-940252,UN,CJ,PT,1,1,1,1,183,2130,183,Medium Movement,0
QH-940283,UN,CJ,PT,13,6,5,390,682,8751,682,High Movement,0
QH-940313,UN,CJ,PT,13,7,3,273,362,4903,362,Medium Movement,0
QH-940320,UN,CJ,PT,13,5,5,325,561,6895,561,Medium Movement,0
QH-940344,UN,CJ,PT,13,7,3,273,637,8442,637,High Movement,0
QH-940009,EX,CJ,PT,14,25,2,700,428,1055,428,Medium Movement,0
QH-951111,UN,CJ,PT,19,4,6,456,831,12012,831,High Movement,0
QH-951135,UN,CJ,PT,22,5,7,770,494,6838,494,Medium Movement,0
QH-951159,UN,CJ,PT,23,7,10,1610,117,1668,117,Low Movement,0
QH-951678,UN,CJ,PT,18,4,6,432,743,11088,743,High Movement,0
QH-951692,UN,CJ,PT,22,5,7,770,384,5398,384,Medium Movement,0
QH-951715,UN,CJ,PT,23,10,7,1610,52,918,52,Low Movement,0
QH-951722,EX,CJ,PT,3,9,30,810,40,371,40,Low Movement,0
QH-951739,UN,CJ,PT,23,5,6,690,413,5640,413,Medium Movement,0
QH-953397,UN,CJ,PT,21,24,14,7056,20,271,20,Low Movement,0
QH-956888,UN,CJ,PT,13,7,4,364,22,139,22,Low Movement,0
QH-975858,UN,CJ,PT,19,5,5,475,147,1525,147,Low Movement,0
QH-975865,UN,CJ,PT,19,5,5,475,141,1989,141,Low Movement,0
QH-975889,UN,CJ,PT,19,5,5,475,183,2336,183,Medium Movement,0
QH-977418,UN,CJ,PT,24,12,11,3168,91,1039,91,Low Movement,0
QH-977401,UN,CJ,PT,24,12,11,3168,68,884,68,Low Movement,0
QH-984294,UN,CJ,PT,12,12,4,576,3,18,3,Low Movement,0
QH-984416,UN,CJ,PT,17,5,5,425,112,1091,112,Low Movement,0
QH-984812,UN,CJ,PT,1,1,1,1,464,2106,464,Medium Movement,0
QH-985404,UN,CJ,PT,21,29,13,7917,8,42,8,Low Movement,0
QH-993685,UN,CJ,PT,1,1,1,1,218,1128,218,Medium Movement,0
QH-994536,UN,CJ,PT,1,1,1,1,106,1618,106,Low Movement,0
QH-995465,UN,CJ,PT,1,1,1,1,161,2523,161,Medium Movement,0
QH-996226,UN,CJ,PT,1,1,1,1,101,1632,101,Low Movement,0
QH-996264,UN,CJ,PT,1,1,1,1,184,2717,184,Medium Movement,0
QH-996202,UN,CJ,PT,1,1,1,1,173,2391,173,Medium Movement,0
QH-996363,UN,CJ,PT,1,1,1,1,186,3083,186,Medium Movement,0
QH-996967,UN,CJ,PT,1,1,1,1,166,2290,166,Medium Movement,0
QH-904599,UN,CJ,PT,24,13,11,3432,6,66,6,Low Movement,0
QH-905572,EX,CJ,PT,2,13,28,728,734,2428,734,High Movement,0
QH-905596,UN,CJ,PT,19,4,7,532,14,360,14,Low Movement,0
QH-905503,UN,CJ,PT,23,5,24,2760,107,1458,107,Low Movement,0
QH-905626,UN,CJ,PT,24,10,6,1440,116,1178,116,Low Movement,0
QH-909990,UN,CJ,PT,1,1,1,1,328,3773,328,Medium Movement,0
QH-900140,UN,CJ,PT,1,1,1,1,575,7677,575,Medium Movement,0
QH-015194,UN,CJ,PT,42,33,11,15246,180,2654,180,Medium Movement,0
QH-015107,UN,CJ,PT,22,7,4,616,177,2145,177,Medium Movement,0
QH-015220,UN,CJ,PT,23,6,6,828,131,1348,131,Low Movement,0
QH-015466,UN,CJ,PT,22,7,4,616,1,12,1,Low Movement,0
QH-015633,UN,CJ,PT,23,6,6,828,226,3067,226,Medium Movement,0
QH-017583,UN,CJ,PT,29,7,10,2030,2902,39447,2902,High Movement,1
QH-010007,UN,CJ,PT,31,21,13,8463,180,3027,180,Medium Movement,0
QH-027676,EX,CJ,PT,9,6,10,540,4838,54255,4838,High Movement,3
QH-044604,UN,CJ,PT,1,1,1,1,227,3359,227,Medium Movement,0
QH-044606,UN,CJ,PT,1,1,1,1,151,1519,151,Medium Movement,0
QH-052175,UN,CJ,PT,21,11,21,4851,130,3852,130,Low Movement,0
QH-052267,UN,CJ,PT,42,31,11,14322,137,2534,137,Low Movement,0
QH-067148,UN,CJ,PT,10,11,11,1210,95,15110,95,Low Movement,0
QH-003213,UN,CJ,PT,13,7,3,273,318,3538,318,Medium Movement,0
QH-003244,UN,CJ,PT,19,5,5,475,257,2753,257,Medium Movement,0
QH-003275,UN,CJ,PT,19,5,5,475,217,2475,217,Medium Movement,0
QH-003206,UN,CJ,PT,19,5,5,475,294,3445,294,Medium Movement,0
S2-116915,UN,CJ,PT,13,8,8,832,18,197,18,Low Movement,0
S2-124798,UN,CJ,PT,17,9,9,1377,2,6,2,Low Movement,0
S2-149111,UN,CJ,PT,1,1,1,1,3,30,3,Low Movement,0
S2-320305,UN,CJ,PT,115,8,8,7360,40,616,40,Low Movement,0
S2-320411,UN,CJ,PT,15,8,8,960,39,770,39,Low Movement,0
S2-320428,UN,CJ,PT,17,9,9,1377,23,307,23,Low Movement,0
S2-320442,UN,CJ,PT,17,9,9,1377,19,309,19,Low Movement,0
S8-11276,UN,CJ,PT,28,4,7,784,85,1906,85,Low Movement,0
S8-21661,UN,CJ,PT,4,18,6,432,45,3029,45,Low Movement,0
S8-21785,UN,CJ,PT,4,24,14,1344,201,9255,201,Medium Movement,0
S8-21780,UN,CJ,PT,4,24,14,1344,102,5083,102,Low Movement,0
S8-21918,UN,CJ,PT,5,31,14,2170,102,3617,102,Low Movement,0
S8-22160,UN,CJ,PT,22,6,6,792,276,10250,276,Medium Movement,0
S8-22171,UN,CJ,PT,7,22,40,6160,116,1224,116,Low Movement,0
S8-22979,UN,CJ,PT,5,31,14,2170,6,60,6,Low Movement,0
S8-22981,UN,CJ,PT,5,31,14,2170,4,60,4,Low Movement,0
S8-81139,UN,CJ,PT,29,5,6,870,67,1804,67,Low Movement,0
S8-81146,UN,CJ,PT,29,4,8,928,39,1032,39,Low Movement,0
S8-81160,UN,CJ,PT,29,4,7,812,70,1837,70,Low Movement,0
S8A7121165,UN,CJ,PT,6,17,37,3774,282,4415,282,Medium Movement,0
S8A7121173,UN,CJ,PT,6,18,36,3888,333,7201,333,Medium Movement,0
T2-13126,UN,CJ,PT,8,15,6,720,554,15898,554,Medium Movement,0
T2-13565,UN,CJ,PT,14,4,11,616,356,11154,356,Medium Movement,0
T2-13570,UN,CJ,PT,16,7,7,784,256,7914,256,Medium Movement,0
T2-3801,UN,CJ,PT,15,10,10,1500,188,3094,188,Medium Movement,0
T2-44475,UN,CJ,PT,4,20,11,880,46,353,46,Low Movement,0
T2-44775,UN,CJ,PT,4,20,11,880,42,298,42,Low Movement,0
T2-5413681,UN,CJ,PT,17,11,7,1309,392,9899,392,Medium Movement,0
T2-64775,UN,CJ,PT,4,20,11,880,4,27,4,Low Movement,0
T2-99545,UN,CJ,PT,4,20,11,880,6,28,6,Low Movement,0
T2-99945,UN,CJ,PT,6,21,7,882,23,162,23,Low Movement,0
T2-99045,UN,CJ,PT,1,1,1,1,17,127,17,Low Movement,0
T202441190,UN,CJ,PT,5,6,15,450,714,27092,714,High Movement,0
T2-04175,UN,CJ,PT,4,20,11,880,9,68,9,Low Movement,0
T2-04475,UN,CJ,PT,4,20,11,880,3,15,3,Low Movement,0
T2-04485,UN,CJ,PT,1,1,1,1,2,14,2,Low Movement,0
T7-15411,UN,CJ,PT,16,7,7,784,363,5724,363,Medium Movement,0
T7-18864,UN,CJ,PT,1,1,1,1,4630,481119,4630,High Movement,3
T7-22155,UN,CJ,PT,17,7,7,833,686,12852,686,High Movement,0
T7-22157,UN,CJ,PT,16,7,7,784,859,14871,859,High Movement,0
T7-99672,UN,CJ,PT,16,7,7,784,3631,185349,3631,High Movement,3
T8-14729,UN,CJ,PT,15,7,7,735,2311,72584,2311,High Movement,1
T8-14743,UN,CJ,PT,15,7,7,735,1879,53031,1879,High Movement,1
T8-15115,UN,CJ,PT,15,7,7,735,1901,52514,1901,High Movement,1
T8-62113,UN,CJ,PT,1,1,1,1,79,1965,79,Low Movement,0
T8-62114,UN,CJ,PT,1,1,1,1,78,1964,78,Low Movement,0
T9-14328,UN,CJ,PT,1,1,1,1,10,80,10,Low Movement,0
T9-143528,UN,CJ,PT,10,8,5,400,772,11510,772,High Movement,0
T9-143535,UN,CJ,PT,10,5,11,550,878,14891,878,High Movement,0
T9-14355,UN,CJ,PT,1,1,1,1,45,1630,45,Low Movement,0
T9-143566,UN,CJ,PT,14,8,3,336,538,26978,538,Medium Movement,0
T9-14302,UN,CJ,PT,14,13,7,1274,435,11271,435,Medium Movement,0
T9-143030,UN,CJ,PT,19,19,6,2166,83,1725,83,Low Movement,0
T9-144389,UN,PT, ,17,8,29,3944,129,8736,129,Low Movement,0
T9-145294,UN,CJ,PT,8,7,6,336,3433,165214,3433,High Movement,3
T9-145379,UN,CJ,PT,26,6,16,2496,129,1328,129,Low Movement,0
T9-14670,UN,CJ,PT,18,5,6,540,1138,20610,1138,High Movement,1
T9-14686,UN,CJ,PT,17,12,8,1632,730,174449,730,High Movement,0
T9-14724,UN,CJ,PT,9,9,10,810,1,0,1,Low Movement,0
T9-14746,EX,CJ,PT,33,9,10,2970,9,56,9,Low Movement,0
T9-14765,UN,CJ,PT,15,7,6,630,874,35250,874,High Movement,0
T9-14771,UN,CJ,PT,13,6,16,1248,402,19284,402,Medium Movement,0
T9-14772,UN,CJ,PT,1,1,1,1,359,14227,359,Medium Movement,0
T9-14776,UN,CJ,PT,13,12,6,936,560,17873,560,Medium Movement,0
T9-14779,UN,CJ,PT,1,1,1,1,405,17494,405,Medium Movement,0
T9-14882,UN,CJ,PT,1,1,1,1,42,1823,42,Low Movement,0
T9-17962,UN,CJ,PT,1,1,1,1,44,1958,44,Low Movement,0
T9-17902,UN,CJ,PT,1,1,1,1,52,2048,52,Low Movement,0
T9-23745,UN,PT, ,21,14,25,7350,33,4480,33,Low Movement,0
T9-32338,UN,CJ,PT,14,7,8,784,14,787,14,Low Movement,0
T9-32353,UN,CJ,PT,10,11,5,550,20,1056,20,Low Movement,0
T9-32416,UN,CJ,PT,12,7,4,336,3151,108696,3151,High Movement,1
T9-32434,UN,CJ,PT,19,7,14,1862,55,32736,55,Low Movement,0
T9-32461,UN,PT, ,15,12,17,3060,55,2992,55,Low Movement,0
T9-32460,UN,PT, ,14,1,1,14,113,6090,113,Low Movement,0
T9-32489,UN,CJ,PT,1,1,1,1,298,12603,298,Medium Movement,0
T9-32552,UN,PT, ,1,1,1,1,13,3170,13,Low Movement,0
T9-32584,UN,PT, ,1,1,1,1,82,1552,82,Low Movement,0
T9-32678,UN,PT, ,1,1,1,1,18,2497,18,Low Movement,0
T9-37420,UN,CJ,PT,17,8,8,1088,2424,105191,2424,High Movement,1
T9-37431,UN,CJ,PT,16,9,7,1008,23,915,23,Low Movement,0
T9-37819,UN,CJ,PT,15,8,7,840,5264,358944,5264,High Movement,3
T9-37810,UN,CJ,PT,16,8,8,1024,1513,53715,1513,High Movement,1
T9-41241,UN,CJ,PT,14,7,6,588,860,41067,860,High Movement,0
T9-45645,UN,CJ,PT,17,9,8,1224,1068,19318,1068,High Movement,1
T9-45652,UN,CJ,PT,15,4,10,600,414,9505,414,Medium Movement,0
T9-45669,UN,CJ,PT,16,5,11,880,474,11115,474,Medium Movement,0
T9-45843,UN,CJ,PT,21,10,9,1890,825,15793,825,High Movement,0
T9-45850,UN,CJ,PT,11,18,48,9504,3465,70886,3465,High Movement,3
T9-45966,UN,CJ,PT,13,9,8,936,1364,21233,1364,High Movement,1
T9-46765,UN,CJ,PT,17,8,8,1088,1683,41070,1683,High Movement,1
T9-47601,UN,CJ,PT,24,20,8,3840,2077,83569,2077,High Movement,1
T9-47731,UN,CJ,PT,11,14,8,1232,3039,106382,3039,High Movement,1
T9-48127,UN,CJ,PT,1,1,1,1,261,5630,261,Medium Movement,0
T9-52411,UN,PT, ,1,1,1,1,29,847,29,Low Movement,0
T9-52412,UN,PT, ,1,1,1,1,66,1247,66,Low Movement,0
T9-52417,UN,PT, ,1,1,1,1,242,4474,242,Medium Movement,0
T9-74143,UN,CJ,PT,13,12,6,936,599,15488,599,Medium Movement,0
T9-741461,UN,CJ,PT,9,15,8,1080,4765,89267,4765,High Movement,3
T9-741521,UN,CJ,PT,10,7,6,420,2363,64003,2363,High Movement,1
T9-741531,UN,CJ,PT,10,7,6,420,2101,83473,2101,High Movement,1
T9-74172,UN,CJ,PT,11,9,8,792,2221,35149,2221,High Movement,1
T9-77022,UN,CJ,PT,20,10,7,1400,1184,39586,1184,High Movement,1
T9-78196-3,UN,PT, ,10,8,5,400,59,542,59,Low Movement,0
T979221412,UN,CJ,PT,10,9,8,720,3818,91029,3818,High Movement,3
T979221403,UN,CJ,PT,24,20,8,3840,872,2261,872,High Movement,0
T979221511,UN,CJ,PT,14,11,8,1232,6681,931908,6681,High Movement,3
T979221537,UN,CJ,PT,12,10,10,1200,4777,131824,4777,High Movement,3
T979221545,UN,CJ,PT,11,10,10,1100,2757,70680,2757,High Movement,1
T979221578,UN,CJ,PT,10,9,9,810,3426,85690,3426,High Movement,3
T979221586,UN,CJ,PT,15,6,6,540,2588,101342,2588,High Movement,1
T979221700,UN,CJ,PT,19,6,10,1140,350,10586,350,Medium Movement,0
T979221826,UN,CJ,PT,9,8,8,576,3056,57998,3056,High Movement,1
T979221834,UN,CJ,PT,10,9,9,810,3124,61044,3124,High Movement,1
T979221842,UN,CJ,PT,11,10,10,1100,4491,99270,4491,High Movement,3
T979221891,UN,CJ,PT,13,9,8,936,1538,52159,1538,High Movement,1
T979221809,UN,CJ,PT,19,12,8,1824,3292,171715,3292,High Movement,3
T979221925,UN,CJ,PT,23,21,8,3864,1840,27420,1840,High Movement,1
T979221959,UN,CJ,PT,15,4,10,600,1924,43398,1924,High Movement,1
T979221950,UN,CJ,PT,14,10,8,1120,2375,43121,2375,High Movement,1
TU-10329,UN,CJ,PT,1,1,1,1,44,1404,44,Low Movement,0
TU-10320,UN,CJ,PT,1,1,1,1,39,894,39,Low Movement,0
TU-10559,UN,CJ,PT,17,5,11,935,30,1669,30,Low Movement,0
TU-10550,UN,CJ,PT,17,5,11,935,27,1088,27,Low Movement,0
TU-10562,UN,CJ,PT,17,5,11,935,40,1992,40,Low Movement,0
U2-11135,UN,CJ,PT,10,6,6,360,116,6228,116,Low Movement,0
U2-11233,UN,CJ,PT,12,7,7,588,63,2814,63,Low Movement,0
U2-21155,UN,CJ,PT,12,6,4,288,175,8453,175,Medium Movement,0
U2-22228,UN,CJ,PT,9,9,24,1944,111,1379,111,Low Movement,0
U2-22229,UN,CJ,PT,9,8,24,1728,109,2329,109,Low Movement,0
U2-22233,UN,CJ,PT,9,8,24,1728,146,1953,146,Low Movement,0
U2-22256,UN,CJ,PT,15,9,9,1215,79,1724,79,Low Movement,0
U2-2520,UN,CJ,PT,27,12,9,2916,1352,19123,1352,High Movement,1
U293681159,UN,CJ,PT,11,6,7,462,6931,365477,6931,High Movement,3
U293681174,UN,CJ,PT,25,10,11,2750,1965,26882,1965,High Movement,1
U293681224,UN,CJ,PT,30,13,16,6240,680,4903,680,High Movement,0
U293681497,UN,CJ,PT,12,6,4,288,378,20736,378,Medium Movement,0
U293681405,UN,CJ,PT,12,6,4,288,147,8816,147,Low Movement,0
U9-16275,UN,CJ,PT,1,1,1,1,33,332,33,Low Movement,0
U9-16340,UN,CJ,PT,19,22,16,6688,780,5925,780,High Movement,0
U9-16367,UN,CJ,PT,3,21,20,1260,162,5391,162,Medium Movement,0
U9-16371,UN,CJ,PT,4,22,19,1672,171,5267,171,Medium Movement,0
U9-32491,UN,CJ,PT,18,35,24,15120,122,8640,122,Low Movement,0
U9-32492,UN,CJ,PT,37,18,28,18648,242,13560,242,Medium Movement,0
U9-32687,UN,PT, ,1,1,1,1,13,144,13,Low Movement,0
U9-39615,UN,CJ,PT,20,28,5,2800,135,8040,135,Low Movement,0
U9-39616,UN,CJ,PT,39,29,19,21489,48,2522,48,Low Movement,0
U9-39617,UN,CJ,PT,20,28,39,21840,139,7710,139,Low Movement,0
U9-39618,UN,CJ,PT,19,26,41,20254,42,2416,42,Low Movement,0
U9-61584,UN,CJ,PT,13,5,26,1690,1572,32433,1572,High Movement,1
U9-62109,UN,CJ,PT,7,17,7,833,804,18758,804,High Movement,0
U9-62260,UN,CJ,PT,19,21,30,11970,1572,15197,1572,High Movement,1
U9-62277,UN,CJ,PT,26,22,18,10296,1762,17572,1762,High Movement,1
U9-62512,UN,CJ,PT,29,9,51,13311,859,6902,859,High Movement,0
U9-62628,UN,CJ,PT,22,26,18,10296,1178,10459,1178,High Movement,1
U9-62635,UN,CJ,PT,20,25,18,9000,1202,10558,1202,High Movement,1
U9-741151,UN,CJ,PT,18,36,24,15552,1237,10062,1237,High Movement,1
U9-761131,UN,CJ,PT,19,9,9,1539,1327,24589,1327,High Movement,1
U9-76159AA,UN,CJ,PT,16,9,19,2736,935,8886,935,High Movement,0
U9-7621AA,UN,CJ,PT,28,29,18,14616,1710,14948,1710,High Movement,1
U9-76221AA,UN,CJ,PT,15,14,19,3990,1141,13148,1141,High Movement,1
U979321228,UN,CJ,PT,36,24,30,25920,548,3002,548,Medium Movement,0
U979321236,UN,CJ,PT,37,29,30,32190,969,5551,969,High Movement,0
U979321252,UN,CJ,PT,10,9,8,720,880,18181,880,High Movement,0
U979321269,UN,CJ,PT,22,11,14,3388,1429,17042,1429,High Movement,1
U9-01627,UN,CJ,PT,1,1,1,1,27,332,27,Low Movement,0
U9-01651,UN,CJ,PT,20,22,16,7040,685,4980,685,High Movement,0
X2-11211,PK,CJ,PT,1,1,1,1,84,11174,84,Low Movement,0
X2-31190,UN,CJ,PT,28,12,12,4032,407,4996,407,Medium Movement,0
X2-313367,UN,CJ,PT,1,1,1,1,192,2268,192,Medium Movement,0
X2-313398,UN,CJ,PT,1,1,1,1,265,3059,265,Medium Movement,0
X2-42611,UN,CJ,PT,27,12,8,2592,572,6634,572,Medium Movement,0
X2-43411,UN,CJ,PT,16,7,7,784,2910,94249,2910,High Movement,1
X2-46561,UN,CJ,PT,19,8,8,1216,2395,45723,2395,High Movement,1
X2-54311,UN,CJ,PT,18,8,8,1152,470,7764,470,Medium Movement,0
X2-58911,UN,CJ,PT,15,6,6,540,237,3894,237,Medium Movement,0
X2-59211,UN,CJ,PT,17,8,8,1088,1438,26817,1438,High Movement,1
X292226164,UN,CJ,PT,15,6,6,540,3371,132624,3371,High Movement,3
X292626264,UN,CJ,PT,15,6,6,540,4067,142539,4067,High Movement,3
X292626272,UN,CJ,PT,15,6,7,630,2961,95014,2961,High Movement,1
X293696259,UN,CJ,PT,24,9,9,1944,44,600,44,Low Movement,0
X293696208,UN,CJ,PT,15,6,6,540,4899,210906,4899,High Movement,3
X293696415,UN,CJ,PT,27,12,10,3240,1176,15055,1176,High Movement,1
X293696563,UN,CJ,PT,27,12,8,2592,1416,18932,1416,High Movement,1
X293896354,UN,CJ,PT,10,6,6,360,971,37955,971,High Movement,0
X6-11214,EX,CJ,PT,4,23,9,828,1097,3166,1097,High Movement,1
X6-12328,EX,CJ,PT,17,7,8,952,312,1500,312,Medium Movement,0
X6-12320,EX,CJ,PT,18,5,10,900,352,1454,352,Medium Movement,0
X6-12335,EX,CJ,PT,18,7,8,1008,396,1638,396,Medium Movement,0
X6-12336,EX,CJ,PT,3,17,10,510,451,1822,451,Medium Movement,0
X6-12338,EX,CJ,PT,1,1,1,1,504,1920,504,Medium Movement,0
X6-12339,EX,CJ,PT,3,17,10,510,567,2049,567,Medium Movement,0
X6-124205,EX,CJ,PT,9,10,10,900,1147,5516,1147,High Movement,1
X6-124311,EX,CJ,PT,14,8,10,1120,1127,5346,1127,High Movement,1
X6-124427,EX,CJ,PT,14,8,9,1008,1070,5066,1070,High Movement,1
X6-124403,EX,CJ,PT,14,8,9,1008,1454,6536,1454,High Movement,1
X6-124540,EX,CJ,PT,14,8,10,1120,1054,4400,1054,High Movement,1
X6-124588,EX,CJ,PT,14,8,9,1008,1409,6286,1409,High Movement,1
X6-129521,EX,CJ,PT,1,1,1,1,178,1474,178,Medium Movement,0
X6-12988,EX,CJ,PT,1,1,1,1,865,3384,865,High Movement,0
X6-187163,EX,CJ,PT,1,1,1,1,190,1575,190,Medium Movement,0
X6-227135,EX,CJ,PT,1,1,1,1,256,2095,256,Medium Movement,0
X623014122,EX,CJ,PT,11,2,16,352,4028,25072,4028,High Movement,3
X623014130,EX,CJ,PT,11,3,16,528,6576,43562,6576,High Movement,3
X623014148,EX,CJ,PT,11,2,16,352,4123,22909,4123,High Movement,3
X623014163,EX,CJ,PT,12,2,16,384,6138,40437,6138,High Movement,3
X6-32174,EX,CJ,PT,22,4,9,792,2433,13574,2433,High Movement,1
X6-32378,EX,CJ,PT,11,2,16,352,1216,5149,1216,High Movement,1
X6-328317,UN,PT, ,1,1,1,1,552,1487,552,Medium Movement,0
X6-32846,EX,CJ,PT,22,4,9,792,1667,7533,1667,High Movement,1
X6-32849,EX,CJ,PT,11,2,16,352,954,2881,954,High Movement,0
X6-33135,EX,CJ,PT,9,10,10,900,797,2945,797,High Movement,0
X6-33145,EX,CJ,PT,9,10,10,900,1124,4825,1124,High Movement,1
X6-390217,EX,CJ,PT,1,1,1,1,113,701,113,Low Movement,0
X6-390013,EX,CJ,PT,1,1,1,1,104,910,104,Low Movement,0
XF-118390,UN,CJ,PT,18,7,10,1260,187,1287,187,Medium Movement,0
XF-118468,UN,CJ,PT,18,7,9,1134,372,2394,372,Medium Movement,0
XF-118475,UN,CJ,PT,19,8,10,1520,606,5295,606,Medium Movement,0
XF-118499,UN,CJ,PT,18,7,9,1134,450,3119,450,Medium Movement,0
XF-118406,UN,CJ,PT,18,7,9,1134,628,4445,628,High Movement,0
XF-118581,UN,CJ,PT,18,7,9,1134,320,1842,320,Medium Movement,0
XF-122328,UN,CJ,PT,17,3,5,255,63,376,63,Low Movement,0
XF-122380,UN,CJ,PT,17,3,5,255,28,180,28,Low Movement,0
XF-123363,UN,CJ,PT,17,3,5,255,373,2923,373,Medium Movement,0
XF-123301,UN,CJ,PT,17,3,5,255,188,1228,188,Medium Movement,0
XF-190402,UN,CJ,PT,17,3,5,255,549,3973,549,Medium Movement,0
XF-190525,UN,CJ,PT,17,3,5,255,114,880,114,Low Movement,0
XF-190532,UN,CJ,PT,17,3,5,255,475,3980,475,Medium Movement,0
XF-190549,UN,CJ,PT,17,3,5,255,101,595,101,Low Movement,0
XF-190556,UN,CJ,PT,17,3,5,255,303,2475,303,Medium Movement,0
XF-190563,UN,CJ,PT,17,3,5,255,287,2302,287,Medium Movement,0
XF-190587,UN,CJ,PT,17,3,5,255,157,1525,157,Medium Movement,0
XF-190594,UN,CJ,PT,17,3,5,255,626,5000,626,High Movement,0
XF-190501,UN,CJ,PT,17,3,5,255,347,2698,347,Medium Movement,0
XF-190617,UN,CJ,PT,17,3,5,255,91,658,91,Low Movement,0
XF-190631,UN,CJ,PT,17,4,4,272,415,3425,415,Medium Movement,0
XF-190648,UN,CJ,PT,17,3,5,255,518,3372,518,Medium Movement,0
XF-190655,UN,CJ,PT,17,3,5,255,538,4105,538,Medium Movement,0
XF-190679,UN,CJ,PT,17,3,5,255,352,2430,352,Medium Movement,0
XF-190686,UN,CJ,PT,17,3,5,255,82,535,82,Low Movement,0
XF-190693,UN,CJ,PT,17,3,5,255,181,1438,181,Medium Movement,0
XF-190600,UN,CJ,PT,17,3,5,255,273,2049,273,Medium Movement,0
XF-190716,UN,CJ,PT,17,3,5,255,88,521,88,Low Movement,0
XF-190730,UN,CJ,PT,17,3,5,255,171,1389,171,Medium Movement,0
XF-190754,UN,CJ,PT,17,3,5,255,99,682,99,Low Movement,0
XF-190778,UN,CJ,PT,17,3,5,255,102,622,102,Low Movement,0
XF-190785,UN,CJ,PT,17,3,5,255,257,2076,257,Medium Movement,0
XF-190792,UN,CJ,PT,17,3,5,255,172,1170,172,Medium Movement,0
XF-341729,UN,CJ,PT,18,7,9,1134,273,1741,273,Medium Movement,0
XF-342122,UN,CJ,PT,18,7,10,1260,398,2853,398,Medium Movement,0
XF-342146,UN,CJ,PT,18,6,10,1080,293,1757,293,Medium Movement,0
XF-342153,UN,CJ,PT,18,6,10,1080,436,2929,436,Medium Movement,0
XF-342184,UN,CJ,PT,18,7,10,1260,302,1920,302,Medium Movement,0
XF-342108,UN,CJ,PT,19,8,10,1520,463,3030,463,Medium Movement,0
XF-342214,UN,CJ,PT,18,7,9,1134,396,2524,396,Medium Movement,0
XF-342221,UN,CJ,PT,18,7,9,1134,293,1770,293,Medium Movement,0
XF-342238,UN,CJ,PT,17,6,10,1020,481,3118,481,Medium Movement,0
XF-342245,UN,CJ,PT,18,6,9,972,447,2572,447,Medium Movement,0
XF-342269,UN,CJ,PT,18,7,10,1260,528,3489,528,Medium Movement,0
XF-342276,UN,CJ,PT,18,7,9,1134,400,3082,400,Medium Movement,0
XF-342290,UN,CJ,PT,18,7,10,1260,215,1326,215,Medium Movement,0
XF-342313,UN,CJ,PT,18,6,9,972,306,1823,306,Medium Movement,0
XF-342320,UN,CJ,PT,18,7,9,1134,202,1231,202,Medium Movement,0
XF-342344,UN,CJ,PT,18,7,9,1134,304,1851,304,Medium Movement,0
XF-342351,UN,CJ,PT,19,8,10,1520,110,562,110,Low Movement,0
XF-342368,UN,CJ,PT,18,7,10,1260,142,881,142,Low Movement,0
XF-342382,UN,CJ,PT,18,7,10,1260,120,961,120,Low Movement,0
XF-342399,UN,CJ,PT,17,7,10,1190,382,2392,382,Medium Movement,0
XF-342306,UN,CJ,PT,18,6,9,972,436,2952,436,Medium Movement,0
XF-342412,UN,CJ,PT,18,6,10,1080,543,3452,543,Medium Movement,0
XF-377124,UN,CJ,PT,19,8,10,1520,324,2237,324,Medium Movement,0
XF-370354,UN,CJ,PT,18,6,10,1080,242,1764,242,Medium Movement,0
XF-370361,UN,CJ,PT,18,6,9,972,282,2034,282,Medium Movement,0
XF-381725,UN,CJ,PT,18,6,10,1080,518,3390,518,Medium Movement,0
XF-381749,UN,CJ,PT,18,6,10,1080,623,4384,623,High Movement,0
XF-381770,UN,CJ,PT,18,6,9,972,361,2181,361,Medium Movement,0
XF-381787,UN,CJ,PT,18,6,10,1080,583,4093,583,Medium Movement,0
XF-381794,UN,CJ,PT,19,8,10,1520,412,2968,412,Medium Movement,0
XF-381817,UN,CJ,PT,19,8,10,1520,493,3394,493,Medium Movement,0
XF-381831,UN,CJ,PT,18,6,10,1080,300,1952,300,Medium Movement,0
XF-381848,UN,CJ,PT,18,6,10,1080,833,6216,833,High Movement,0
XF-381862,UN,CJ,PT,18,7,9,1134,629,4148,629,High Movement,0
XF-385860,UN,CJ,PT,18,7,9,1134,398,2749,398,Medium Movement,0
XF-388441,UN,CJ,PT,14,5,5,350,865,20757,865,High Movement,0
XF-388458,UN,CJ,PT,14,5,5,350,1092,28158,1092,High Movement,1
XF-380223,UN,CJ,PT,18,7,9,1134,295,2292,295,Medium Movement,0
XF-380377,UN,CJ,PT,18,7,10,1260,111,684,111,Low Movement,0
XF-380384,UN,CJ,PT,18,7,10,1260,158,916,158,Medium Movement,0
XF-380520,UN,CJ,PT,18,7,9,1134,419,2663,419,Medium Movement,0
XF-380537,UN,CJ,PT,18,6,9,972,398,2580,398,Medium Movement,0
XF-395050,UN,CJ,PT,19,8,10,1520,619,4216,619,Medium Movement,0
XF-511946,UN,CJ,PT,18,7,10,1260,91,779,91,Low Movement,0
XF-511953,UN,CJ,PT,19,8,10,1520,105,585,105,Low Movement,0
XF-562584,UN,CJ,PT,19,8,10,1520,71,385,71,Low Movement,0
XF-562591,UN,CJ,PT,18,6,10,1080,73,362,73,Low Movement,0
XF-562508,UN,CJ,PT,18,7,10,1260,24,95,24,Low Movement,0
XF-562614,UN,CJ,PT,18,6,10,1080,62,363,62,Low Movement,0
XF-562621,UN,CJ,PT,18,6,9,972,26,146,26,Low Movement,0
XF-562638,UN,CJ,PT,18,6,10,1080,19,114,19,Low Movement,0
XF-562669,UN,CJ,PT,18,6,9,972,23,105,23,Low Movement,0
XF-562690,UN,CJ,PT,18,7,10,1260,20,112,20,Low Movement,0
XF-562713,UN,CJ,PT,18,7,10,1260,23,114,23,Low Movement,0
XF-562737,UN,CJ,PT,18,6,9,972,65,411,65,Low Movement,0
XF-562744,UN,CJ,PT,18,7,9,1134,79,456,79,Low Movement,0
XF-562829,UN,CJ,PT,18,7,10,1260,55,358,55,Low Movement,0
XF-566261,UN,CJ,PT,18,7,9,1134,165,975,165,Medium Movement,0
XF-574181,UN,CJ,PT,17,3,5,255,26,181,26,Low Movement,0
XF-574198,UN,CJ,PT,17,3,5,255,43,270,43,Low Movement,0
XF-574105,UN,CJ,PT,17,3,5,255,1,0,1,Low Movement,0
XF-022754,UN,CJ,PT,17,3,5,255,29,173,29,Low Movement,0
XQ-1196,UN,CJ,PT,3,21,8,504,137,3109,137,Low Movement,0
XQ-1247,EX,CJ,PT,16,19,14,4256,203,359,203,Medium Movement,0
XQ-1417,EX,CJ,PT,13,21,18,4914,1,1,1,Low Movement,0
XQ-1418,EX,CJ,PT,12,21,18,4536,159,454,159,Medium Movement,0
XQ-1470,EX,CJ,PT,22,15,11,3630,687,1145,687,High Movement,0
XQ-1623,UN,CJ,PT,22,5,13,1430,173,1950,173,Medium Movement,0
XQ-2063,UN,CJ,PT,22,12,6,1584,205,2445,205,Medium Movement,0
XQ-4364,UN,CJ,PT,22,12,6,1584,157,1925,157,Medium Movement,0
XQ-4371,UN,CJ,PT,22,12,6,1584,96,1301,96,Low Movement,0
XQ-4425,EX,CJ,PT,22,15,11,3630,569,948,569,Medium Movement,0
XQ-4449,EX,CJ,PT,22,15,11,3630,400,671,400,Medium Movement,0
XQ-4470,EX,CJ,PT,13,21,18,4914,178,463,178,Medium Movement,0
XQ-4562,EX,CJ,PT,22,15,11,3630,729,1280,729,High Movement,0
